Date,Fiscal_Year,Brand_Model,Metric_Type,Units
2021-07-01,2021-22,BAIC BJ40L ,Prod,6
2021-07-01,2021-22,BAIC BJ40L ,Sale,0
2021-08-01,2021-22,BAIC BJ40L ,Prod,6
2021-08-01,2021-22,BAIC BJ40L ,Sale,1
2021-09-01,2021-22,BAIC BJ40L ,Prod,14
2021-09-01,2021-22,BAIC BJ40L ,Sale,3
2021-10-01,2021-22,BAIC BJ40L ,Prod,9
2021-10-01,2021-22,BAIC BJ40L ,Sale,21
2021-11-01,2021-22,BAIC BJ40L ,Prod,1
2021-11-01,2021-22,BAIC BJ40L ,Sale,3
2021-12-01,2021-22,BAIC BJ40L ,Prod,0
2021-12-01,2021-22,BAIC BJ40L ,Sale,0
2022-01-01,2021-22,BAIC BJ40L ,Prod,7
2022-01-01,2021-22,BAIC BJ40L ,Sale,11
2022-02-01,2021-22,BAIC BJ40L ,Prod,42
2022-02-01,2021-22,BAIC BJ40L ,Sale,42
2022-03-01,2021-22,BAIC BJ40L ,Prod,73
2022-03-01,2021-22,BAIC BJ40L ,Sale,71
2022-04-01,2021-22,BAIC BJ40L ,Prod,112
2022-04-01,2021-22,BAIC BJ40L ,Sale,103
2022-05-01,2021-22,BAIC BJ40L ,Prod,83
2022-05-01,2021-22,BAIC BJ40L ,Sale,73
2022-06-01,2021-22,BAIC BJ40L ,Prod,91
2022-06-01,2021-22,BAIC BJ40L ,Sale,114
2022-07-01,2022-23,BAIC BJ40L ,Prod,23
2022-07-01,2022-23,BAIC BJ40L ,Sale,5
2022-08-01,2022-23,BAIC BJ40L ,Prod,16
2022-08-01,2022-23,BAIC BJ40L ,Sale,21
2022-09-01,2022-23,BAIC BJ40L ,Prod,24
2022-09-01,2022-23,BAIC BJ40L ,Sale,10
2022-10-01,2022-23,BAIC BJ40L ,Prod,5
2022-10-01,2022-23,BAIC BJ40L ,Sale,13
2022-11-01,2022-23,BAIC BJ40L ,Prod,1
2022-11-01,2022-23,BAIC BJ40L ,Sale,4
2022-12-01,2022-23,BAIC BJ40L ,Prod,20
2022-12-01,2022-23,BAIC BJ40L ,Sale,1
2023-01-01,2022-23,BAIC BJ40L ,Prod,11
2023-01-01,2022-23,BAIC BJ40L ,Sale,20
2023-02-01,2022-23,BAIC BJ40L ,Prod,2
2023-02-01,2022-23,BAIC BJ40L ,Sale,30
2023-03-01,2022-23,BAIC BJ40L ,Prod,17
2023-03-01,2022-23,BAIC BJ40L ,Sale,18
2023-04-01,2022-23,BAIC BJ40L ,Prod,40
2023-04-01,2022-23,BAIC BJ40L ,Sale,28
2023-05-01,2022-23,BAIC BJ40L ,Prod,4
2023-05-01,2022-23,BAIC BJ40L ,Sale,9
2023-06-01,2022-23,BAIC BJ40L ,Prod,28
2023-06-01,2022-23,BAIC BJ40L ,Sale,10
2023-07-01,2023-24,BAIC BJ40L ,Prod,0
2023-07-01,2023-24,BAIC BJ40L ,Sale,13
2023-08-01,2023-24,BAIC BJ40L ,Prod,0
2023-08-01,2023-24,BAIC BJ40L ,Sale,8
2023-09-01,2023-24,BAIC BJ40L ,Prod,0
2023-09-01,2023-24,BAIC BJ40L ,Sale,2
2023-10-01,2023-24,BAIC BJ40L ,Prod,0
2023-10-01,2023-24,BAIC BJ40L ,Sale,1
2023-11-01,2023-24,BAIC BJ40L ,Prod,0
2023-11-01,2023-24,BAIC BJ40L ,Sale,0
2023-12-01,2023-24,BAIC BJ40L ,Prod,3
2023-12-01,2023-24,BAIC BJ40L ,Sale,2
2024-01-01,2023-24,BAIC BJ40L ,Prod,1
2024-01-01,2023-24,BAIC BJ40L ,Sale,1
2024-02-01,2023-24,BAIC BJ40L ,Prod,9
2024-02-01,2023-24,BAIC BJ40L ,Sale,7
2024-03-01,2023-24,BAIC BJ40L ,Prod,0
2024-03-01,2023-24,BAIC BJ40L ,Sale,2
2024-04-01,2023-24,BAIC BJ40L ,Prod,7
2024-04-01,2023-24,BAIC BJ40L ,Sale,7
2024-05-01,2023-24,BAIC BJ40L ,Prod,2
2024-05-01,2023-24,BAIC BJ40L ,Sale,1
2024-06-01,2023-24,BAIC BJ40L ,Prod,22
2024-06-01,2023-24,BAIC BJ40L ,Sale,11
2024-07-01,2024-25,BAIC BJ40L                       SAZGAR,Prod,0
2024-07-01,2024-25,BAIC BJ40L                       SAZGAR,Sale,1
2024-08-01,2024-25,BAIC BJ40L                       SAZGAR,Prod,0
2024-08-01,2024-25,BAIC BJ40L                       SAZGAR,Sale,4
2024-09-01,2024-25,BAIC BJ40L                       SAZGAR,Prod,0
2024-09-01,2024-25,BAIC BJ40L                       SAZGAR,Sale,3
2024-10-01,2024-25,BAIC BJ40L                       SAZGAR,Prod,0
2024-10-01,2024-25,BAIC BJ40L                       SAZGAR,Sale,3
2024-11-01,2024-25,BAIC BJ40L                       SAZGAR,Prod,0
2024-11-01,2024-25,BAIC BJ40L                       SAZGAR,Sale,0
2024-12-01,2024-25,BAIC BJ40L                       SAZGAR,Prod,0
2024-12-01,2024-25,BAIC BJ40L                       SAZGAR,Sale,0
2025-01-01,2024-25,BAIC BJ40L                       SAZGAR,Prod,35
2025-01-01,2024-25,BAIC BJ40L                       SAZGAR,Sale,15
2025-02-01,2024-25,BAIC BJ40L                       SAZGAR,Prod,0
2025-02-01,2024-25,BAIC BJ40L                       SAZGAR,Sale,6
2025-03-01,2024-25,BAIC BJ40L                       SAZGAR,Prod,6
2025-03-01,2024-25,BAIC BJ40L                       SAZGAR,Sale,3
2025-04-01,2024-25,BAIC BJ40L                       SAZGAR,Prod,29
2025-04-01,2024-25,BAIC BJ40L                       SAZGAR,Sale,10
2025-05-01,2024-25,BAIC BJ40L                       SAZGAR,Prod,0
2025-05-01,2024-25,BAIC BJ40L                       SAZGAR,Sale,4
2025-06-01,2024-25,BAIC BJ40L                       SAZGAR,Prod,0
2025-06-01,2024-25,BAIC BJ40L                       SAZGAR,Sale,8
2021-07-01,2021-22,BAIC D20,Prod,2
2021-07-01,2021-22,BAIC D20,Sale,0
2021-08-01,2021-22,BAIC D20,Prod,0
2021-08-01,2021-22,BAIC D20,Sale,0
2021-09-01,2021-22,BAIC D20,Prod,0
2021-09-01,2021-22,BAIC D20,Sale,0
2021-10-01,2021-22,BAIC D20,Prod,0
2021-10-01,2021-22,BAIC D20,Sale,0
2021-11-01,2021-22,BAIC D20,Prod,2
2021-11-01,2021-22,BAIC D20,Sale,0
2021-12-01,2021-22,BAIC D20,Prod,9
2021-12-01,2021-22,BAIC D20,Sale,9
2022-01-01,2021-22,BAIC D20,Prod,1
2022-01-01,2021-22,BAIC D20,Sale,1
2022-02-01,2021-22,BAIC D20,Prod,1
2022-02-01,2021-22,BAIC D20,Sale,1
2022-03-01,2021-22,BAIC D20,Prod,0
2022-03-01,2021-22,BAIC D20,Sale,0
2022-04-01,2021-22,BAIC D20,Prod,1
2022-04-01,2021-22,BAIC D20,Sale,1
2022-05-01,2021-22,BAIC D20,Prod,1
2022-05-01,2021-22,BAIC D20,Sale,1
2022-06-01,2021-22,BAIC D20,Prod,1
2022-06-01,2021-22,BAIC D20,Sale,1
2022-07-01,2022-23,BAIC D20,Prod,0
2022-07-01,2022-23,BAIC D20,Sale,1
2022-08-01,2022-23,BAIC D20,Prod,0
2022-08-01,2022-23,BAIC D20,Sale,0
2022-09-01,2022-23,BAIC D20,Prod,0
2022-09-01,2022-23,BAIC D20,Sale,0
2022-10-01,2022-23,BAIC D20,Prod,0
2022-10-01,2022-23,BAIC D20,Sale,0
2022-11-01,2022-23,BAIC D20,Prod,0
2022-11-01,2022-23,BAIC D20,Sale,0
2022-12-01,2022-23,BAIC D20,Prod,0
2022-12-01,2022-23,BAIC D20,Sale,0
2023-01-01,2022-23,BAIC D20,Prod,0
2023-01-01,2022-23,BAIC D20,Sale,0
2023-02-01,2022-23,BAIC D20,Prod,0
2023-02-01,2022-23,BAIC D20,Sale,0
2023-03-01,2022-23,BAIC D20,Prod,0
2023-03-01,2022-23,BAIC D20,Sale,0
2023-04-01,2022-23,BAIC D20,Prod,0
2023-04-01,2022-23,BAIC D20,Sale,0
2023-05-01,2022-23,BAIC D20,Prod,0
2023-05-01,2022-23,BAIC D20,Sale,0
2023-06-01,2022-23,BAIC D20,Prod,0
2023-06-01,2022-23,BAIC D20,Sale,0
2023-07-01,2023-24,BAIC D20,Prod,0
2023-07-01,2023-24,BAIC D20,Sale,0
2023-08-01,2023-24,BAIC D20,Prod,0
2023-08-01,2023-24,BAIC D20,Sale,0
2023-09-01,2023-24,BAIC D20,Prod,0
2023-09-01,2023-24,BAIC D20,Sale,0
2023-10-01,2023-24,BAIC D20,Prod,0
2023-10-01,2023-24,BAIC D20,Sale,0
2023-11-01,2023-24,BAIC D20,Prod,0
2023-11-01,2023-24,BAIC D20,Sale,0
2023-12-01,2023-24,BAIC D20,Prod,0
2023-12-01,2023-24,BAIC D20,Sale,0
2024-01-01,2023-24,BAIC D20,Prod,0
2024-01-01,2023-24,BAIC D20,Sale,0
2024-02-01,2023-24,BAIC D20,Prod,0
2024-02-01,2023-24,BAIC D20,Sale,0
2024-03-01,2023-24,BAIC D20,Prod,0
2024-03-01,2023-24,BAIC D20,Sale,0
2024-04-01,2023-24,BAIC D20,Prod,0
2024-04-01,2023-24,BAIC D20,Sale,0
2024-05-01,2023-24,BAIC D20,Prod,0
2024-05-01,2023-24,BAIC D20,Sale,0
2024-06-01,2023-24,BAIC D20,Prod,0
2024-06-01,2023-24,BAIC D20,Sale,0
2024-07-01,2024-25,BAIC D20                            Sazgar,Prod,0
2024-07-01,2024-25,BAIC D20                            Sazgar,Sale,0
2024-08-01,2024-25,BAIC D20                            Sazgar,Prod,0
2024-08-01,2024-25,BAIC D20                            Sazgar,Sale,0
2024-09-01,2024-25,BAIC D20                            Sazgar,Prod,0
2024-09-01,2024-25,BAIC D20                            Sazgar,Sale,0
2024-10-01,2024-25,BAIC D20                            Sazgar,Prod,0
2024-10-01,2024-25,BAIC D20                            Sazgar,Sale,0
2024-11-01,2024-25,BAIC D20                            Sazgar,Prod,0
2024-11-01,2024-25,BAIC D20                            Sazgar,Sale,0
2024-12-01,2024-25,BAIC D20                            Sazgar,Prod,0
2024-12-01,2024-25,BAIC D20                            Sazgar,Sale,0
2025-01-01,2024-25,BAIC D20                            Sazgar,Prod,0
2025-01-01,2024-25,BAIC D20                            Sazgar,Sale,0
2025-02-01,2024-25,BAIC D20                            Sazgar,Prod,0
2025-02-01,2024-25,BAIC D20                            Sazgar,Sale,0
2025-03-01,2024-25,BAIC D20                            Sazgar,Prod,0
2025-03-01,2024-25,BAIC D20                            Sazgar,Sale,0
2025-04-01,2024-25,BAIC D20                            Sazgar,Prod,0
2025-04-01,2024-25,BAIC D20                            Sazgar,Sale,0
2025-05-01,2024-25,BAIC D20                            Sazgar,Prod,0
2025-05-01,2024-25,BAIC D20                            Sazgar,Sale,0
2025-06-01,2024-25,BAIC D20                            Sazgar,Prod,0
2025-06-01,2024-25,BAIC D20                            Sazgar,Sale,4
2021-07-01,2021-22,BAIC X25 ,Prod,1
2021-07-01,2021-22,BAIC X25 ,Sale,1
2021-08-01,2021-22,BAIC X25 ,Prod,1
2021-08-01,2021-22,BAIC X25 ,Sale,0
2021-09-01,2021-22,BAIC X25 ,Prod,6
2021-09-01,2021-22,BAIC X25 ,Sale,3
2021-10-01,2021-22,BAIC X25 ,Prod,0
2021-10-01,2021-22,BAIC X25 ,Sale,1
2021-11-01,2021-22,BAIC X25 ,Prod,1
2021-11-01,2021-22,BAIC X25 ,Sale,1
2021-12-01,2021-22,BAIC X25 ,Prod,3
2021-12-01,2021-22,BAIC X25 ,Sale,1
2022-01-01,2021-22,BAIC X25 ,Prod,0
2022-01-01,2021-22,BAIC X25 ,Sale,0
2022-02-01,2021-22,BAIC X25 ,Prod,0
2022-02-01,2021-22,BAIC X25 ,Sale,0
2022-03-01,2021-22,BAIC X25 ,Prod,0
2022-03-01,2021-22,BAIC X25 ,Sale,0
2022-04-01,2021-22,BAIC X25 ,Prod,0
2022-04-01,2021-22,BAIC X25 ,Sale,3
2022-05-01,2021-22,BAIC X25 ,Prod,0
2022-05-01,2021-22,BAIC X25 ,Sale,1
2022-06-01,2021-22,BAIC X25 ,Prod,0
2022-06-01,2021-22,BAIC X25 ,Sale,0
2022-07-01,2022-23,BAIC X25 ,Prod,0
2022-07-01,2022-23,BAIC X25 ,Sale,0
2022-08-01,2022-23,BAIC X25 ,Prod,0
2022-08-01,2022-23,BAIC X25 ,Sale,0
2022-09-01,2022-23,BAIC X25 ,Prod,0
2022-09-01,2022-23,BAIC X25 ,Sale,0
2022-10-01,2022-23,BAIC X25 ,Prod,0
2022-10-01,2022-23,BAIC X25 ,Sale,0
2022-11-01,2022-23,BAIC X25 ,Prod,0
2022-11-01,2022-23,BAIC X25 ,Sale,0
2022-12-01,2022-23,BAIC X25 ,Prod,0
2022-12-01,2022-23,BAIC X25 ,Sale,0
2023-01-01,2022-23,BAIC X25 ,Prod,0
2023-01-01,2022-23,BAIC X25 ,Sale,0
2023-02-01,2022-23,BAIC X25 ,Prod,0
2023-02-01,2022-23,BAIC X25 ,Sale,0
2023-03-01,2022-23,BAIC X25 ,Prod,0
2023-03-01,2022-23,BAIC X25 ,Sale,0
2023-04-01,2022-23,BAIC X25 ,Prod,0
2023-04-01,2022-23,BAIC X25 ,Sale,0
2023-05-01,2022-23,BAIC X25 ,Prod,0
2023-05-01,2022-23,BAIC X25 ,Sale,0
2023-06-01,2022-23,BAIC X25 ,Prod,0
2023-06-01,2022-23,BAIC X25 ,Sale,0
2023-07-01,2023-24,BAIC X25 ,Prod,0
2023-07-01,2023-24,BAIC X25 ,Sale,0
2023-08-01,2023-24,BAIC X25 ,Prod,0
2023-08-01,2023-24,BAIC X25 ,Sale,0
2023-09-01,2023-24,BAIC X25 ,Prod,0
2023-09-01,2023-24,BAIC X25 ,Sale,0
2023-10-01,2023-24,BAIC X25 ,Prod,0
2023-10-01,2023-24,BAIC X25 ,Sale,0
2023-11-01,2023-24,BAIC X25 ,Prod,0
2023-11-01,2023-24,BAIC X25 ,Sale,0
2023-12-01,2023-24,BAIC X25 ,Prod,0
2023-12-01,2023-24,BAIC X25 ,Sale,0
2024-01-01,2023-24,BAIC X25 ,Prod,0
2024-01-01,2023-24,BAIC X25 ,Sale,0
2024-02-01,2023-24,BAIC X25 ,Prod,0
2024-02-01,2023-24,BAIC X25 ,Sale,0
2024-03-01,2023-24,BAIC X25 ,Prod,0
2024-03-01,2023-24,BAIC X25 ,Sale,0
2024-04-01,2023-24,BAIC X25 ,Prod,0
2024-04-01,2023-24,BAIC X25 ,Sale,0
2024-05-01,2023-24,BAIC X25 ,Prod,0
2024-05-01,2023-24,BAIC X25 ,Sale,0
2024-06-01,2023-24,BAIC X25 ,Prod,0
2024-06-01,2023-24,BAIC X25 ,Sale,0
2024-07-01,2024-25,BAIC X25                           SAZGAR,Prod,0
2024-07-01,2024-25,BAIC X25                           SAZGAR,Sale,0
2024-08-01,2024-25,BAIC X25                           SAZGAR,Prod,0
2024-08-01,2024-25,BAIC X25                           SAZGAR,Sale,0
2024-09-01,2024-25,BAIC X25                           SAZGAR,Prod,0
2024-09-01,2024-25,BAIC X25                           SAZGAR,Sale,0
2024-10-01,2024-25,BAIC X25                           SAZGAR,Prod,0
2024-10-01,2024-25,BAIC X25                           SAZGAR,Sale,0
2024-11-01,2024-25,BAIC X25                           SAZGAR,Prod,0
2024-11-01,2024-25,BAIC X25                           SAZGAR,Sale,0
2024-12-01,2024-25,BAIC X25                           SAZGAR,Prod,0
2024-12-01,2024-25,BAIC X25                           SAZGAR,Sale,0
2025-01-01,2024-25,BAIC X25                           SAZGAR,Prod,0
2025-01-01,2024-25,BAIC X25                           SAZGAR,Sale,0
2025-02-01,2024-25,BAIC X25                           SAZGAR,Prod,0
2025-02-01,2024-25,BAIC X25                           SAZGAR,Sale,0
2025-03-01,2024-25,BAIC X25                           SAZGAR,Prod,0
2025-03-01,2024-25,BAIC X25                           SAZGAR,Sale,0
2025-04-01,2024-25,BAIC X25                           SAZGAR,Prod,0
2025-04-01,2024-25,BAIC X25                           SAZGAR,Sale,0
2025-05-01,2024-25,BAIC X25                           SAZGAR,Prod,0
2025-05-01,2024-25,BAIC X25                           SAZGAR,Sale,0
2025-06-01,2024-25,BAIC X25                           SAZGAR,Prod,0
2025-06-01,2024-25,BAIC X25                           SAZGAR,Sale,0
2021-07-01,2021-22,CHERY TIGGO,Prod,0
2021-07-01,2021-22,CHERY TIGGO,Sale,0
2021-08-01,2021-22,CHERY TIGGO,Prod,0
2021-08-01,2021-22,CHERY TIGGO,Sale,0
2021-09-01,2021-22,CHERY TIGGO,Prod,0
2021-09-01,2021-22,CHERY TIGGO,Sale,0
2021-10-01,2021-22,CHERY TIGGO,Prod,0
2021-10-01,2021-22,CHERY TIGGO,Sale,0
2021-11-01,2021-22,CHERY TIGGO,Prod,0
2021-11-01,2021-22,CHERY TIGGO,Sale,0
2021-12-01,2021-22,CHERY TIGGO,Prod,0
2021-12-01,2021-22,CHERY TIGGO,Sale,0
2022-01-01,2021-22,CHERY TIGGO,Prod,0
2022-01-01,2021-22,CHERY TIGGO,Sale,0
2022-02-01,2021-22,CHERY TIGGO,Prod,0
2022-02-01,2021-22,CHERY TIGGO,Sale,0
2022-03-01,2021-22,CHERY TIGGO,Prod,0
2022-03-01,2021-22,CHERY TIGGO,Sale,0
2022-04-01,2021-22,CHERY TIGGO,Prod,0
2022-04-01,2021-22,CHERY TIGGO,Sale,0
2022-05-01,2021-22,CHERY TIGGO,Prod,0
2022-05-01,2021-22,CHERY TIGGO,Sale,0
2022-06-01,2021-22,CHERY TIGGO,Prod,0
2022-06-01,2021-22,CHERY TIGGO,Sale,0
2022-07-01,2022-23,CHERY TIGGO,Prod,93
2022-07-01,2022-23,CHERY TIGGO,Sale,72
2022-08-01,2022-23,CHERY TIGGO,Prod,190
2022-08-01,2022-23,CHERY TIGGO,Sale,123
2022-09-01,2022-23,CHERY TIGGO,Prod,197
2022-09-01,2022-23,CHERY TIGGO,Sale,242
2022-10-01,2022-23,CHERY TIGGO,Prod,18
2022-10-01,2022-23,CHERY TIGGO,Sale,69
2022-11-01,2022-23,CHERY TIGGO,Prod,155
2022-11-01,2022-23,CHERY TIGGO,Sale,153
2022-12-01,2022-23,CHERY TIGGO,Prod,144
2022-12-01,2022-23,CHERY TIGGO,Sale,47
2023-01-01,2022-23,CHERY TIGGO,Prod,300
2023-01-01,2022-23,CHERY TIGGO,Sale,258
2023-02-01,2022-23,CHERY TIGGO,Prod,141
2023-02-01,2022-23,CHERY TIGGO,Sale,114
2023-03-01,2022-23,CHERY TIGGO,Prod,60
2023-03-01,2022-23,CHERY TIGGO,Sale,121
2023-04-01,2022-23,CHERY TIGGO,Prod,8
2023-04-01,2022-23,CHERY TIGGO,Sale,20
2023-05-01,2022-23,CHERY TIGGO,Prod,12
2023-05-01,2022-23,CHERY TIGGO,Sale,25
2023-06-01,2022-23,CHERY TIGGO,Prod,0
2023-06-01,2022-23,CHERY TIGGO,Sale,24
2023-07-01,2023-24,CHERY TIGGO,Prod,0
2023-07-01,2023-24,CHERY TIGGO,Sale,0
2023-08-01,2023-24,CHERY TIGGO,Prod,0
2023-08-01,2023-24,CHERY TIGGO,Sale,0
2023-09-01,2023-24,CHERY TIGGO,Prod,0
2023-09-01,2023-24,CHERY TIGGO,Sale,0
2023-10-01,2023-24,CHERY TIGGO,Prod,0
2023-10-01,2023-24,CHERY TIGGO,Sale,0
2023-11-01,2023-24,CHERY TIGGO,Prod,0
2023-11-01,2023-24,CHERY TIGGO,Sale,0
2023-12-01,2023-24,CHERY TIGGO,Prod,0
2023-12-01,2023-24,CHERY TIGGO,Sale,0
2024-01-01,2023-24,CHERY TIGGO,Prod,0
2024-01-01,2023-24,CHERY TIGGO,Sale,0
2024-02-01,2023-24,CHERY TIGGO,Prod,0
2024-02-01,2023-24,CHERY TIGGO,Sale,0
2024-03-01,2023-24,CHERY TIGGO,Prod,0
2024-03-01,2023-24,CHERY TIGGO,Sale,0
2024-04-01,2023-24,CHERY TIGGO,Prod,0
2024-04-01,2023-24,CHERY TIGGO,Sale,0
2024-05-01,2023-24,CHERY TIGGO,Prod,0
2024-05-01,2023-24,CHERY TIGGO,Sale,0
2024-06-01,2023-24,CHERY TIGGO,Prod,0
2024-06-01,2023-24,CHERY TIGGO,Sale,0
2018-07-01,2018-19,D-Max,Prod,0
2018-07-01,2018-19,D-Max,Sale,0
2018-08-01,2018-19,D-Max,Prod,0
2018-08-01,2018-19,D-Max,Sale,0
2018-09-01,2018-19,D-Max,Prod,0
2018-09-01,2018-19,D-Max,Sale,0
2018-10-01,2018-19,D-Max,Prod,0
2018-10-01,2018-19,D-Max,Sale,0
2018-11-01,2018-19,D-Max,Prod,0
2018-11-01,2018-19,D-Max,Sale,0
2018-12-01,2018-19,D-Max,Prod,0
2018-12-01,2018-19,D-Max,Sale,0
2019-01-01,2018-19,D-Max,Prod,0
2019-01-01,2018-19,D-Max,Sale,0
2019-02-01,2018-19,D-Max,Prod,405
2019-02-01,2018-19,D-Max,Sale,187
2019-03-01,2018-19,D-Max,Prod,33
2019-03-01,2018-19,D-Max,Sale,45
2019-04-01,2018-19,D-Max,Prod,7
2019-04-01,2018-19,D-Max,Sale,41
2019-05-01,2018-19,D-Max,Prod,43
2019-05-01,2018-19,D-Max,Sale,70
2019-06-01,2018-19,D-Max,Prod,37
2019-06-01,2018-19,D-Max,Sale,57
2019-07-01,2019-20,D-Max,Prod,101
2019-07-01,2019-20,D-Max,Sale,61
2019-08-01,2019-20,D-Max,Prod,50
2019-08-01,2019-20,D-Max,Sale,64
2019-09-01,2019-20,D-Max,Prod,59
2019-09-01,2019-20,D-Max,Sale,64
2019-10-01,2019-20,D-Max,Prod,45
2019-10-01,2019-20,D-Max,Sale,46
2019-11-01,2019-20,D-Max,Prod,15
2019-11-01,2019-20,D-Max,Sale,15
2019-12-01,2019-20,D-Max,Prod,15
2019-12-01,2019-20,D-Max,Sale,14
2020-01-01,2019-20,D-Max,Prod,30
2020-01-01,2019-20,D-Max,Sale,40
2020-02-01,2019-20,D-Max,Prod,30
2020-02-01,2019-20,D-Max,Sale,47
2020-03-01,2019-20,D-Max,Prod,30
2020-03-01,2019-20,D-Max,Sale,84
2020-04-01,2019-20,D-Max,Prod,0
2020-04-01,2019-20,D-Max,Sale,11
2020-05-01,2019-20,D-Max,Prod,0
2020-05-01,2019-20,D-Max,Sale,3
2020-06-01,2019-20,D-Max,Prod,90
2020-06-01,2019-20,D-Max,Sale,207
2020-07-01,2020-21,D-Max,Prod,115
2020-07-01,2020-21,D-Max,Sale,40
2020-08-01,2020-21,D-Max,Prod,50
2020-08-01,2020-21,D-Max,Sale,22
2020-09-01,2020-21,D-Max,Prod,60
2020-09-01,2020-21,D-Max,Sale,34
2020-10-01,2020-21,D-Max,Prod,15
2020-10-01,2020-21,D-Max,Sale,22
2020-11-01,2020-21,D-Max,Prod,0
2020-11-01,2020-21,D-Max,Sale,3
2020-12-01,2020-21,D-Max,Prod,16
2020-12-01,2020-21,D-Max,Sale,20
2021-01-01,2020-21,D-Max,Prod,15
2021-01-01,2020-21,D-Max,Sale,30
2021-02-01,2020-21,D-Max,Prod,14
2021-02-01,2020-21,D-Max,Sale,5
2021-03-01,2020-21,D-Max,Prod,22
2021-03-01,2020-21,D-Max,Sale,20
2021-04-01,2020-21,D-Max,Prod,38
2021-04-01,2020-21,D-Max,Sale,30
2021-05-01,2020-21,D-Max,Prod,30
2021-05-01,2020-21,D-Max,Sale,30
2021-06-01,2020-21,D-Max,Prod,45
2021-06-01,2020-21,D-Max,Sale,60
2024-07-01,2024-25,DEWAN                                     Honri-Ve,Prod,0
2024-07-01,2024-25,DEWAN                                     Honri-Ve,Sale,0
2024-08-01,2024-25,DEWAN                                     Honri-Ve,Prod,0
2024-08-01,2024-25,DEWAN                                     Honri-Ve,Sale,0
2024-09-01,2024-25,DEWAN                                     Honri-Ve,Prod,0
2024-09-01,2024-25,DEWAN                                     Honri-Ve,Sale,0
2024-10-01,2024-25,DEWAN                                     Honri-Ve,Prod,0
2024-10-01,2024-25,DEWAN                                     Honri-Ve,Sale,0
2024-11-01,2024-25,DEWAN                                     Honri-Ve,Prod,70
2024-11-01,2024-25,DEWAN                                     Honri-Ve,Sale,63
2024-12-01,2024-25,DEWAN                                     Honri-Ve,Prod,40
2024-12-01,2024-25,DEWAN                                     Honri-Ve,Sale,41
2025-01-01,2024-25,DEWAN                                     Honri-Ve,Prod,20
2025-01-01,2024-25,DEWAN                                     Honri-Ve,Sale,15
2025-02-01,2024-25,DEWAN                                     Honri-Ve,Prod,20
2025-02-01,2024-25,DEWAN                                     Honri-Ve,Sale,13
2025-03-01,2024-25,DEWAN                                     Honri-Ve,Prod,0
2025-03-01,2024-25,DEWAN                                     Honri-Ve,Sale,0
2025-04-01,2024-25,DEWAN                                     Honri-Ve,Prod,0
2025-04-01,2024-25,DEWAN                                     Honri-Ve,Sale,0
2025-05-01,2024-25,DEWAN                                     Honri-Ve,Prod,20
2025-05-01,2024-25,DEWAN                                     Honri-Ve,Sale,24
2025-06-01,2024-25,DEWAN                                     Honri-Ve,Prod,40
2025-06-01,2024-25,DEWAN                                     Honri-Ve,Sale,30
2024-07-01,2024-25,DEWAN KIA SHEHZORE,Prod,0
2024-07-01,2024-25,DEWAN KIA SHEHZORE,Sale,0
2024-08-01,2024-25,DEWAN KIA SHEHZORE,Prod,104
2024-08-01,2024-25,DEWAN KIA SHEHZORE,Sale,47
2024-09-01,2024-25,DEWAN KIA SHEHZORE,Prod,8
2024-09-01,2024-25,DEWAN KIA SHEHZORE,Sale,14
2024-10-01,2024-25,DEWAN KIA SHEHZORE,Prod,0
2024-10-01,2024-25,DEWAN KIA SHEHZORE,Sale,27
2024-11-01,2024-25,DEWAN KIA SHEHZORE,Prod,10
2024-11-01,2024-25,DEWAN KIA SHEHZORE,Sale,25
2024-12-01,2024-25,DEWAN KIA SHEHZORE,Prod,20
2024-12-01,2024-25,DEWAN KIA SHEHZORE,Sale,29
2025-01-01,2024-25,DEWAN KIA SHEHZORE,Prod,25
2025-01-01,2024-25,DEWAN KIA SHEHZORE,Sale,15
2025-02-01,2024-25,DEWAN KIA SHEHZORE,Prod,10
2025-02-01,2024-25,DEWAN KIA SHEHZORE,Sale,20
2025-03-01,2024-25,DEWAN KIA SHEHZORE,Prod,30
2025-03-01,2024-25,DEWAN KIA SHEHZORE,Sale,30
2025-04-01,2024-25,DEWAN KIA SHEHZORE,Prod,20
2025-04-01,2024-25,DEWAN KIA SHEHZORE,Sale,20
2025-05-01,2024-25,DEWAN KIA SHEHZORE,Prod,66
2025-05-01,2024-25,DEWAN KIA SHEHZORE,Sale,66
2025-06-01,2024-25,DEWAN KIA SHEHZORE,Prod,64
2025-06-01,2024-25,DEWAN KIA SHEHZORE,Sale,62
2012-07-01,2012-13,DYL Motorcycles,Prod,5207
2012-07-01,2012-13,DYL Motorcycles,Sale,6143
2012-08-01,2012-13,DYL Motorcycles,Prod,5038
2012-08-01,2012-13,DYL Motorcycles,Sale,5112
2012-09-01,2012-13,DYL Motorcycles,Prod,5400
2012-09-01,2012-13,DYL Motorcycles,Sale,4552
2012-10-01,2012-13,DYL Motorcycles,Prod,5117
2012-10-01,2012-13,DYL Motorcycles,Sale,6423
2012-11-01,2012-13,DYL Motorcycles,Prod,6065
2012-11-01,2012-13,DYL Motorcycles,Sale,4468
2012-12-01,2012-13,DYL Motorcycles,Prod,5441
2012-12-01,2012-13,DYL Motorcycles,Sale,6393
2013-01-01,2012-13,DYL Motorcycles,Prod,4102
2013-01-01,2012-13,DYL Motorcycles,Sale,4416
2013-02-01,2012-13,DYL Motorcycles,Prod,4426
2013-02-01,2012-13,DYL Motorcycles,Sale,4000
2013-03-01,2012-13,DYL Motorcycles,Prod,4669
2013-03-01,2012-13,DYL Motorcycles,Sale,4471
2013-04-01,2012-13,DYL Motorcycles,Prod,4100
2013-04-01,2012-13,DYL Motorcycles,Sale,4158
2013-05-01,2012-13,DYL Motorcycles,Prod,4100
2013-05-01,2012-13,DYL Motorcycles,Sale,4014
2013-06-01,2012-13,DYL Motorcycles,Prod,2558
2013-06-01,2012-13,DYL Motorcycles,Sale,3214
2013-07-01,2013-14,DYL Motorcycles,Prod,3161
2013-07-01,2013-14,DYL Motorcycles,Sale,3436
2013-08-01,2013-14,DYL Motorcycles,Prod,2000
2013-08-01,2013-14,DYL Motorcycles,Sale,1840
2013-09-01,2013-14,DYL Motorcycles,Prod,1250
2013-09-01,2013-14,DYL Motorcycles,Sale,1326
2013-10-01,2013-14,DYL Motorcycles,Prod,1164
2013-10-01,2013-14,DYL Motorcycles,Sale,1128
2013-11-01,2013-14,DYL Motorcycles,Prod,951
2013-11-01,2013-14,DYL Motorcycles,Sale,776
2013-12-01,2013-14,DYL Motorcycles,Prod,383
2013-12-01,2013-14,DYL Motorcycles,Sale,650
2014-01-01,2013-14,DYL Motorcycles,Prod,429
2014-01-01,2013-14,DYL Motorcycles,Sale,436
2014-02-01,2013-14,DYL Motorcycles,Prod,350
2014-02-01,2013-14,DYL Motorcycles,Sale,111
2014-03-01,2013-14,DYL Motorcycles,Prod,191
2014-03-01,2013-14,DYL Motorcycles,Sale,422
2014-04-01,2013-14,DYL Motorcycles,Prod,548
2014-04-01,2013-14,DYL Motorcycles,Sale,594
2014-05-01,2013-14,DYL Motorcycles,Prod,640
2014-05-01,2013-14,DYL Motorcycles,Sale,642
2014-06-01,2013-14,DYL Motorcycles,Prod,775
2014-06-01,2013-14,DYL Motorcycles,Sale,777
2014-07-01,2014-15,DYL Motorcycles,Prod,475
2014-07-01,2014-15,DYL Motorcycles,Sale,491
2014-08-01,2014-15,DYL Motorcycles,Prod,336
2014-08-01,2014-15,DYL Motorcycles,Sale,346
2014-09-01,2014-15,DYL Motorcycles,Prod,803
2014-09-01,2014-15,DYL Motorcycles,Sale,806
2014-10-01,2014-15,DYL Motorcycles,Prod,507
2014-10-01,2014-15,DYL Motorcycles,Sale,509
2014-11-01,2014-15,DYL Motorcycles,Prod,591
2014-11-01,2014-15,DYL Motorcycles,Sale,589
2014-12-01,2014-15,DYL Motorcycles,Prod,257
2014-12-01,2014-15,DYL Motorcycles,Sale,250
2015-01-01,2014-15,DYL Motorcycles,Prod,584
2015-01-01,2014-15,DYL Motorcycles,Sale,572
2015-02-01,2014-15,DYL Motorcycles,Prod,340
2015-02-01,2014-15,DYL Motorcycles,Sale,296
2015-03-01,2014-15,DYL Motorcycles,Prod,745
2015-03-01,2014-15,DYL Motorcycles,Sale,770
2015-04-01,2014-15,DYL Motorcycles,Prod,650
2015-04-01,2014-15,DYL Motorcycles,Sale,664
2015-05-01,2014-15,DYL Motorcycles,Prod,661
2015-05-01,2014-15,DYL Motorcycles,Sale,658
2015-06-01,2014-15,DYL Motorcycles,Prod,1192
2015-06-01,2014-15,DYL Motorcycles,Sale,1221
2015-07-01,2015-16,DYL Motorcycles,Prod,544
2015-07-01,2015-16,DYL Motorcycles,Sale,555
2015-08-01,2015-16,DYL Motorcycles,Prod,877
2015-08-01,2015-16,DYL Motorcycles,Sale,888
2015-09-01,2015-16,DYL Motorcycles,Prod,678
2015-09-01,2015-16,DYL Motorcycles,Sale,660
2015-10-01,2015-16,DYL Motorcycles,Prod,521
2015-10-01,2015-16,DYL Motorcycles,Sale,489
2015-11-01,2015-16,DYL Motorcycles,Prod,493
2015-11-01,2015-16,DYL Motorcycles,Sale,494
2015-12-01,2015-16,DYL Motorcycles,Prod,564
2015-12-01,2015-16,DYL Motorcycles,Sale,612
2016-01-01,2015-16,DYL Motorcycles,Prod,667
2016-01-01,2015-16,DYL Motorcycles,Sale,680
2016-02-01,2015-16,DYL Motorcycles,Prod,742
2016-02-01,2015-16,DYL Motorcycles,Sale,714
2016-03-01,2015-16,DYL Motorcycles,Prod,815
2016-03-01,2015-16,DYL Motorcycles,Sale,807
2016-04-01,2015-16,DYL Motorcycles,Prod,732
2016-04-01,2015-16,DYL Motorcycles,Sale,753
2016-05-01,2015-16,DYL Motorcycles,Prod,651
2016-05-01,2015-16,DYL Motorcycles,Sale,723
2016-06-01,2015-16,DYL Motorcycles,Prod,838
2016-06-01,2015-16,DYL Motorcycles,Sale,808
2016-07-01,2016-17,DYL Motorcycles,Prod,639
2016-07-01,2016-17,DYL Motorcycles,Sale,628
2016-08-01,2016-17,DYL Motorcycles,Prod,1155
2016-08-01,2016-17,DYL Motorcycles,Sale,1157
2016-09-01,2016-17,DYL Motorcycles,Prod,491
2016-09-01,2016-17,DYL Motorcycles,Sale,502
2016-10-01,2016-17,DYL Motorcycles,Prod,652
2016-10-01,2016-17,DYL Motorcycles,Sale,642
2016-11-01,2016-17,DYL Motorcycles,Prod,557
2016-11-01,2016-17,DYL Motorcycles,Sale,547
2016-12-01,2016-17,DYL Motorcycles,Prod,504
2016-12-01,2016-17,DYL Motorcycles,Sale,507
2017-01-01,2016-17,DYL Motorcycles,Prod,704
2017-01-01,2016-17,DYL Motorcycles,Sale,696
2017-02-01,2016-17,DYL Motorcycles,Prod,592
2017-02-01,2016-17,DYL Motorcycles,Sale,585
2017-03-01,2016-17,DYL Motorcycles,Prod,679
2017-03-01,2016-17,DYL Motorcycles,Sale,676
2017-04-01,2016-17,DYL Motorcycles,Prod,486
2017-04-01,2016-17,DYL Motorcycles,Sale,492
2017-05-01,2016-17,DYL Motorcycles,Prod,526
2017-05-01,2016-17,DYL Motorcycles,Sale,540
2017-06-01,2016-17,DYL Motorcycles,Prod,418
2017-06-01,2016-17,DYL Motorcycles,Sale,419
2017-07-01,2017-18,DYL Motorcycles,Prod,659
2017-07-01,2017-18,DYL Motorcycles,Sale,530
2017-08-01,2017-18,DYL Motorcycles,Prod,629
2017-08-01,2017-18,DYL Motorcycles,Sale,749
2017-09-01,2017-18,DYL Motorcycles,Prod,452
2017-09-01,2017-18,DYL Motorcycles,Sale,461
2017-10-01,2017-18,DYL Motorcycles,Prod,531
2017-10-01,2017-18,DYL Motorcycles,Sale,538
2017-11-01,2017-18,DYL Motorcycles,Prod,441
2017-11-01,2017-18,DYL Motorcycles,Sale,421
2017-12-01,2017-18,DYL Motorcycles,Prod,494
2017-12-01,2017-18,DYL Motorcycles,Sale,500
2018-01-01,2017-18,DYL Motorcycles,Prod,507
2018-01-01,2017-18,DYL Motorcycles,Sale,512
2018-02-01,2017-18,DYL Motorcycles,Prod,381
2018-02-01,2017-18,DYL Motorcycles,Sale,383
2018-03-01,2017-18,DYL Motorcycles,Prod,537
2018-03-01,2017-18,DYL Motorcycles,Sale,538
2018-04-01,2017-18,DYL Motorcycles,Prod,493
2018-04-01,2017-18,DYL Motorcycles,Sale,493
2018-05-01,2017-18,DYL Motorcycles,Prod,335
2018-05-01,2017-18,DYL Motorcycles,Sale,335
2018-06-01,2017-18,DYL Motorcycles,Prod,241
2018-06-01,2017-18,DYL Motorcycles,Sale,243
2018-07-01,2018-19,DYL Motorcycles,Prod,624
2018-07-01,2018-19,DYL Motorcycles,Sale,625
2018-08-01,2018-19,DYL Motorcycles,Prod,427
2018-08-01,2018-19,DYL Motorcycles,Sale,422
2018-09-01,2018-19,DYL Motorcycles,Prod,506
2018-09-01,2018-19,DYL Motorcycles,Sale,509
2018-10-01,2018-19,DYL Motorcycles,Prod,453
2018-10-01,2018-19,DYL Motorcycles,Sale,454
2018-11-01,2018-19,DYL Motorcycles,Prod,209
2018-11-01,2018-19,DYL Motorcycles,Sale,209
2018-12-01,2018-19,DYL Motorcycles,Prod,255
2018-12-01,2018-19,DYL Motorcycles,Sale,255
2019-01-01,2018-19,DYL Motorcycles,Prod,287
2019-01-01,2018-19,DYL Motorcycles,Sale,287
2019-02-01,2018-19,DYL Motorcycles,Prod,224
2019-02-01,2018-19,DYL Motorcycles,Sale,224
2019-03-01,2018-19,DYL Motorcycles,Prod,134
2019-03-01,2018-19,DYL Motorcycles,Sale,134
2019-04-01,2018-19,DYL Motorcycles,Prod,120
2019-04-01,2018-19,DYL Motorcycles,Sale,118
2019-05-01,2018-19,DYL Motorcycles,Prod,123
2019-05-01,2018-19,DYL Motorcycles,Sale,123
2019-06-01,2018-19,DYL Motorcycles,Prod,84
2019-06-01,2018-19,DYL Motorcycles,Sale,86
2019-07-01,2019-20,DYL Motorcycles,Prod,149
2019-07-01,2019-20,DYL Motorcycles,Sale,146
2019-08-01,2019-20,DYL Motorcycles,Prod,47
2019-08-01,2019-20,DYL Motorcycles,Sale,47
2019-09-01,2019-20,DYL Motorcycles,Prod,71
2019-09-01,2019-20,DYL Motorcycles,Sale,74
2019-10-01,2019-20,DYL Motorcycles,Prod,99
2019-10-01,2019-20,DYL Motorcycles,Sale,98
2019-11-01,2019-20,DYL Motorcycles,Prod,160
2019-11-01,2019-20,DYL Motorcycles,Sale,122
2019-12-01,2019-20,DYL Motorcycles,Prod,115
2019-12-01,2019-20,DYL Motorcycles,Sale,135
2020-01-01,2019-20,DYL Motorcycles,Prod,100
2020-01-01,2019-20,DYL Motorcycles,Sale,112
2020-02-01,2019-20,DYL Motorcycles,Prod,55
2020-02-01,2019-20,DYL Motorcycles,Sale,63
2020-03-01,2019-20,DYL Motorcycles,Prod,50
2020-03-01,2019-20,DYL Motorcycles,Sale,50
2020-04-01,2019-20,DYL Motorcycles,Prod,0
2020-04-01,2019-20,DYL Motorcycles,Sale,0
2020-05-01,2019-20,DYL Motorcycles,Prod,45
2020-05-01,2019-20,DYL Motorcycles,Sale,45
2020-06-01,2019-20,DYL Motorcycles,Prod,95
2020-06-01,2019-20,DYL Motorcycles,Sale,92
2020-07-01,2020-21,DYL Motorcycles,Prod,0
2020-07-01,2020-21,DYL Motorcycles,Sale,0
2020-08-01,2020-21,DYL Motorcycles,Prod,0
2020-08-01,2020-21,DYL Motorcycles,Sale,0
2020-09-01,2020-21,DYL Motorcycles,Prod,0
2020-09-01,2020-21,DYL Motorcycles,Sale,0
2020-10-01,2020-21,DYL Motorcycles,Prod,0
2020-10-01,2020-21,DYL Motorcycles,Sale,0
2020-11-01,2020-21,DYL Motorcycles,Prod,0
2020-11-01,2020-21,DYL Motorcycles,Sale,0
2020-12-01,2020-21,DYL Motorcycles,Prod,0
2020-12-01,2020-21,DYL Motorcycles,Sale,0
2021-01-01,2020-21,DYL Motorcycles,Prod,0
2021-01-01,2020-21,DYL Motorcycles,Sale,0
2021-02-01,2020-21,DYL Motorcycles,Prod,0
2021-02-01,2020-21,DYL Motorcycles,Sale,0
2021-03-01,2020-21,DYL Motorcycles,Prod,0
2021-03-01,2020-21,DYL Motorcycles,Sale,0
2021-04-01,2020-21,DYL Motorcycles,Prod,0
2021-04-01,2020-21,DYL Motorcycles,Sale,0
2021-05-01,2020-21,DYL Motorcycles,Prod,0
2021-05-01,2020-21,DYL Motorcycles,Sale,0
2021-06-01,2020-21,DYL Motorcycles,Prod,0
2021-06-01,2020-21,DYL Motorcycles,Sale,0
2007-07-01,2007-08,Daihatsu Cuore,Prod,1104
2007-07-01,2007-08,Daihatsu Cuore,Sale,1054
2007-08-01,2007-08,Daihatsu Cuore,Prod,1235
2007-08-01,2007-08,Daihatsu Cuore,Sale,1277
2007-09-01,2007-08,Daihatsu Cuore,Prod,837
2007-09-01,2007-08,Daihatsu Cuore,Sale,841
2007-10-01,2007-08,Daihatsu Cuore,Prod,749
2007-10-01,2007-08,Daihatsu Cuore,Sale,715
2007-11-01,2007-08,Daihatsu Cuore,Prod,960
2007-11-01,2007-08,Daihatsu Cuore,Sale,971
2007-12-01,2007-08,Daihatsu Cuore,Prod,443
2007-12-01,2007-08,Daihatsu Cuore,Sale,380
2008-01-01,2007-08,Daihatsu Cuore,Prod,1422
2008-01-01,2007-08,Daihatsu Cuore,Sale,1314
2008-02-01,2007-08,Daihatsu Cuore,Prod,1106
2008-02-01,2007-08,Daihatsu Cuore,Sale,982
2008-03-01,2007-08,Daihatsu Cuore,Prod,1077
2008-03-01,2007-08,Daihatsu Cuore,Sale,1137
2008-04-01,2007-08,Daihatsu Cuore,Prod,1361
2008-04-01,2007-08,Daihatsu Cuore,Sale,1337
2008-05-01,2007-08,Daihatsu Cuore,Prod,1223
2008-05-01,2007-08,Daihatsu Cuore,Sale,1217
2008-06-01,2007-08,Daihatsu Cuore,Prod,889
2008-06-01,2007-08,Daihatsu Cuore,Sale,979
2008-07-01,2008-09,Daihatsu Cuore,Prod,1032
2008-07-01,2008-09,Daihatsu Cuore,Sale,918
2008-08-01,2008-09,Daihatsu Cuore,Prod,1013
2008-08-01,2008-09,Daihatsu Cuore,Sale,905
2008-09-01,2008-09,Daihatsu Cuore,Prod,718
2008-09-01,2008-09,Daihatsu Cuore,Sale,917
2008-10-01,2008-09,Daihatsu Cuore,Prod,640
2008-10-01,2008-09,Daihatsu Cuore,Sale,604
2008-11-01,2008-09,Daihatsu Cuore,Prod,530
2008-11-01,2008-09,Daihatsu Cuore,Sale,173
2008-12-01,2008-09,Daihatsu Cuore,Prod,70
2008-12-01,2008-09,Daihatsu Cuore,Sale,87
2009-01-01,2008-09,Daihatsu Cuore,Prod,90
2009-01-01,2008-09,Daihatsu Cuore,Sale,285
2009-02-01,2008-09,Daihatsu Cuore,Prod,412
2009-02-01,2008-09,Daihatsu Cuore,Sale,524
2009-03-01,2008-09,Daihatsu Cuore,Prod,488
2009-03-01,2008-09,Daihatsu Cuore,Sale,397
2009-04-01,2008-09,Daihatsu Cuore,Prod,179
2009-04-01,2008-09,Daihatsu Cuore,Sale,320
2009-05-01,2008-09,Daihatsu Cuore,Prod,281
2009-05-01,2008-09,Daihatsu Cuore,Sale,325
2009-06-01,2008-09,Daihatsu Cuore,Prod,350
2009-06-01,2008-09,Daihatsu Cuore,Sale,397
2009-07-01,2009-10,Daihatsu Cuore,Prod,320
2009-07-01,2009-10,Daihatsu Cuore,Sale,331
2009-08-01,2009-10,Daihatsu Cuore,Prod,349
2009-08-01,2009-10,Daihatsu Cuore,Sale,379
2009-09-01,2009-10,Daihatsu Cuore,Prod,327
2009-09-01,2009-10,Daihatsu Cuore,Sale,409
2009-10-01,2009-10,Daihatsu Cuore,Prod,434
2009-10-01,2009-10,Daihatsu Cuore,Sale,425
2009-11-01,2009-10,Daihatsu Cuore,Prod,287
2009-11-01,2009-10,Daihatsu Cuore,Sale,285
2009-12-01,2009-10,Daihatsu Cuore,Prod,217
2009-12-01,2009-10,Daihatsu Cuore,Sale,206
2010-01-01,2009-10,Daihatsu Cuore,Prod,682
2010-01-01,2009-10,Daihatsu Cuore,Sale,643
2010-02-01,2009-10,Daihatsu Cuore,Prod,573
2010-02-01,2009-10,Daihatsu Cuore,Sale,553
2010-03-01,2009-10,Daihatsu Cuore,Prod,469
2010-03-01,2009-10,Daihatsu Cuore,Sale,496
2010-04-01,2009-10,Daihatsu Cuore,Prod,288
2010-04-01,2009-10,Daihatsu Cuore,Sale,327
2010-05-01,2009-10,Daihatsu Cuore,Prod,630
2010-05-01,2009-10,Daihatsu Cuore,Sale,619
2010-06-01,2009-10,Daihatsu Cuore,Prod,569
2010-06-01,2009-10,Daihatsu Cuore,Sale,628
2010-07-01,2010-11,Daihatsu Cuore,Prod,463
2010-07-01,2010-11,Daihatsu Cuore,Sale,421
2010-08-01,2010-11,Daihatsu Cuore,Prod,358
2010-08-01,2010-11,Daihatsu Cuore,Sale,392
2010-09-01,2010-11,Daihatsu Cuore,Prod,333
2010-09-01,2010-11,Daihatsu Cuore,Sale,323
2010-10-01,2010-11,Daihatsu Cuore,Prod,740
2010-10-01,2010-11,Daihatsu Cuore,Sale,757
2010-11-01,2010-11,Daihatsu Cuore,Prod,814
2010-11-01,2010-11,Daihatsu Cuore,Sale,755
2010-12-01,2010-11,Daihatsu Cuore,Prod,343
2010-12-01,2010-11,Daihatsu Cuore,Sale,311
2011-01-01,2010-11,Daihatsu Cuore,Prod,567
2011-01-01,2010-11,Daihatsu Cuore,Sale,545
2011-02-01,2010-11,Daihatsu Cuore,Prod,626
2011-02-01,2010-11,Daihatsu Cuore,Sale,690
2011-03-01,2010-11,Daihatsu Cuore,Prod,428
2011-03-01,2010-11,Daihatsu Cuore,Sale,469
2011-04-01,2010-11,Daihatsu Cuore,Prod,298
2011-04-01,2010-11,Daihatsu Cuore,Sale,312
2011-05-01,2010-11,Daihatsu Cuore,Prod,621
2011-05-01,2010-11,Daihatsu Cuore,Sale,569
2011-06-01,2010-11,Daihatsu Cuore,Prod,689
2011-06-01,2010-11,Daihatsu Cuore,Sale,463
2011-07-01,2011-12,Daihatsu Cuore,Prod,336
2011-07-01,2011-12,Daihatsu Cuore,Sale,458
2011-08-01,2011-12,Daihatsu Cuore,Prod,367
2011-08-01,2011-12,Daihatsu Cuore,Sale,382
2011-09-01,2011-12,Daihatsu Cuore,Prod,452
2011-09-01,2011-12,Daihatsu Cuore,Sale,442
2011-10-01,2011-12,Daihatsu Cuore,Prod,488
2011-10-01,2011-12,Daihatsu Cuore,Sale,250
2011-11-01,2011-12,Daihatsu Cuore,Prod,222
2011-11-01,2011-12,Daihatsu Cuore,Sale,191
2011-12-01,2011-12,Daihatsu Cuore,Prod,195
2011-12-01,2011-12,Daihatsu Cuore,Sale,161
2012-01-01,2011-12,Daihatsu Cuore,Prod,244
2012-01-01,2011-12,Daihatsu Cuore,Sale,361
2012-02-01,2011-12,Daihatsu Cuore,Prod,648
2012-02-01,2011-12,Daihatsu Cuore,Sale,520
2012-03-01,2011-12,Daihatsu Cuore,Prod,656
2012-03-01,2011-12,Daihatsu Cuore,Sale,421
2012-04-01,2011-12,Daihatsu Cuore,Prod,27
2012-04-01,2011-12,Daihatsu Cuore,Sale,313
2012-05-01,2011-12,Daihatsu Cuore,Prod,0
2012-05-01,2011-12,Daihatsu Cuore,Sale,63
2012-06-01,2011-12,Daihatsu Cuore,Prod,0
2012-06-01,2011-12,Daihatsu Cuore,Sale,295
2012-07-01,2012-13,Daihatsu Cuore,Prod,0
2012-07-01,2012-13,Daihatsu Cuore,Sale,59
2012-08-01,2012-13,Daihatsu Cuore,Prod,0
2012-08-01,2012-13,Daihatsu Cuore,Sale,10
2012-09-01,2012-13,Daihatsu Cuore,Prod,0
2012-09-01,2012-13,Daihatsu Cuore,Sale,2
2012-10-01,2012-13,Daihatsu Cuore,Prod,0
2012-10-01,2012-13,Daihatsu Cuore,Sale,0
2012-11-01,2012-13,Daihatsu Cuore,Prod,0
2012-11-01,2012-13,Daihatsu Cuore,Sale,0
2012-12-01,2012-13,Daihatsu Cuore,Prod,0
2012-12-01,2012-13,Daihatsu Cuore,Sale,0
2013-01-01,2012-13,Daihatsu Cuore,Prod,0
2013-01-01,2012-13,Daihatsu Cuore,Sale,0
2013-02-01,2012-13,Daihatsu Cuore,Prod,0
2013-02-01,2012-13,Daihatsu Cuore,Sale,0
2013-03-01,2012-13,Daihatsu Cuore,Prod,0
2013-03-01,2012-13,Daihatsu Cuore,Sale,0
2013-04-01,2012-13,Daihatsu Cuore,Prod,0
2013-04-01,2012-13,Daihatsu Cuore,Sale,0
2013-05-01,2012-13,Daihatsu Cuore,Prod,0
2013-05-01,2012-13,Daihatsu Cuore,Sale,0
2013-06-01,2012-13,Daihatsu Cuore,Prod,0
2013-06-01,2012-13,Daihatsu Cuore,Sale,0
2007-07-01,2007-08,Dong Feng,Prod,0
2007-07-01,2007-08,Dong Feng,Prod,6
2007-07-01,2007-08,Dong Feng,Prod,2
2007-07-01,2007-08,Dong Feng,Sale,0
2007-07-01,2007-08,Dong Feng,Sale,0
2007-07-01,2007-08,Dong Feng,Sale,4
2007-08-01,2007-08,Dong Feng,Prod,0
2007-08-01,2007-08,Dong Feng,Prod,0
2007-08-01,2007-08,Dong Feng,Prod,8
2007-08-01,2007-08,Dong Feng,Sale,0
2007-08-01,2007-08,Dong Feng,Sale,3
2007-08-01,2007-08,Dong Feng,Sale,3
2007-09-01,2007-08,Dong Feng,Prod,0
2007-09-01,2007-08,Dong Feng,Prod,0
2007-09-01,2007-08,Dong Feng,Prod,0
2007-09-01,2007-08,Dong Feng,Sale,0
2007-09-01,2007-08,Dong Feng,Sale,1
2007-09-01,2007-08,Dong Feng,Sale,6
2007-10-01,2007-08,Dong Feng,Prod,0
2007-10-01,2007-08,Dong Feng,Prod,4
2007-10-01,2007-08,Dong Feng,Prod,13
2007-10-01,2007-08,Dong Feng,Sale,0
2007-10-01,2007-08,Dong Feng,Sale,1
2007-10-01,2007-08,Dong Feng,Sale,8
2007-11-01,2007-08,Dong Feng,Prod,0
2007-11-01,2007-08,Dong Feng,Prod,0
2007-11-01,2007-08,Dong Feng,Prod,6
2007-11-01,2007-08,Dong Feng,Sale,0
2007-11-01,2007-08,Dong Feng,Sale,5
2007-11-01,2007-08,Dong Feng,Sale,12
2007-12-01,2007-08,Dong Feng,Prod,0
2007-12-01,2007-08,Dong Feng,Prod,0
2007-12-01,2007-08,Dong Feng,Prod,14
2007-12-01,2007-08,Dong Feng,Sale,0
2007-12-01,2007-08,Dong Feng,Sale,1
2007-12-01,2007-08,Dong Feng,Sale,14
2008-01-01,2007-08,Dong Feng,Prod,0
2008-01-01,2007-08,Dong Feng,Prod,0
2008-01-01,2007-08,Dong Feng,Prod,20
2008-01-01,2007-08,Dong Feng,Sale,0
2008-01-01,2007-08,Dong Feng,Sale,4
2008-01-01,2007-08,Dong Feng,Sale,14
2008-02-01,2007-08,Dong Feng,Prod,0
2008-02-01,2007-08,Dong Feng,Prod,0
2008-02-01,2007-08,Dong Feng,Prod,12
2008-02-01,2007-08,Dong Feng,Sale,0
2008-02-01,2007-08,Dong Feng,Sale,3
2008-02-01,2007-08,Dong Feng,Sale,4
2008-03-01,2007-08,Dong Feng,Prod,0
2008-03-01,2007-08,Dong Feng,Prod,0
2008-03-01,2007-08,Dong Feng,Prod,5
2008-03-01,2007-08,Dong Feng,Sale,0
2008-03-01,2007-08,Dong Feng,Sale,0
2008-03-01,2007-08,Dong Feng,Sale,5
2008-04-01,2007-08,Dong Feng,Prod,0
2008-04-01,2007-08,Dong Feng,Prod,2
2008-04-01,2007-08,Dong Feng,Prod,4
2008-04-01,2007-08,Dong Feng,Sale,0
2008-04-01,2007-08,Dong Feng,Sale,0
2008-04-01,2007-08,Dong Feng,Sale,19
2008-05-01,2007-08,Dong Feng,Prod,0
2008-05-01,2007-08,Dong Feng,Prod,0
2008-05-01,2007-08,Dong Feng,Prod,0
2008-05-01,2007-08,Dong Feng,Sale,0
2008-05-01,2007-08,Dong Feng,Sale,0
2008-05-01,2007-08,Dong Feng,Sale,4
2008-06-01,2007-08,Dong Feng,Prod,0
2008-06-01,2007-08,Dong Feng,Prod,3
2008-06-01,2007-08,Dong Feng,Prod,10
2008-06-01,2007-08,Dong Feng,Sale,0
2008-06-01,2007-08,Dong Feng,Sale,0
2008-06-01,2007-08,Dong Feng,Sale,7
2008-07-01,2008-09,Dong Feng,Prod,0
2008-07-01,2008-09,Dong Feng,Prod,0
2008-07-01,2008-09,Dong Feng,Prod,0
2008-07-01,2008-09,Dong Feng,Sale,0
2008-07-01,2008-09,Dong Feng,Sale,0
2008-07-01,2008-09,Dong Feng,Sale,7
2008-08-01,2008-09,Dong Feng,Prod,0
2008-08-01,2008-09,Dong Feng,Prod,0
2008-08-01,2008-09,Dong Feng,Prod,5
2008-08-01,2008-09,Dong Feng,Sale,0
2008-08-01,2008-09,Dong Feng,Sale,0
2008-08-01,2008-09,Dong Feng,Sale,3
2008-09-01,2008-09,Dong Feng,Prod,0
2008-09-01,2008-09,Dong Feng,Prod,0
2008-09-01,2008-09,Dong Feng,Prod,0
2008-09-01,2008-09,Dong Feng,Sale,0
2008-09-01,2008-09,Dong Feng,Sale,0
2008-09-01,2008-09,Dong Feng,Sale,6
2008-10-01,2008-09,Dong Feng,Prod,0
2008-10-01,2008-09,Dong Feng,Prod,0
2008-10-01,2008-09,Dong Feng,Prod,5
2008-10-01,2008-09,Dong Feng,Sale,0
2008-10-01,2008-09,Dong Feng,Sale,0
2008-10-01,2008-09,Dong Feng,Sale,1
2008-11-01,2008-09,Dong Feng,Prod,0
2008-11-01,2008-09,Dong Feng,Prod,0
2008-11-01,2008-09,Dong Feng,Prod,6
2008-11-01,2008-09,Dong Feng,Sale,0
2008-11-01,2008-09,Dong Feng,Sale,0
2008-11-01,2008-09,Dong Feng,Sale,3
2008-12-01,2008-09,Dong Feng,Prod,0
2008-12-01,2008-09,Dong Feng,Prod,0
2008-12-01,2008-09,Dong Feng,Prod,9
2008-12-01,2008-09,Dong Feng,Sale,0
2008-12-01,2008-09,Dong Feng,Sale,0
2008-12-01,2008-09,Dong Feng,Sale,1
2009-01-01,2008-09,Dong Feng,Prod,0
2009-01-01,2008-09,Dong Feng,Prod,0
2009-01-01,2008-09,Dong Feng,Prod,7
2009-01-01,2008-09,Dong Feng,Sale,1
2009-01-01,2008-09,Dong Feng,Sale,0
2009-01-01,2008-09,Dong Feng,Sale,6
2009-02-01,2008-09,Dong Feng,Prod,0
2009-02-01,2008-09,Dong Feng,Prod,1
2009-02-01,2008-09,Dong Feng,Prod,6
2009-02-01,2008-09,Dong Feng,Sale,0
2009-02-01,2008-09,Dong Feng,Sale,5
2009-02-01,2008-09,Dong Feng,Sale,2
2009-03-01,2008-09,Dong Feng,Prod,0
2009-03-01,2008-09,Dong Feng,Prod,5
2009-03-01,2008-09,Dong Feng,Prod,0
2009-03-01,2008-09,Dong Feng,Sale,1
2009-03-01,2008-09,Dong Feng,Sale,0
2009-03-01,2008-09,Dong Feng,Sale,3
2009-04-01,2008-09,Dong Feng,Prod,0
2009-04-01,2008-09,Dong Feng,Prod,0
2009-04-01,2008-09,Dong Feng,Prod,4
2009-04-01,2008-09,Dong Feng,Sale,0
2009-04-01,2008-09,Dong Feng,Sale,0
2009-04-01,2008-09,Dong Feng,Sale,1
2009-05-01,2008-09,Dong Feng,Prod,3
2009-05-01,2008-09,Dong Feng,Prod,0
2009-05-01,2008-09,Dong Feng,Prod,0
2009-05-01,2008-09,Dong Feng,Sale,2
2009-05-01,2008-09,Dong Feng,Sale,3
2009-05-01,2008-09,Dong Feng,Sale,5
2009-06-01,2008-09,Dong Feng,Prod,0
2009-06-01,2008-09,Dong Feng,Prod,0
2009-06-01,2008-09,Dong Feng,Prod,0
2009-06-01,2008-09,Dong Feng,Sale,0
2009-06-01,2008-09,Dong Feng,Sale,0
2009-06-01,2008-09,Dong Feng,Sale,0
2009-07-01,2009-10,Dong Feng,Prod,0
2009-07-01,2009-10,Dong Feng,Prod,0
2009-07-01,2009-10,Dong Feng,Prod,0
2009-07-01,2009-10,Dong Feng,Sale,0
2009-07-01,2009-10,Dong Feng,Sale,2
2009-07-01,2009-10,Dong Feng,Sale,2
2009-08-01,2009-10,Dong Feng,Prod,0
2009-08-01,2009-10,Dong Feng,Prod,0
2009-08-01,2009-10,Dong Feng,Prod,0
2009-08-01,2009-10,Dong Feng,Sale,0
2009-08-01,2009-10,Dong Feng,Sale,0
2009-08-01,2009-10,Dong Feng,Sale,1
2009-09-01,2009-10,Dong Feng,Prod,0
2009-09-01,2009-10,Dong Feng,Prod,0
2009-09-01,2009-10,Dong Feng,Prod,0
2009-09-01,2009-10,Dong Feng,Sale,0
2009-09-01,2009-10,Dong Feng,Sale,0
2009-09-01,2009-10,Dong Feng,Sale,2
2009-10-01,2009-10,Dong Feng,Prod,0
2009-10-01,2009-10,Dong Feng,Prod,0
2009-10-01,2009-10,Dong Feng,Prod,0
2009-10-01,2009-10,Dong Feng,Sale,0
2009-10-01,2009-10,Dong Feng,Sale,0
2009-10-01,2009-10,Dong Feng,Sale,2
2009-11-01,2009-10,Dong Feng,Prod,0
2009-11-01,2009-10,Dong Feng,Prod,0
2009-11-01,2009-10,Dong Feng,Prod,0
2009-11-01,2009-10,Dong Feng,Sale,0
2009-11-01,2009-10,Dong Feng,Sale,0
2009-11-01,2009-10,Dong Feng,Sale,1
2009-12-01,2009-10,Dong Feng,Prod,0
2009-12-01,2009-10,Dong Feng,Prod,0
2009-12-01,2009-10,Dong Feng,Prod,0
2009-12-01,2009-10,Dong Feng,Sale,0
2009-12-01,2009-10,Dong Feng,Sale,0
2009-12-01,2009-10,Dong Feng,Sale,1
2010-01-01,2009-10,Dong Feng,Prod,0
2010-01-01,2009-10,Dong Feng,Prod,0
2010-01-01,2009-10,Dong Feng,Prod,0
2010-01-01,2009-10,Dong Feng,Sale,0
2010-01-01,2009-10,Dong Feng,Sale,0
2010-01-01,2009-10,Dong Feng,Sale,2
2010-02-01,2009-10,Dong Feng,Prod,0
2010-02-01,2009-10,Dong Feng,Prod,0
2010-02-01,2009-10,Dong Feng,Prod,0
2010-02-01,2009-10,Dong Feng,Sale,0
2010-02-01,2009-10,Dong Feng,Sale,0
2010-02-01,2009-10,Dong Feng,Sale,2
2010-03-01,2009-10,Dong Feng,Prod,0
2010-03-01,2009-10,Dong Feng,Prod,0
2010-03-01,2009-10,Dong Feng,Prod,0
2010-03-01,2009-10,Dong Feng,Sale,0
2010-03-01,2009-10,Dong Feng,Sale,0
2010-03-01,2009-10,Dong Feng,Sale,3
2010-04-01,2009-10,Dong Feng,Prod,0
2010-04-01,2009-10,Dong Feng,Prod,0
2010-04-01,2009-10,Dong Feng,Prod,0
2010-04-01,2009-10,Dong Feng,Sale,0
2010-04-01,2009-10,Dong Feng,Sale,0
2010-04-01,2009-10,Dong Feng,Sale,0
2010-05-01,2009-10,Dong Feng,Prod,0
2010-05-01,2009-10,Dong Feng,Prod,0
2010-05-01,2009-10,Dong Feng,Prod,0
2010-05-01,2009-10,Dong Feng,Sale,0
2010-05-01,2009-10,Dong Feng,Sale,0
2010-05-01,2009-10,Dong Feng,Sale,2
2010-06-01,2009-10,Dong Feng,Prod,0
2010-06-01,2009-10,Dong Feng,Prod,0
2010-06-01,2009-10,Dong Feng,Prod,0
2010-06-01,2009-10,Dong Feng,Sale,0
2010-06-01,2009-10,Dong Feng,Sale,0
2010-06-01,2009-10,Dong Feng,Sale,0
2010-07-01,2010-11,Dong Feng,Prod,0
2010-07-01,2010-11,Dong Feng,Prod,0
2010-07-01,2010-11,Dong Feng,Prod,0
2010-07-01,2010-11,Dong Feng,Sale,0
2010-07-01,2010-11,Dong Feng,Sale,0
2010-07-01,2010-11,Dong Feng,Sale,0
2010-08-01,2010-11,Dong Feng,Prod,0
2010-08-01,2010-11,Dong Feng,Prod,0
2010-08-01,2010-11,Dong Feng,Prod,0
2010-08-01,2010-11,Dong Feng,Sale,0
2010-08-01,2010-11,Dong Feng,Sale,0
2010-08-01,2010-11,Dong Feng,Sale,0
2010-09-01,2010-11,Dong Feng,Prod,0
2010-09-01,2010-11,Dong Feng,Prod,0
2010-09-01,2010-11,Dong Feng,Prod,0
2010-09-01,2010-11,Dong Feng,Sale,0
2010-09-01,2010-11,Dong Feng,Sale,0
2010-09-01,2010-11,Dong Feng,Sale,0
2010-10-01,2010-11,Dong Feng,Prod,0
2010-10-01,2010-11,Dong Feng,Prod,0
2010-10-01,2010-11,Dong Feng,Prod,0
2010-10-01,2010-11,Dong Feng,Sale,0
2010-10-01,2010-11,Dong Feng,Sale,0
2010-10-01,2010-11,Dong Feng,Sale,0
2010-11-01,2010-11,Dong Feng,Prod,0
2010-11-01,2010-11,Dong Feng,Prod,0
2010-11-01,2010-11,Dong Feng,Prod,0
2010-11-01,2010-11,Dong Feng,Sale,0
2010-11-01,2010-11,Dong Feng,Sale,0
2010-11-01,2010-11,Dong Feng,Sale,0
2010-12-01,2010-11,Dong Feng,Prod,0
2010-12-01,2010-11,Dong Feng,Prod,0
2010-12-01,2010-11,Dong Feng,Prod,0
2010-12-01,2010-11,Dong Feng,Sale,0
2010-12-01,2010-11,Dong Feng,Sale,0
2010-12-01,2010-11,Dong Feng,Sale,0
2011-01-01,2010-11,Dong Feng,Prod,0
2011-01-01,2010-11,Dong Feng,Prod,0
2011-01-01,2010-11,Dong Feng,Prod,0
2011-01-01,2010-11,Dong Feng,Sale,0
2011-01-01,2010-11,Dong Feng,Sale,0
2011-01-01,2010-11,Dong Feng,Sale,0
2011-02-01,2010-11,Dong Feng,Prod,0
2011-02-01,2010-11,Dong Feng,Prod,0
2011-02-01,2010-11,Dong Feng,Prod,0
2011-02-01,2010-11,Dong Feng,Sale,0
2011-02-01,2010-11,Dong Feng,Sale,0
2011-02-01,2010-11,Dong Feng,Sale,0
2011-03-01,2010-11,Dong Feng,Prod,0
2011-03-01,2010-11,Dong Feng,Prod,0
2011-03-01,2010-11,Dong Feng,Prod,0
2011-03-01,2010-11,Dong Feng,Sale,0
2011-03-01,2010-11,Dong Feng,Sale,0
2011-03-01,2010-11,Dong Feng,Sale,0
2011-04-01,2010-11,Dong Feng,Prod,0
2011-04-01,2010-11,Dong Feng,Prod,0
2011-04-01,2010-11,Dong Feng,Prod,0
2011-04-01,2010-11,Dong Feng,Sale,0
2011-04-01,2010-11,Dong Feng,Sale,0
2011-04-01,2010-11,Dong Feng,Sale,0
2011-05-01,2010-11,Dong Feng,Prod,0
2011-05-01,2010-11,Dong Feng,Prod,0
2011-05-01,2010-11,Dong Feng,Prod,0
2011-05-01,2010-11,Dong Feng,Sale,0
2011-05-01,2010-11,Dong Feng,Sale,0
2011-05-01,2010-11,Dong Feng,Sale,0
2011-06-01,2010-11,Dong Feng,Prod,0
2011-06-01,2010-11,Dong Feng,Prod,0
2011-06-01,2010-11,Dong Feng,Prod,0
2011-06-01,2010-11,Dong Feng,Sale,0
2011-06-01,2010-11,Dong Feng,Sale,0
2011-06-01,2010-11,Dong Feng,Sale,0
2024-07-01,2024-25,FIAT                    Al-Ghazi,Prod,1260
2024-07-01,2024-25,FIAT                    Al-Ghazi,Sale,855
2024-08-01,2024-25,FIAT                    Al-Ghazi,Prod,1315
2024-08-01,2024-25,FIAT                    Al-Ghazi,Sale,1452
2024-09-01,2024-25,FIAT                    Al-Ghazi,Prod,55
2024-09-01,2024-25,FIAT                    Al-Ghazi,Sale,333
2024-10-01,2024-25,FIAT                    Al-Ghazi,Prod,375
2024-10-01,2024-25,FIAT                    Al-Ghazi,Sale,294
2024-11-01,2024-25,FIAT                    Al-Ghazi,Prod,1655
2024-11-01,2024-25,FIAT                    Al-Ghazi,Sale,2012
2024-12-01,2024-25,FIAT                    Al-Ghazi,Prod,1933
2024-12-01,2024-25,FIAT                    Al-Ghazi,Sale,2344
2025-01-01,2024-25,FIAT                    Al-Ghazi,Prod,515
2025-01-01,2024-25,FIAT                    Al-Ghazi,Sale,411
2025-02-01,2024-25,FIAT                    Al-Ghazi,Prod,1405
2025-02-01,2024-25,FIAT                    Al-Ghazi,Sale,410
2025-03-01,2024-25,FIAT                    Al-Ghazi,Prod,260
2025-03-01,2024-25,FIAT                    Al-Ghazi,Sale,601
2025-04-01,2024-25,FIAT                    Al-Ghazi,Prod,655
2025-04-01,2024-25,FIAT                    Al-Ghazi,Sale,743
2025-05-01,2024-25,FIAT                    Al-Ghazi,Prod,497
2025-05-01,2024-25,FIAT                    Al-Ghazi,Sale,615
2025-06-01,2024-25,FIAT                    Al-Ghazi,Prod,45
2025-06-01,2024-25,FIAT                    Al-Ghazi,Sale,542
2007-07-01,2007-08,Fiat,Prod,1902
2007-07-01,2007-08,Fiat,Sale,1870
2007-08-01,2007-08,Fiat,Prod,1867
2007-08-01,2007-08,Fiat,Sale,1925
2007-09-01,2007-08,Fiat,Prod,1902
2007-09-01,2007-08,Fiat,Sale,1943
2007-10-01,2007-08,Fiat,Prod,2207
2007-10-01,2007-08,Fiat,Sale,2178
2007-11-01,2007-08,Fiat,Prod,2310
2007-11-01,2007-08,Fiat,Sale,2324
2007-12-01,2007-08,Fiat,Prod,2552
2007-12-01,2007-08,Fiat,Sale,2644
2008-01-01,2007-08,Fiat,Prod,1910
2008-01-01,2007-08,Fiat,Sale,1915
2008-02-01,2007-08,Fiat,Prod,1840
2008-02-01,2007-08,Fiat,Sale,1837
2008-03-01,2007-08,Fiat,Prod,1705
2008-03-01,2007-08,Fiat,Sale,1706
2008-04-01,2007-08,Fiat,Prod,2555
2008-04-01,2007-08,Fiat,Sale,2407
2008-05-01,2007-08,Fiat,Prod,2358
2008-05-01,2007-08,Fiat,Sale,2512
2008-06-01,2007-08,Fiat,Prod,2632
2008-06-01,2007-08,Fiat,Sale,2646
2008-07-01,2008-09,Fiat,Prod,2284
2008-07-01,2008-09,Fiat,Sale,1942
2008-08-01,2008-09,Fiat,Prod,2105
2008-08-01,2008-09,Fiat,Sale,2332
2008-09-01,2008-09,Fiat,Prod,2611
2008-09-01,2008-09,Fiat,Sale,2696
2008-10-01,2008-09,Fiat,Prod,2110
2008-10-01,2008-09,Fiat,Sale,1804
2008-11-01,2008-09,Fiat,Prod,2471
2008-11-01,2008-09,Fiat,Sale,2400
2008-12-01,2008-09,Fiat,Prod,2969
2008-12-01,2008-09,Fiat,Sale,3379
2009-01-01,2008-09,Fiat,Prod,2123
2009-01-01,2008-09,Fiat,Sale,2125
2009-02-01,2008-09,Fiat,Prod,2010
2009-02-01,2008-09,Fiat,Sale,1177
2009-03-01,2008-09,Fiat,Prod,2563
2009-03-01,2008-09,Fiat,Sale,3392
2009-04-01,2008-09,Fiat,Prod,3003
2009-04-01,2008-09,Fiat,Sale,3005
2009-05-01,2008-09,Fiat,Prod,2702
2009-05-01,2008-09,Fiat,Sale,2572
2009-06-01,2008-09,Fiat,Prod,3232
2009-06-01,2008-09,Fiat,Sale,3293
2009-07-01,2009-10,Fiat,Prod,1900
2009-07-01,2009-10,Fiat,Sale,1902
2009-08-01,2009-10,Fiat,Prod,2513
2009-08-01,2009-10,Fiat,Sale,2035
2009-09-01,2009-10,Fiat,Prod,2350
2009-09-01,2009-10,Fiat,Sale,1602
2009-10-01,2009-10,Fiat,Prod,2465
2009-10-01,2009-10,Fiat,Sale,2174
2009-11-01,2009-10,Fiat,Prod,2690
2009-11-01,2009-10,Fiat,Sale,3740
2009-12-01,2009-10,Fiat,Prod,2800
2009-12-01,2009-10,Fiat,Sale,3048
2010-01-01,2009-10,Fiat,Prod,2441
2010-01-01,2009-10,Fiat,Sale,2538
2010-02-01,2009-10,Fiat,Prod,2373
2010-02-01,2009-10,Fiat,Sale,2406
2010-03-01,2009-10,Fiat,Prod,3505
2010-03-01,2009-10,Fiat,Sale,3092
2010-04-01,2009-10,Fiat,Prod,2156
2010-04-01,2009-10,Fiat,Sale,2476
2010-05-01,2009-10,Fiat,Prod,2727
2010-05-01,2009-10,Fiat,Sale,2825
2010-06-01,2009-10,Fiat,Prod,3510
2010-06-01,2009-10,Fiat,Sale,3594
2010-07-01,2010-11,Fiat,Prod,2822
2010-07-01,2010-11,Fiat,Sale,2816
2010-08-01,2010-11,Fiat,Prod,1056
2010-08-01,2010-11,Fiat,Sale,537
2010-09-01,2010-11,Fiat,Prod,1327
2010-09-01,2010-11,Fiat,Sale,1632
2010-10-01,2010-11,Fiat,Prod,2043
2010-10-01,2010-11,Fiat,Sale,2020
2010-11-01,2010-11,Fiat,Prod,2328
2010-11-01,2010-11,Fiat,Sale,2474
2010-12-01,2010-11,Fiat,Prod,2732
2010-12-01,2010-11,Fiat,Sale,2754
2011-01-01,2010-11,Fiat,Prod,2701
2011-01-01,2010-11,Fiat,Sale,2670
2011-02-01,2010-11,Fiat,Prod,3012
2011-02-01,2010-11,Fiat,Sale,3102
2011-03-01,2010-11,Fiat,Prod,3005
2011-03-01,2010-11,Fiat,Sale,2830
2011-04-01,2010-11,Fiat,Prod,2670
2011-04-01,2010-11,Fiat,Sale,2075
2011-05-01,2010-11,Fiat,Prod,2629
2011-05-01,2010-11,Fiat,Sale,2270
2011-06-01,2010-11,Fiat,Prod,2257
2011-06-01,2010-11,Fiat,Sale,2007
2011-07-01,2011-12,Fiat,Prod,635
2011-07-01,2011-12,Fiat,Sale,309
2011-08-01,2011-12,Fiat,Prod,0
2011-08-01,2011-12,Fiat,Sale,306
2011-09-01,2011-12,Fiat,Prod,0
2011-09-01,2011-12,Fiat,Sale,335
2011-10-01,2011-12,Fiat,Prod,746
2011-10-01,2011-12,Fiat,Sale,1249
2011-11-01,2011-12,Fiat,Prod,1555
2011-11-01,2011-12,Fiat,Sale,1414
2011-12-01,2011-12,Fiat,Prod,727
2011-12-01,2011-12,Fiat,Sale,47
2012-01-01,2011-12,Fiat,Prod,4
2012-01-01,2011-12,Fiat,Sale,204
2012-02-01,2011-12,Fiat,Prod,2121
2012-02-01,2011-12,Fiat,Sale,3571
2012-03-01,2011-12,Fiat,Prod,2225
2012-03-01,2011-12,Fiat,Sale,2229
2012-04-01,2011-12,Fiat,Prod,2301
2012-04-01,2011-12,Fiat,Sale,2290
2012-05-01,2011-12,Fiat,Prod,2800
2012-05-01,2011-12,Fiat,Sale,2743
2012-06-01,2011-12,Fiat,Prod,3003
2012-06-01,2011-12,Fiat,Sale,3043
2012-07-01,2012-13,Fiat,Prod,2122
2012-07-01,2012-13,Fiat,Sale,1689
2012-08-01,2012-13,Fiat,Prod,1701
2012-08-01,2012-13,Fiat,Sale,1216
2012-09-01,2012-13,Fiat,Prod,1516
2012-09-01,2012-13,Fiat,Sale,584
2012-10-01,2012-13,Fiat,Prod,2018
2012-10-01,2012-13,Fiat,Sale,2338
2012-11-01,2012-13,Fiat,Prod,1434
2012-11-01,2012-13,Fiat,Sale,2355
2012-12-01,2012-13,Fiat,Prod,2575
2012-12-01,2012-13,Fiat,Sale,3197
2013-01-01,2012-13,Fiat,Prod,1269
2013-01-01,2012-13,Fiat,Sale,592
2013-02-01,2012-13,Fiat,Prod,715
2013-02-01,2012-13,Fiat,Sale,359
2013-03-01,2012-13,Fiat,Prod,1044
2013-03-01,2012-13,Fiat,Sale,1304
2013-04-01,2012-13,Fiat,Prod,1778
2013-04-01,2012-13,Fiat,Sale,1904
2013-05-01,2012-13,Fiat,Prod,1487
2013-05-01,2012-13,Fiat,Sale,1506
2013-06-01,2012-13,Fiat,Prod,1197
2013-06-01,2012-13,Fiat,Sale,1503
2013-07-01,2013-14,Fiat,Prod,717
2013-07-01,2013-14,Fiat,Sale,578
2013-08-01,2013-14,Fiat,Prod,460
2013-08-01,2013-14,Fiat,Sale,516
2013-09-01,2013-14,Fiat,Prod,445
2013-09-01,2013-14,Fiat,Sale,620
2013-10-01,2013-14,Fiat,Prod,1606
2013-10-01,2013-14,Fiat,Sale,1810
2013-11-01,2013-14,Fiat,Prod,1812
2013-11-01,2013-14,Fiat,Sale,1814
2013-12-01,2013-14,Fiat,Prod,1526
2013-12-01,2013-14,Fiat,Sale,1565
2014-01-01,2013-14,Fiat,Prod,561
2014-01-01,2013-14,Fiat,Sale,315
2014-02-01,2013-14,Fiat,Prod,585
2014-02-01,2013-14,Fiat,Sale,545
2014-03-01,2013-14,Fiat,Prod,1225
2014-03-01,2013-14,Fiat,Sale,932
2014-04-01,2013-14,Fiat,Prod,1419
2014-04-01,2013-14,Fiat,Sale,1553
2014-05-01,2013-14,Fiat,Prod,1212
2014-05-01,2013-14,Fiat,Sale,752
2014-06-01,2013-14,Fiat,Prod,352
2014-06-01,2013-14,Fiat,Sale,608
2014-07-01,2014-15,Fiat,Prod,976
2014-07-01,2014-15,Fiat,Sale,1056
2014-08-01,2014-15,Fiat,Prod,1090
2014-08-01,2014-15,Fiat,Sale,1024
2014-09-01,2014-15,Fiat,Prod,1122
2014-09-01,2014-15,Fiat,Sale,1104
2014-10-01,2014-15,Fiat,Prod,1205
2014-10-01,2014-15,Fiat,Sale,1710
2014-11-01,2014-15,Fiat,Prod,2106
2014-11-01,2014-15,Fiat,Sale,2059
2014-12-01,2014-15,Fiat,Prod,1161
2014-12-01,2014-15,Fiat,Sale,760
2015-01-01,2014-15,Fiat,Prod,767
2015-01-01,2014-15,Fiat,Sale,1310
2015-02-01,2014-15,Fiat,Prod,1652
2015-02-01,2014-15,Fiat,Sale,1503
2015-03-01,2014-15,Fiat,Prod,1839
2015-03-01,2014-15,Fiat,Sale,2054
2015-04-01,2014-15,Fiat,Prod,2002
2015-04-01,2014-15,Fiat,Sale,1572
2015-05-01,2014-15,Fiat,Prod,1427
2015-05-01,2014-15,Fiat,Sale,1551
2015-06-01,2014-15,Fiat,Prod,1300
2015-06-01,2014-15,Fiat,Sale,1375
2015-07-01,2015-16,Fiat,Prod,1045
2015-07-01,2015-16,Fiat,Sale,820
2015-08-01,2015-16,Fiat,Prod,825
2015-08-01,2015-16,Fiat,Sale,601
2015-09-01,2015-16,Fiat,Prod,699
2015-09-01,2015-16,Fiat,Sale,710
2015-10-01,2015-16,Fiat,Prod,1065
2015-10-01,2015-16,Fiat,Sale,1001
2015-11-01,2015-16,Fiat,Prod,793
2015-11-01,2015-16,Fiat,Sale,744
2015-12-01,2015-16,Fiat,Prod,172
2015-12-01,2015-16,Fiat,Sale,144
2016-01-01,2015-16,Fiat,Prod,315
2016-01-01,2015-16,Fiat,Sale,984
2016-02-01,2015-16,Fiat,Prod,1048
2016-02-01,2015-16,Fiat,Sale,1135
2016-03-01,2015-16,Fiat,Prod,1847
2016-03-01,2015-16,Fiat,Sale,1808
2016-04-01,2015-16,Fiat,Prod,1856
2016-04-01,2015-16,Fiat,Sale,1935
2016-05-01,2015-16,Fiat,Prod,1800
2016-05-01,2015-16,Fiat,Sale,1771
2016-06-01,2015-16,Fiat,Prod,1310
2016-06-01,2015-16,Fiat,Sale,1102
2016-07-01,2016-17,Fiat,Prod,894
2016-07-01,2016-17,Fiat,Sale,610
2016-08-01,2016-17,Fiat,Prod,892
2016-08-01,2016-17,Fiat,Sale,776
2016-09-01,2016-17,Fiat,Prod,870
2016-09-01,2016-17,Fiat,Sale,1040
2016-10-01,2016-17,Fiat,Prod,1770
2016-10-01,2016-17,Fiat,Sale,2201
2016-11-01,2016-17,Fiat,Prod,2252
2016-11-01,2016-17,Fiat,Sale,2140
2016-12-01,2016-17,Fiat,Prod,1151
2016-12-01,2016-17,Fiat,Sale,704
2017-01-01,2016-17,Fiat,Prod,1165
2017-01-01,2016-17,Fiat,Sale,1772
2017-02-01,2016-17,Fiat,Prod,2080
2017-02-01,2016-17,Fiat,Sale,2082
2017-03-01,2016-17,Fiat,Prod,2601
2017-03-01,2016-17,Fiat,Sale,2601
2017-04-01,2016-17,Fiat,Prod,2180
2017-04-01,2016-17,Fiat,Sale,2180
2017-05-01,2016-17,Fiat,Prod,2213
2017-05-01,2016-17,Fiat,Sale,2211
2017-06-01,2016-17,Fiat,Prod,1515
2017-06-01,2016-17,Fiat,Sale,1516
2017-07-01,2017-18,Fiat,Prod,1853
2017-07-01,2017-18,Fiat,Sale,1505
2017-08-01,2017-18,Fiat,Prod,2014
2017-08-01,2017-18,Fiat,Sale,1902
2017-09-01,2017-18,Fiat,Prod,1807
2017-09-01,2017-18,Fiat,Sale,2265
2017-10-01,2017-18,Fiat,Prod,2715
2017-10-01,2017-18,Fiat,Sale,2713
2017-11-01,2017-18,Fiat,Prod,2701
2017-11-01,2017-18,Fiat,Sale,2453
2017-12-01,2017-18,Fiat,Prod,1247
2017-12-01,2017-18,Fiat,Sale,1223
2018-01-01,2017-18,Fiat,Prod,2770
2018-01-01,2017-18,Fiat,Sale,2715
2018-02-01,2017-18,Fiat,Prod,2640
2018-02-01,2017-18,Fiat,Sale,2910
2018-03-01,2017-18,Fiat,Prod,3143
2018-03-01,2017-18,Fiat,Sale,3202
2018-04-01,2017-18,Fiat,Prod,3201
2018-04-01,2017-18,Fiat,Sale,2941
2018-05-01,2017-18,Fiat,Prod,2652
2018-05-01,2017-18,Fiat,Sale,2505
2018-06-01,2017-18,Fiat,Prod,2128
2018-06-01,2017-18,Fiat,Sale,1505
2018-07-01,2018-19,Fiat,Prod,1179
2018-07-01,2018-19,Fiat,Sale,814
2018-08-01,2018-19,Fiat,Prod,1000
2018-08-01,2018-19,Fiat,Sale,1051
2018-09-01,2018-19,Fiat,Prod,1375
2018-09-01,2018-19,Fiat,Sale,1737
2018-10-01,2018-19,Fiat,Prod,2550
2018-10-01,2018-19,Fiat,Sale,2516
2018-11-01,2018-19,Fiat,Prod,1300
2018-11-01,2018-19,Fiat,Sale,1750
2018-12-01,2018-19,Fiat,Prod,885
2018-12-01,2018-19,Fiat,Sale,287
2019-01-01,2018-19,Fiat,Prod,1013
2019-01-01,2018-19,Fiat,Sale,1492
2019-02-01,2018-19,Fiat,Prod,1734
2019-02-01,2018-19,Fiat,Sale,1596
2019-03-01,2018-19,Fiat,Prod,2220
2019-03-01,2018-19,Fiat,Sale,2628
2019-04-01,2018-19,Fiat,Prod,2276
2019-04-01,2018-19,Fiat,Sale,2001
2019-05-01,2018-19,Fiat,Prod,1193
2019-05-01,2018-19,Fiat,Sale,1250
2019-06-01,2018-19,Fiat,Prod,730
2019-06-01,2018-19,Fiat,Sale,871
2019-07-01,2019-20,Fiat,Prod,864
2019-07-01,2019-20,Fiat,Sale,1122
2019-08-01,2019-20,Fiat,Prod,1229
2019-08-01,2019-20,Fiat,Sale,1304
2019-09-01,2019-20,Fiat,Prod,2018
2019-09-01,2019-20,Fiat,Sale,2044
2019-10-01,2019-20,Fiat,Prod,1513
2019-10-01,2019-20,Fiat,Sale,853
2019-11-01,2019-20,Fiat,Prod,523
2019-11-01,2019-20,Fiat,Sale,418
2019-12-01,2019-20,Fiat,Prod,87
2019-12-01,2019-20,Fiat,Sale,140
2020-01-01,2019-20,Fiat,Prod,210
2020-01-01,2019-20,Fiat,Sale,882
2020-02-01,2019-20,Fiat,Prod,1070
2020-02-01,2019-20,Fiat,Sale,1106
2020-03-01,2019-20,Fiat,Prod,945
2020-03-01,2019-20,Fiat,Sale,864
2020-04-01,2019-20,Fiat,Prod,847
2020-04-01,2019-20,Fiat,Sale,1029
2020-05-01,2019-20,Fiat,Prod,1082
2020-05-01,2019-20,Fiat,Sale,138
2020-06-01,2019-20,Fiat,Prod,1303
2020-06-01,2019-20,Fiat,Sale,1925
2020-07-01,2020-21,Fiat,Prod,1092
2020-07-01,2020-21,Fiat,Sale,1401
2020-08-01,2020-21,Fiat,Prod,1144
2020-08-01,2020-21,Fiat,Sale,633
2020-09-01,2020-21,Fiat,Prod,1756
2020-09-01,2020-21,Fiat,Sale,1441
2020-10-01,2020-21,Fiat,Prod,1085
2020-10-01,2020-21,Fiat,Sale,1475
2020-11-01,2020-21,Fiat,Prod,1377
2020-11-01,2020-21,Fiat,Sale,903
2020-12-01,2020-21,Fiat,Prod,743
2020-12-01,2020-21,Fiat,Sale,345
2021-01-01,2020-21,Fiat,Prod,237
2021-01-01,2020-21,Fiat,Sale,1347
2021-02-01,2020-21,Fiat,Prod,1417
2021-02-01,2020-21,Fiat,Sale,1442
2021-03-01,2020-21,Fiat,Prod,1842
2021-03-01,2020-21,Fiat,Sale,2012
2021-04-01,2020-21,Fiat,Prod,1485
2021-04-01,2020-21,Fiat,Sale,1287
2021-05-01,2020-21,Fiat,Prod,1148
2021-05-01,2020-21,Fiat,Sale,1301
2021-06-01,2020-21,Fiat,Prod,1555
2021-06-01,2020-21,Fiat,Sale,1542
2021-07-01,2021-22,Fiat,Prod,1360
2021-07-01,2021-22,Fiat,Sale,1406
2021-08-01,2021-22,Fiat,Prod,1492
2021-08-01,2021-22,Fiat,Sale,1302
2021-09-01,2021-22,Fiat,Prod,2011
2021-09-01,2021-22,Fiat,Sale,2120
2021-10-01,2021-22,Fiat,Prod,1717
2021-10-01,2021-22,Fiat,Sale,1858
2021-11-01,2021-22,Fiat,Prod,1381
2021-11-01,2021-22,Fiat,Sale,1363
2021-12-01,2021-22,Fiat,Prod,1475
2021-12-01,2021-22,Fiat,Sale,1176
2022-01-01,2021-22,Fiat,Prod,2012
2022-01-01,2021-22,Fiat,Sale,1950
2022-02-01,2021-22,Fiat,Prod,2053
2022-02-01,2021-22,Fiat,Sale,2002
2022-03-01,2021-22,Fiat,Prod,2604
2022-03-01,2021-22,Fiat,Sale,2560
2022-04-01,2021-22,Fiat,Prod,2704
2022-04-01,2021-22,Fiat,Sale,2603
2022-05-01,2021-22,Fiat,Prod,2329
2022-05-01,2021-22,Fiat,Sale,2401
2022-06-01,2021-22,Fiat,Prod,2850
2022-06-01,2021-22,Fiat,Sale,3201
2022-07-01,2022-23,Fiat,Prod,1273
2022-07-01,2022-23,Fiat,Sale,1243
2022-08-01,2022-23,Fiat,Prod,1270
2022-08-01,2022-23,Fiat,Sale,1420
2022-09-01,2022-23,Fiat,Prod,1913
2022-09-01,2022-23,Fiat,Sale,1511
2022-10-01,2022-23,Fiat,Prod,1398
2022-10-01,2022-23,Fiat,Sale,387
2022-11-01,2022-23,Fiat,Prod,759
2022-11-01,2022-23,Fiat,Sale,137
2022-12-01,2022-23,Fiat,Prod,51
2022-12-01,2022-23,Fiat,Sale,514
2023-01-01,2022-23,Fiat,Prod,20
2023-01-01,2022-23,Fiat,Sale,1203
2023-02-01,2022-23,Fiat,Prod,742
2023-02-01,2022-23,Fiat,Sale,728
2023-03-01,2022-23,Fiat,Prod,555
2023-03-01,2022-23,Fiat,Sale,315
2023-04-01,2022-23,Fiat,Prod,1500
2023-04-01,2022-23,Fiat,Sale,2005
2023-05-01,2022-23,Fiat,Prod,2075
2023-05-01,2022-23,Fiat,Sale,2003
2023-06-01,2022-23,Fiat,Prod,1073
2023-06-01,2022-23,Fiat,Sale,854
2023-07-01,2023-24,Fiat,Prod,1100
2023-07-01,2023-24,Fiat,Sale,1022
2023-08-01,2023-24,Fiat,Prod,1238
2023-08-01,2023-24,Fiat,Sale,1555
2023-09-01,2023-24,Fiat,Prod,2200
2023-09-01,2023-24,Fiat,Sale,2326
2023-10-01,2023-24,Fiat,Prod,2200
2023-10-01,2023-24,Fiat,Sale,2202
2023-11-01,2023-24,Fiat,Prod,1114
2023-11-01,2023-24,Fiat,Sale,701
2023-12-01,2023-24,Fiat,Prod,500
2023-12-01,2023-24,Fiat,Sale,506
2024-01-01,2023-24,Fiat,Prod,1225
2024-01-01,2023-24,Fiat,Sale,1005
2024-02-01,2023-24,Fiat,Prod,1429
2024-02-01,2023-24,Fiat,Sale,1208
2024-03-01,2023-24,Fiat,Prod,1717
2024-03-01,2023-24,Fiat,Sale,1581
2024-04-01,2023-24,Fiat,Prod,1075
2024-04-01,2023-24,Fiat,Sale,1038
2024-05-01,2023-24,Fiat,Prod,518
2024-05-01,2023-24,Fiat,Sale,731
2024-06-01,2023-24,Fiat,Prod,1026
2024-06-01,2023-24,Fiat,Sale,1416
2024-07-01,2024-25,HAVAL             SAZGAR,Prod,886
2024-07-01,2024-25,HAVAL             SAZGAR,Sale,824
2024-08-01,2024-25,HAVAL             SAZGAR,Prod,941
2024-08-01,2024-25,HAVAL             SAZGAR,Sale,949
2024-09-01,2024-25,HAVAL             SAZGAR,Prod,892
2024-09-01,2024-25,HAVAL             SAZGAR,Sale,824
2024-10-01,2024-25,HAVAL             SAZGAR,Prod,1008
2024-10-01,2024-25,HAVAL             SAZGAR,Sale,999
2024-11-01,2024-25,HAVAL             SAZGAR,Prod,993
2024-11-01,2024-25,HAVAL             SAZGAR,Sale,584
2024-12-01,2024-25,HAVAL             SAZGAR,Prod,0
2024-12-01,2024-25,HAVAL             SAZGAR,Sale,0
2025-01-01,2024-25,HAVAL             SAZGAR,Prod,1778
2025-01-01,2024-25,HAVAL             SAZGAR,Sale,1995
2025-02-01,2024-25,HAVAL             SAZGAR,Prod,910
2025-02-01,2024-25,HAVAL             SAZGAR,Sale,877
2025-03-01,2024-25,HAVAL             SAZGAR,Prod,864
2025-03-01,2024-25,HAVAL             SAZGAR,Sale,940
2025-04-01,2024-25,HAVAL             SAZGAR,Prod,664
2025-04-01,2024-25,HAVAL             SAZGAR,Sale,539
2025-05-01,2024-25,HAVAL             SAZGAR,Prod,1048
2025-05-01,2024-25,HAVAL             SAZGAR,Sale,915
2025-06-01,2024-25,HAVAL             SAZGAR,Prod,985
2025-06-01,2024-25,HAVAL             SAZGAR,Sale,1337
2020-07-01,2020-21,HINO,Prod,32
2020-07-01,2020-21,HINO,Prod,34
2020-07-01,2020-21,HINO,Sale,29
2020-07-01,2020-21,HINO,Sale,16
2020-08-01,2020-21,HINO,Prod,46
2020-08-01,2020-21,HINO,Prod,14
2020-08-01,2020-21,HINO,Sale,34
2020-08-01,2020-21,HINO,Sale,26
2020-09-01,2020-21,HINO,Prod,52
2020-09-01,2020-21,HINO,Prod,6
2020-09-01,2020-21,HINO,Sale,52
2020-09-01,2020-21,HINO,Sale,16
2020-10-01,2020-21,HINO,Prod,70
2020-10-01,2020-21,HINO,Prod,0
2020-10-01,2020-21,HINO,Sale,66
2020-10-01,2020-21,HINO,Sale,14
2020-11-01,2020-21,HINO,Prod,84
2020-11-01,2020-21,HINO,Prod,22
2020-11-01,2020-21,HINO,Sale,75
2020-11-01,2020-21,HINO,Sale,15
2020-12-01,2020-21,HINO,Prod,72
2020-12-01,2020-21,HINO,Prod,12
2020-12-01,2020-21,HINO,Sale,87
2020-12-01,2020-21,HINO,Sale,13
2021-01-01,2020-21,HINO,Prod,34
2021-01-01,2020-21,HINO,Prod,12
2021-01-01,2020-21,HINO,Sale,70
2021-01-01,2020-21,HINO,Sale,13
2021-02-01,2020-21,HINO,Prod,54
2021-02-01,2020-21,HINO,Prod,18
2021-02-01,2020-21,HINO,Sale,60
2021-02-01,2020-21,HINO,Sale,24
2021-03-01,2020-21,HINO,Prod,36
2021-03-01,2020-21,HINO,Prod,22
2021-03-01,2020-21,HINO,Sale,60
2021-03-01,2020-21,HINO,Sale,20
2021-04-01,2020-21,HINO,Prod,49
2021-04-01,2020-21,HINO,Prod,6
2021-04-01,2020-21,HINO,Sale,46
2021-04-01,2020-21,HINO,Sale,9
2021-05-01,2020-21,HINO,Prod,68
2021-05-01,2020-21,HINO,Prod,6
2021-05-01,2020-21,HINO,Sale,52
2021-05-01,2020-21,HINO,Sale,6
2021-06-01,2020-21,HINO,Prod,36
2021-06-01,2020-21,HINO,Prod,16
2021-06-01,2020-21,HINO,Sale,37
2021-06-01,2020-21,HINO,Sale,12
2021-07-01,2021-22,HINO,Prod,72
2021-07-01,2021-22,HINO,Prod,10
2021-07-01,2021-22,HINO,Sale,75
2021-07-01,2021-22,HINO,Sale,10
2021-08-01,2021-22,HINO,Prod,86
2021-08-01,2021-22,HINO,Prod,12
2021-08-01,2021-22,HINO,Sale,77
2021-08-01,2021-22,HINO,Sale,9
2021-09-01,2021-22,HINO,Prod,88
2021-09-01,2021-22,HINO,Prod,12
2021-09-01,2021-22,HINO,Sale,81
2021-09-01,2021-22,HINO,Sale,19
2021-10-01,2021-22,HINO,Prod,66
2021-10-01,2021-22,HINO,Prod,22
2021-10-01,2021-22,HINO,Sale,72
2021-10-01,2021-22,HINO,Sale,13
2021-11-01,2021-22,HINO,Prod,50
2021-11-01,2021-22,HINO,Prod,10
2021-11-01,2021-22,HINO,Sale,57
2021-11-01,2021-22,HINO,Sale,15
2021-12-01,2021-22,HINO,Prod,66
2021-12-01,2021-22,HINO,Prod,16
2021-12-01,2021-22,HINO,Sale,55
2021-12-01,2021-22,HINO,Sale,18
2022-01-01,2021-22,HINO,Prod,84
2022-01-01,2021-22,HINO,Prod,18
2022-01-01,2021-22,HINO,Sale,92
2022-01-01,2021-22,HINO,Sale,14
2022-02-01,2021-22,HINO,Prod,68
2022-02-01,2021-22,HINO,Prod,6
2022-02-01,2021-22,HINO,Sale,84
2022-02-01,2021-22,HINO,Sale,10
2022-03-01,2021-22,HINO,Prod,102
2022-03-01,2021-22,HINO,Prod,10
2022-03-01,2021-22,HINO,Sale,96
2022-03-01,2021-22,HINO,Sale,14
2022-04-01,2021-22,HINO,Prod,78
2022-04-01,2021-22,HINO,Prod,16
2022-04-01,2021-22,HINO,Sale,82
2022-04-01,2021-22,HINO,Sale,6
2022-05-01,2021-22,HINO,Prod,70
2022-05-01,2021-22,HINO,Prod,16
2022-05-01,2021-22,HINO,Sale,66
2022-05-01,2021-22,HINO,Sale,14
2022-06-01,2021-22,HINO,Prod,56
2022-06-01,2021-22,HINO,Prod,12
2022-06-01,2021-22,HINO,Sale,52
2022-06-01,2021-22,HINO,Sale,18
2022-07-01,2022-23,HINO,Prod,62
2022-07-01,2022-23,HINO,Prod,36
2022-07-01,2022-23,HINO,Sale,58
2022-07-01,2022-23,HINO,Sale,23
2022-08-01,2022-23,HINO,Prod,48
2022-08-01,2022-23,HINO,Prod,34
2022-08-01,2022-23,HINO,Sale,43
2022-08-01,2022-23,HINO,Sale,31
2022-09-01,2022-23,HINO,Prod,40
2022-09-01,2022-23,HINO,Prod,26
2022-09-01,2022-23,HINO,Sale,53
2022-09-01,2022-23,HINO,Sale,17
2022-10-01,2022-23,HINO,Prod,66
2022-10-01,2022-23,HINO,Prod,38
2022-10-01,2022-23,HINO,Sale,59
2022-10-01,2022-23,HINO,Sale,34
2022-11-01,2022-23,HINO,Prod,98
2022-11-01,2022-23,HINO,Prod,22
2022-11-01,2022-23,HINO,Sale,79
2022-11-01,2022-23,HINO,Sale,28
2022-12-01,2022-23,HINO,Prod,76
2022-12-01,2022-23,HINO,Prod,24
2022-12-01,2022-23,HINO,Sale,83
2022-12-01,2022-23,HINO,Sale,34
2023-01-01,2022-23,HINO,Prod,62
2023-01-01,2022-23,HINO,Prod,26
2023-01-01,2022-23,HINO,Sale,71
2023-01-01,2022-23,HINO,Sale,16
2023-02-01,2022-23,HINO,Prod,52
2023-02-01,2022-23,HINO,Prod,12
2023-02-01,2022-23,HINO,Sale,54
2023-02-01,2022-23,HINO,Sale,22
2023-03-01,2022-23,HINO,Prod,44
2023-03-01,2022-23,HINO,Prod,6
2023-03-01,2022-23,HINO,Sale,43
2023-03-01,2022-23,HINO,Sale,14
2023-04-01,2022-23,HINO,Prod,10
2023-04-01,2022-23,HINO,Prod,20
2023-04-01,2022-23,HINO,Sale,21
2023-04-01,2022-23,HINO,Sale,7
2023-05-01,2022-23,HINO,Prod,12
2023-05-01,2022-23,HINO,Prod,12
2023-05-01,2022-23,HINO,Sale,5
2023-05-01,2022-23,HINO,Sale,17
2023-06-01,2022-23,HINO,Prod,10
2023-06-01,2022-23,HINO,Prod,12
2023-06-01,2022-23,HINO,Sale,15
2023-06-01,2022-23,HINO,Sale,11
2023-07-01,2023-24,HINO,Prod,22
2023-07-01,2023-24,HINO,Prod,0
2023-07-01,2023-24,HINO,Sale,14
2023-07-01,2023-24,HINO,Sale,6
2023-08-01,2023-24,HINO,Prod,6
2023-08-01,2023-24,HINO,Prod,34
2023-08-01,2023-24,HINO,Sale,10
2023-08-01,2023-24,HINO,Sale,20
2023-09-01,2023-24,HINO,Prod,34
2023-09-01,2023-24,HINO,Prod,29
2023-09-01,2023-24,HINO,Sale,22
2023-09-01,2023-24,HINO,Sale,13
2023-10-01,2023-24,HINO,Prod,42
2023-10-01,2023-24,HINO,Prod,19
2023-10-01,2023-24,HINO,Sale,11
2023-10-01,2023-24,HINO,Sale,12
2023-11-01,2023-24,HINO,Prod,18
2023-11-01,2023-24,HINO,Prod,10
2023-11-01,2023-24,HINO,Sale,13
2023-11-01,2023-24,HINO,Sale,14
2023-12-01,2023-24,HINO,Prod,6
2023-12-01,2023-24,HINO,Prod,6
2023-12-01,2023-24,HINO,Sale,14
2023-12-01,2023-24,HINO,Sale,15
2024-01-01,2023-24,HINO,Prod,16
2024-01-01,2023-24,HINO,Prod,6
2024-01-01,2023-24,HINO,Sale,12
2024-01-01,2023-24,HINO,Sale,4
2024-02-01,2023-24,HINO,Prod,30
2024-02-01,2023-24,HINO,Prod,6
2024-02-01,2023-24,HINO,Sale,42
2024-02-01,2023-24,HINO,Sale,22
2024-03-01,2023-24,HINO,Prod,6
2024-03-01,2023-24,HINO,Prod,0
2024-03-01,2023-24,HINO,Sale,9
2024-03-01,2023-24,HINO,Sale,3
2024-04-01,2023-24,HINO,Prod,22
2024-04-01,2023-24,HINO,Prod,0
2024-04-01,2023-24,HINO,Sale,21
2024-04-01,2023-24,HINO,Sale,8
2024-05-01,2023-24,HINO,Prod,26
2024-05-01,2023-24,HINO,Prod,6
2024-05-01,2023-24,HINO,Sale,17
2024-05-01,2023-24,HINO,Sale,7
2024-06-01,2023-24,HINO,Prod,18
2024-06-01,2023-24,HINO,Prod,12
2024-06-01,2023-24,HINO,Sale,14
2024-06-01,2023-24,HINO,Sale,9
2024-07-01,2024-25,HINO,Prod,26
2024-07-01,2024-25,HINO,Prod,12
2024-07-01,2024-25,HINO,Sale,29
2024-07-01,2024-25,HINO,Sale,8
2024-08-01,2024-25,HINO,Prod,14
2024-08-01,2024-25,HINO,Prod,18
2024-08-01,2024-25,HINO,Sale,20
2024-08-01,2024-25,HINO,Sale,8
2024-09-01,2024-25,HINO,Prod,24
2024-09-01,2024-25,HINO,Prod,6
2024-09-01,2024-25,HINO,Sale,37
2024-09-01,2024-25,HINO,Sale,11
2024-10-01,2024-25,HINO,Prod,6
2024-10-01,2024-25,HINO,Prod,6
2024-10-01,2024-25,HINO,Sale,11
2024-10-01,2024-25,HINO,Sale,14
2024-11-01,2024-25,HINO,Prod,14
2024-11-01,2024-25,HINO,Prod,12
2024-11-01,2024-25,HINO,Sale,14
2024-11-01,2024-25,HINO,Sale,10
2024-12-01,2024-25,HINO,Prod,12
2024-12-01,2024-25,HINO,Prod,12
2024-12-01,2024-25,HINO,Sale,11
2024-12-01,2024-25,HINO,Sale,14
2025-01-01,2024-25,HINO,Prod,18
2025-01-01,2024-25,HINO,Prod,6
2025-01-01,2024-25,HINO,Sale,28
2025-01-01,2024-25,HINO,Sale,15
2025-02-01,2024-25,HINO,Prod,48
2025-02-01,2024-25,HINO,Prod,24
2025-02-01,2024-25,HINO,Sale,26
2025-02-01,2024-25,HINO,Sale,26
2025-03-01,2024-25,HINO,Prod,28
2025-03-01,2024-25,HINO,Prod,9
2025-03-01,2024-25,HINO,Sale,35
2025-03-01,2024-25,HINO,Sale,10
2025-04-01,2024-25,HINO,Prod,36
2025-04-01,2024-25,HINO,Prod,11
2025-04-01,2024-25,HINO,Sale,29
2025-04-01,2024-25,HINO,Sale,13
2025-05-01,2024-25,HINO,Prod,30
2025-05-01,2024-25,HINO,Prod,20
2025-05-01,2024-25,HINO,Sale,56
2025-05-01,2024-25,HINO,Sale,14
2025-06-01,2024-25,HINO,Prod,34
2025-06-01,2024-25,HINO,Prod,24
2025-06-01,2024-25,HINO,Sale,43
2025-06-01,2024-25,HINO,Sale,25
2016-07-01,2016-17,HONDA BR-V,Prod,0
2016-07-01,2016-17,HONDA BR-V,Sale,0
2016-08-01,2016-17,HONDA BR-V,Prod,0
2016-08-01,2016-17,HONDA BR-V,Sale,0
2016-09-01,2016-17,HONDA BR-V,Prod,0
2016-09-01,2016-17,HONDA BR-V,Sale,0
2016-10-01,2016-17,HONDA BR-V,Prod,0
2016-10-01,2016-17,HONDA BR-V,Sale,0
2016-11-01,2016-17,HONDA BR-V,Prod,0
2016-11-01,2016-17,HONDA BR-V,Sale,0
2016-12-01,2016-17,HONDA BR-V,Prod,0
2016-12-01,2016-17,HONDA BR-V,Sale,0
2017-01-01,2016-17,HONDA BR-V,Prod,0
2017-01-01,2016-17,HONDA BR-V,Sale,0
2017-02-01,2016-17,HONDA BR-V,Prod,0
2017-02-01,2016-17,HONDA BR-V,Sale,0
2017-03-01,2016-17,HONDA BR-V,Prod,0
2017-03-01,2016-17,HONDA BR-V,Sale,0
2017-04-01,2016-17,HONDA BR-V,Prod,648
2017-04-01,2016-17,HONDA BR-V,Sale,527
2017-05-01,2016-17,HONDA BR-V,Prod,910
2017-05-01,2016-17,HONDA BR-V,Sale,876
2017-06-01,2016-17,HONDA BR-V,Prod,599
2017-06-01,2016-17,HONDA BR-V,Sale,756
2017-07-01,2017-18,HONDA BR-V,Prod,601
2017-07-01,2017-18,HONDA BR-V,Sale,691
2017-08-01,2017-18,HONDA BR-V,Prod,704
2017-08-01,2017-18,HONDA BR-V,Sale,720
2017-09-01,2017-18,HONDA BR-V,Prod,678
2017-09-01,2017-18,HONDA BR-V,Sale,660
2017-10-01,2017-18,HONDA BR-V,Prod,1197
2017-10-01,2017-18,HONDA BR-V,Sale,1091
2017-11-01,2017-18,HONDA BR-V,Prod,1260
2017-11-01,2017-18,HONDA BR-V,Sale,1248
2017-12-01,2017-18,HONDA BR-V,Prod,928
2017-12-01,2017-18,HONDA BR-V,Sale,749
2018-01-01,2017-18,HONDA BR-V,Prod,452
2018-01-01,2017-18,HONDA BR-V,Sale,500
2018-02-01,2017-18,HONDA BR-V,Prod,574
2018-02-01,2017-18,HONDA BR-V,Sale,601
2018-03-01,2017-18,HONDA BR-V,Prod,584
2018-03-01,2017-18,HONDA BR-V,Sale,679
2018-04-01,2017-18,HONDA BR-V,Prod,943
2018-04-01,2017-18,HONDA BR-V,Sale,558
2018-05-01,2017-18,HONDA BR-V,Prod,780
2018-05-01,2017-18,HONDA BR-V,Sale,502
2018-06-01,2017-18,HONDA BR-V,Prod,480
2018-06-01,2017-18,HONDA BR-V,Sale,685
2018-07-01,2018-19,HONDA BR-V,Prod,420
2018-07-01,2018-19,HONDA BR-V,Sale,372
2018-08-01,2018-19,HONDA BR-V,Prod,539
2018-08-01,2018-19,HONDA BR-V,Sale,492
2018-09-01,2018-19,HONDA BR-V,Prod,542
2018-09-01,2018-19,HONDA BR-V,Sale,429
2018-10-01,2018-19,HONDA BR-V,Prod,538
2018-10-01,2018-19,HONDA BR-V,Sale,523
2018-11-01,2018-19,HONDA BR-V,Prod,361
2018-11-01,2018-19,HONDA BR-V,Sale,300
2018-12-01,2018-19,HONDA BR-V,Prod,241
2018-12-01,2018-19,HONDA BR-V,Sale,378
2019-01-01,2018-19,HONDA BR-V,Prod,179
2019-01-01,2018-19,HONDA BR-V,Sale,492
2019-02-01,2018-19,HONDA BR-V,Prod,300
2019-02-01,2018-19,HONDA BR-V,Sale,331
2019-03-01,2018-19,HONDA BR-V,Prod,593
2019-03-01,2018-19,HONDA BR-V,Sale,362
2019-04-01,2018-19,HONDA BR-V,Prod,415
2019-04-01,2018-19,HONDA BR-V,Sale,526
2019-05-01,2018-19,HONDA BR-V,Prod,423
2019-05-01,2018-19,HONDA BR-V,Sale,388
2019-06-01,2018-19,HONDA BR-V,Prod,361
2019-06-01,2018-19,HONDA BR-V,Sale,452
2019-07-01,2019-20,HONDA BR-V,Prod,417
2019-07-01,2019-20,HONDA BR-V,Sale,242
2019-08-01,2019-20,HONDA BR-V,Prod,121
2019-08-01,2019-20,HONDA BR-V,Sale,208
2019-09-01,2019-20,HONDA BR-V,Prod,0
2019-09-01,2019-20,HONDA BR-V,Sale,78
2019-10-01,2019-20,HONDA BR-V,Prod,573
2019-10-01,2019-20,HONDA BR-V,Sale,349
2019-11-01,2019-20,HONDA BR-V,Prod,284
2019-11-01,2019-20,HONDA BR-V,Sale,229
2019-12-01,2019-20,HONDA BR-V,Prod,107
2019-12-01,2019-20,HONDA BR-V,Sale,121
2020-01-01,2019-20,HONDA BR-V,Prod,240
2020-01-01,2019-20,HONDA BR-V,Sale,332
2020-02-01,2019-20,HONDA BR-V,Prod,293
2020-02-01,2019-20,HONDA BR-V,Sale,273
2020-03-01,2019-20,HONDA BR-V,Prod,186
2020-03-01,2019-20,HONDA BR-V,Sale,237
2020-04-01,2019-20,HONDA BR-V,Prod,0
2020-04-01,2019-20,HONDA BR-V,Sale,0
2020-05-01,2019-20,HONDA BR-V,Prod,0
2020-05-01,2019-20,HONDA BR-V,Sale,63
2020-06-01,2019-20,HONDA BR-V,Prod,180
2020-06-01,2019-20,HONDA BR-V,Sale,164
2020-07-01,2020-21,HONDA BR-V,Prod,240
2020-07-01,2020-21,HONDA BR-V,Sale,257
2020-08-01,2020-21,HONDA BR-V,Prod,299
2020-08-01,2020-21,HONDA BR-V,Sale,278
2020-09-01,2020-21,HONDA BR-V,Prod,421
2020-09-01,2020-21,HONDA BR-V,Sale,417
2020-10-01,2020-21,HONDA BR-V,Prod,305
2020-10-01,2020-21,HONDA BR-V,Sale,372
2020-11-01,2020-21,HONDA BR-V,Prod,115
2020-11-01,2020-21,HONDA BR-V,Sale,149
2020-12-01,2020-21,HONDA BR-V,Prod,236
2020-12-01,2020-21,HONDA BR-V,Sale,235
2021-01-01,2020-21,HONDA BR-V,Prod,363
2021-01-01,2020-21,HONDA BR-V,Sale,387
2021-02-01,2020-21,HONDA BR-V,Prod,240
2021-02-01,2020-21,HONDA BR-V,Sale,237
2021-03-01,2020-21,HONDA BR-V,Prod,542
2021-03-01,2020-21,HONDA BR-V,Sale,550
2021-04-01,2020-21,HONDA BR-V,Prod,239
2021-04-01,2020-21,HONDA BR-V,Sale,234
2021-05-01,2020-21,HONDA BR-V,Prod,420
2021-05-01,2020-21,HONDA BR-V,Sale,420
2021-06-01,2020-21,HONDA BR-V,Prod,541
2021-06-01,2020-21,HONDA BR-V,Sale,479
2021-07-01,2021-22,HONDA BR-V  &  HR-V,Prod,717
2021-07-01,2021-22,HONDA BR-V  &  HR-V,Sale,607
2021-08-01,2021-22,HONDA BR-V  &  HR-V,Prod,357
2021-08-01,2021-22,HONDA BR-V  &  HR-V,Sale,504
2021-09-01,2021-22,HONDA BR-V  &  HR-V,Prod,240
2021-09-01,2021-22,HONDA BR-V  &  HR-V,Sale,268
2021-10-01,2021-22,HONDA BR-V  &  HR-V,Prod,2
2021-10-01,2021-22,HONDA BR-V  &  HR-V,Sale,7
2021-11-01,2021-22,HONDA BR-V  &  HR-V,Prod,239
2021-11-01,2021-22,HONDA BR-V  &  HR-V,Sale,239
2021-12-01,2021-22,HONDA BR-V  &  HR-V,Prod,303
2021-12-01,2021-22,HONDA BR-V  &  HR-V,Sale,303
2022-01-01,2021-22,HONDA BR-V  &  HR-V,Prod,481
2022-01-01,2021-22,HONDA BR-V  &  HR-V,Sale,418
2022-02-01,2021-22,HONDA BR-V  &  HR-V,Prod,420
2022-02-01,2021-22,HONDA BR-V  &  HR-V,Sale,461
2022-03-01,2021-22,HONDA BR-V  &  HR-V,Prod,361
2022-03-01,2021-22,HONDA BR-V  &  HR-V,Sale,373
2022-04-01,2021-22,HONDA BR-V  &  HR-V,Prod,389
2022-04-01,2021-22,HONDA BR-V  &  HR-V,Sale,364
2022-05-01,2021-22,HONDA BR-V  &  HR-V,Prod,209
2022-05-01,2021-22,HONDA BR-V  &  HR-V,Sale,229
2022-06-01,2021-22,HONDA BR-V  &  HR-V,Prod,481
2022-06-01,2021-22,HONDA BR-V  &  HR-V,Sale,482
2022-07-01,2022-23,HONDA BR-V  &  HR-V,Prod,119
2022-07-01,2022-23,HONDA BR-V  &  HR-V,Sale,129
2022-08-01,2022-23,HONDA BR-V  &  HR-V,Prod,538
2022-08-01,2022-23,HONDA BR-V  &  HR-V,Sale,373
2022-09-01,2022-23,HONDA BR-V  &  HR-V,Prod,424
2022-09-01,2022-23,HONDA BR-V  &  HR-V,Sale,79
2022-10-01,2022-23,HONDA BR-V  &  HR-V,Prod,120
2022-10-01,2022-23,HONDA BR-V  &  HR-V,Sale,54
2022-11-01,2022-23,HONDA BR-V  &  HR-V,Prod,252
2022-11-01,2022-23,HONDA BR-V  &  HR-V,Sale,464
2022-12-01,2022-23,HONDA BR-V  &  HR-V,Prod,1186
2022-12-01,2022-23,HONDA BR-V  &  HR-V,Sale,1098
2023-01-01,2022-23,HONDA BR-V  &  HR-V,Prod,840
2023-01-01,2022-23,HONDA BR-V  &  HR-V,Sale,1084
2023-02-01,2022-23,HONDA BR-V  &  HR-V,Prod,782
2023-02-01,2022-23,HONDA BR-V  &  HR-V,Sale,392
2023-03-01,2022-23,HONDA BR-V  &  HR-V,Prod,30
2023-03-01,2022-23,HONDA BR-V  &  HR-V,Sale,224
2023-04-01,2022-23,HONDA BR-V  &  HR-V,Prod,0
2023-04-01,2022-23,HONDA BR-V  &  HR-V,Sale,48
2023-05-01,2022-23,HONDA BR-V  &  HR-V,Prod,0
2023-05-01,2022-23,HONDA BR-V  &  HR-V,Sale,31
2023-06-01,2022-23,HONDA BR-V  &  HR-V,Prod,65
2023-06-01,2022-23,HONDA BR-V  &  HR-V,Sale,80
2023-07-01,2023-24,HONDA BR-V  &  HR-V,Prod,506
2023-07-01,2023-24,HONDA BR-V  &  HR-V,Sale,286
2023-08-01,2023-24,HONDA BR-V  &  HR-V,Prod,540
2023-08-01,2023-24,HONDA BR-V  &  HR-V,Sale,182
2023-09-01,2023-24,HONDA BR-V  &  HR-V,Prod,177
2023-09-01,2023-24,HONDA BR-V  &  HR-V,Sale,182
2023-10-01,2023-24,HONDA BR-V  &  HR-V,Prod,0
2023-10-01,2023-24,HONDA BR-V  &  HR-V,Sale,80
2023-11-01,2023-24,HONDA BR-V  &  HR-V,Prod,2
2023-11-01,2023-24,HONDA BR-V  &  HR-V,Sale,103
2023-12-01,2023-24,HONDA BR-V  &  HR-V,Prod,60
2023-12-01,2023-24,HONDA BR-V  &  HR-V,Sale,114
2024-01-01,2023-24,HONDA BR-V  &  HR-V,Prod,23
2024-01-01,2023-24,HONDA BR-V  &  HR-V,Sale,132
2024-02-01,2023-24,HONDA BR-V  &  HR-V,Prod,37
2024-02-01,2023-24,HONDA BR-V  &  HR-V,Sale,142
2024-03-01,2023-24,HONDA BR-V  &  HR-V,Prod,0
2024-03-01,2023-24,HONDA BR-V  &  HR-V,Sale,194
2024-04-01,2023-24,HONDA BR-V  &  HR-V,Prod,60
2024-04-01,2023-24,HONDA BR-V  &  HR-V,Sale,47
2024-05-01,2023-24,HONDA BR-V  &  HR-V,Prod,180
2024-05-01,2023-24,HONDA BR-V  &  HR-V,Sale,138
2024-06-01,2023-24,HONDA BR-V  &  HR-V,Prod,0
2024-06-01,2023-24,HONDA BR-V  &  HR-V,Sale,113
2024-07-01,2024-25,HONDA BR-V  &  HR-V,Prod,233
2024-07-01,2024-25,HONDA BR-V  &  HR-V,Sale,141
2024-08-01,2024-25,HONDA BR-V  &  HR-V,Prod,65
2024-08-01,2024-25,HONDA BR-V  &  HR-V,Sale,75
2024-09-01,2024-25,HONDA BR-V  &  HR-V,Prod,62
2024-09-01,2024-25,HONDA BR-V  &  HR-V,Sale,126
2024-10-01,2024-25,HONDA BR-V  &  HR-V,Prod,118
2024-10-01,2024-25,HONDA BR-V  &  HR-V,Sale,96
2024-11-01,2024-25,HONDA BR-V  &  HR-V,Prod,119
2024-11-01,2024-25,HONDA BR-V  &  HR-V,Sale,102
2024-12-01,2024-25,HONDA BR-V  &  HR-V,Prod,183
2024-12-01,2024-25,HONDA BR-V  &  HR-V,Sale,140
2025-01-01,2024-25,HONDA BR-V  &  HR-V,Prod,294
2025-01-01,2024-25,HONDA BR-V  &  HR-V,Sale,225
2025-02-01,2024-25,HONDA BR-V  &  HR-V,Prod,0
2025-02-01,2024-25,HONDA BR-V  &  HR-V,Sale,178
2025-03-01,2024-25,HONDA BR-V  &  HR-V,Prod,126
2025-03-01,2024-25,HONDA BR-V  &  HR-V,Sale,233
2025-04-01,2024-25,HONDA BR-V  &  HR-V,Prod,118
2025-04-01,2024-25,HONDA BR-V  &  HR-V,Sale,133
2025-05-01,2024-25,HONDA BR-V  &  HR-V,Prod,122
2025-05-01,2024-25,HONDA BR-V  &  HR-V,Sale,135
2025-06-01,2024-25,HONDA BR-V  &  HR-V,Prod,60
2025-06-01,2024-25,HONDA BR-V  &  HR-V,Sale,98
2021-07-01,2021-22,HYUNDAI PORTER,Prod,140
2021-07-01,2021-22,HYUNDAI PORTER,Sale,132
2021-08-01,2021-22,HYUNDAI PORTER,Prod,112
2021-08-01,2021-22,HYUNDAI PORTER,Sale,120
2021-09-01,2021-22,HYUNDAI PORTER,Prod,117
2021-09-01,2021-22,HYUNDAI PORTER,Sale,139
2021-10-01,2021-22,HYUNDAI PORTER,Prod,126
2021-10-01,2021-22,HYUNDAI PORTER,Sale,147
2021-11-01,2021-22,HYUNDAI PORTER,Prod,136
2021-11-01,2021-22,HYUNDAI PORTER,Sale,135
2021-12-01,2021-22,HYUNDAI PORTER,Prod,113
2021-12-01,2021-22,HYUNDAI PORTER,Sale,135
2022-01-01,2021-22,HYUNDAI PORTER,Prod,209
2022-01-01,2021-22,HYUNDAI PORTER,Sale,196
2022-02-01,2021-22,HYUNDAI PORTER,Prod,159
2022-02-01,2021-22,HYUNDAI PORTER,Sale,157
2022-03-01,2021-22,HYUNDAI PORTER,Prod,161
2022-03-01,2021-22,HYUNDAI PORTER,Sale,123
2022-04-01,2021-22,HYUNDAI PORTER,Prod,177
2022-04-01,2021-22,HYUNDAI PORTER,Sale,201
2022-05-01,2021-22,HYUNDAI PORTER,Prod,70
2022-05-01,2021-22,HYUNDAI PORTER,Sale,77
2022-06-01,2021-22,HYUNDAI PORTER,Prod,439
2022-06-01,2021-22,HYUNDAI PORTER,Sale,283
2022-07-01,2022-23,HYUNDAI PORTER,Prod,206
2022-07-01,2022-23,HYUNDAI PORTER,Sale,97
2022-08-01,2022-23,HYUNDAI PORTER,Prod,254
2022-08-01,2022-23,HYUNDAI PORTER,Sale,129
2022-09-01,2022-23,HYUNDAI PORTER,Prod,50
2022-09-01,2022-23,HYUNDAI PORTER,Sale,121
2022-10-01,2022-23,HYUNDAI PORTER,Prod,96
2022-10-01,2022-23,HYUNDAI PORTER,Sale,73
2022-11-01,2022-23,HYUNDAI PORTER,Prod,93
2022-11-01,2022-23,HYUNDAI PORTER,Sale,86
2022-12-01,2022-23,HYUNDAI PORTER,Prod,150
2022-12-01,2022-23,HYUNDAI PORTER,Sale,63
2023-01-01,2022-23,HYUNDAI PORTER,Prod,96
2023-01-01,2022-23,HYUNDAI PORTER,Sale,156
2023-02-01,2022-23,HYUNDAI PORTER,Prod,109
2023-02-01,2022-23,HYUNDAI PORTER,Sale,123
2023-03-01,2022-23,HYUNDAI PORTER,Prod,10
2023-03-01,2022-23,HYUNDAI PORTER,Sale,150
2023-04-01,2022-23,HYUNDAI PORTER,Prod,60
2023-04-01,2022-23,HYUNDAI PORTER,Sale,136
2023-05-01,2022-23,HYUNDAI PORTER,Prod,4
2023-05-01,2022-23,HYUNDAI PORTER,Sale,105
2023-06-01,2022-23,HYUNDAI PORTER,Prod,57
2023-06-01,2022-23,HYUNDAI PORTER,Sale,80
2023-07-01,2023-24,HYUNDAI PORTER,Prod,62
2023-07-01,2023-24,HYUNDAI PORTER,Sale,71
2023-08-01,2023-24,HYUNDAI PORTER,Prod,155
2023-08-01,2023-24,HYUNDAI PORTER,Sale,120
2023-09-01,2023-24,HYUNDAI PORTER,Prod,116
2023-09-01,2023-24,HYUNDAI PORTER,Sale,177
2023-10-01,2023-24,HYUNDAI PORTER,Prod,153
2023-10-01,2023-24,HYUNDAI PORTER,Sale,151
2023-11-01,2023-24,HYUNDAI PORTER,Prod,175
2023-11-01,2023-24,HYUNDAI PORTER,Sale,171
2023-12-01,2023-24,HYUNDAI PORTER,Prod,125
2023-12-01,2023-24,HYUNDAI PORTER,Sale,137
2024-01-01,2023-24,HYUNDAI PORTER,Prod,120
2024-01-01,2023-24,HYUNDAI PORTER,Sale,120
2024-02-01,2023-24,HYUNDAI PORTER,Prod,262
2024-02-01,2023-24,HYUNDAI PORTER,Sale,201
2024-03-01,2023-24,HYUNDAI PORTER,Prod,218
2024-03-01,2023-24,HYUNDAI PORTER,Sale,170
2024-04-01,2023-24,HYUNDAI PORTER,Prod,284
2024-04-01,2023-24,HYUNDAI PORTER,Sale,227
2024-05-01,2023-24,HYUNDAI PORTER,Prod,307
2024-05-01,2023-24,HYUNDAI PORTER,Sale,214
2024-06-01,2023-24,HYUNDAI PORTER,Prod,237
2024-06-01,2023-24,HYUNDAI PORTER,Sale,256
2024-07-01,2024-25,HYUNDAI PORTER,Prod,239
2024-07-01,2024-25,HYUNDAI PORTER,Sale,349
2024-08-01,2024-25,HYUNDAI PORTER,Prod,208
2024-08-01,2024-25,HYUNDAI PORTER,Sale,182
2024-09-01,2024-25,HYUNDAI PORTER,Prod,161
2024-09-01,2024-25,HYUNDAI PORTER,Sale,258
2024-10-01,2024-25,HYUNDAI PORTER,Prod,282
2024-10-01,2024-25,HYUNDAI PORTER,Sale,245
2024-11-01,2024-25,HYUNDAI PORTER,Prod,329
2024-11-01,2024-25,HYUNDAI PORTER,Sale,269
2024-12-01,2024-25,HYUNDAI PORTER,Prod,209
2024-12-01,2024-25,HYUNDAI PORTER,Sale,220
2025-01-01,2024-25,HYUNDAI PORTER,Prod,1
2025-01-01,2024-25,HYUNDAI PORTER,Sale,147
2025-02-01,2024-25,HYUNDAI PORTER,Prod,207
2025-02-01,2024-25,HYUNDAI PORTER,Sale,206
2025-03-01,2024-25,HYUNDAI PORTER,Prod,179
2025-03-01,2024-25,HYUNDAI PORTER,Sale,144
2025-04-01,2024-25,HYUNDAI PORTER,Prod,382
2025-04-01,2024-25,HYUNDAI PORTER,Sale,351
2025-05-01,2024-25,HYUNDAI PORTER,Prod,301
2025-05-01,2024-25,HYUNDAI PORTER,Sale,353
2025-06-01,2024-25,HYUNDAI PORTER,Prod,308
2025-06-01,2024-25,HYUNDAI PORTER,Sale,302
2023-07-01,2023-24,HYUNDAI SANTA FE,Prod,0
2023-07-01,2023-24,HYUNDAI SANTA FE,Sale,0
2023-08-01,2023-24,HYUNDAI SANTA FE,Prod,0
2023-08-01,2023-24,HYUNDAI SANTA FE,Sale,0
2023-09-01,2023-24,HYUNDAI SANTA FE,Prod,87
2023-09-01,2023-24,HYUNDAI SANTA FE,Sale,0
2023-10-01,2023-24,HYUNDAI SANTA FE,Prod,204
2023-10-01,2023-24,HYUNDAI SANTA FE,Sale,175
2023-11-01,2023-24,HYUNDAI SANTA FE,Prod,38
2023-11-01,2023-24,HYUNDAI SANTA FE,Sale,123
2023-12-01,2023-24,HYUNDAI SANTA FE,Prod,141
2023-12-01,2023-24,HYUNDAI SANTA FE,Sale,52
2024-01-01,2023-24,HYUNDAI SANTA FE,Prod,217
2024-01-01,2023-24,HYUNDAI SANTA FE,Sale,225
2024-02-01,2023-24,HYUNDAI SANTA FE,Prod,352
2024-02-01,2023-24,HYUNDAI SANTA FE,Sale,213
2024-03-01,2023-24,HYUNDAI SANTA FE,Prod,246
2024-03-01,2023-24,HYUNDAI SANTA FE,Sale,220
2024-04-01,2023-24,HYUNDAI SANTA FE,Prod,243
2024-04-01,2023-24,HYUNDAI SANTA FE,Sale,140
2024-05-01,2023-24,HYUNDAI SANTA FE,Prod,145
2024-05-01,2023-24,HYUNDAI SANTA FE,Sale,143
2024-06-01,2023-24,HYUNDAI SANTA FE,Prod,118
2024-06-01,2023-24,HYUNDAI SANTA FE,Sale,305
2024-07-01,2024-25,HYUNDAI SANTA FE,Prod,62
2024-07-01,2024-25,HYUNDAI SANTA FE,Sale,58
2024-08-01,2024-25,HYUNDAI SANTA FE,Prod,213
2024-08-01,2024-25,HYUNDAI SANTA FE,Sale,70
2024-09-01,2024-25,HYUNDAI SANTA FE,Prod,33
2024-09-01,2024-25,HYUNDAI SANTA FE,Sale,77
2024-10-01,2024-25,HYUNDAI SANTA FE,Prod,124
2024-10-01,2024-25,HYUNDAI SANTA FE,Sale,94
2024-11-01,2024-25,HYUNDAI SANTA FE,Prod,215
2024-11-01,2024-25,HYUNDAI SANTA FE,Sale,113
2024-12-01,2024-25,HYUNDAI SANTA FE,Prod,0
2024-12-01,2024-25,HYUNDAI SANTA FE,Sale,196
2025-01-01,2024-25,HYUNDAI SANTA FE,Prod,107
2025-01-01,2024-25,HYUNDAI SANTA FE,Sale,189
2025-02-01,2024-25,HYUNDAI SANTA FE,Prod,95
2025-02-01,2024-25,HYUNDAI SANTA FE,Sale,138
2025-03-01,2024-25,HYUNDAI SANTA FE,Prod,154
2025-03-01,2024-25,HYUNDAI SANTA FE,Sale,154
2025-04-01,2024-25,HYUNDAI SANTA FE,Prod,176
2025-04-01,2024-25,HYUNDAI SANTA FE,Sale,130
2025-05-01,2024-25,HYUNDAI SANTA FE,Prod,167
2025-05-01,2024-25,HYUNDAI SANTA FE,Sale,83
2025-06-01,2024-25,HYUNDAI SANTA FE,Prod,158
2025-06-01,2024-25,HYUNDAI SANTA FE,Sale,136
2021-07-01,2021-22,HYUNDAI TUCSON,Prod,165
2021-07-01,2021-22,HYUNDAI TUCSON,Sale,175
2021-08-01,2021-22,HYUNDAI TUCSON,Prod,158
2021-08-01,2021-22,HYUNDAI TUCSON,Sale,192
2021-09-01,2021-22,HYUNDAI TUCSON,Prod,376
2021-09-01,2021-22,HYUNDAI TUCSON,Sale,325
2021-10-01,2021-22,HYUNDAI TUCSON,Prod,289
2021-10-01,2021-22,HYUNDAI TUCSON,Sale,350
2021-11-01,2021-22,HYUNDAI TUCSON,Prod,52
2021-11-01,2021-22,HYUNDAI TUCSON,Sale,49
2021-12-01,2021-22,HYUNDAI TUCSON,Prod,217
2021-12-01,2021-22,HYUNDAI TUCSON,Sale,230
2022-01-01,2021-22,HYUNDAI TUCSON,Prod,348
2022-01-01,2021-22,HYUNDAI TUCSON,Sale,135
2022-02-01,2021-22,HYUNDAI TUCSON,Prod,637
2022-02-01,2021-22,HYUNDAI TUCSON,Sale,774
2022-03-01,2021-22,HYUNDAI TUCSON,Prod,527
2022-03-01,2021-22,HYUNDAI TUCSON,Sale,576
2022-04-01,2021-22,HYUNDAI TUCSON,Prod,613
2022-04-01,2021-22,HYUNDAI TUCSON,Sale,553
2022-05-01,2021-22,HYUNDAI TUCSON,Prod,683
2022-05-01,2021-22,HYUNDAI TUCSON,Sale,639
2022-06-01,2021-22,HYUNDAI TUCSON,Prod,777
2022-06-01,2021-22,HYUNDAI TUCSON,Sale,897
2022-07-01,2022-23,HYUNDAI TUCSON,Prod,973
2022-07-01,2022-23,HYUNDAI TUCSON,Sale,104
2022-08-01,2022-23,HYUNDAI TUCSON,Prod,888
2022-08-01,2022-23,HYUNDAI TUCSON,Sale,985
2022-09-01,2022-23,HYUNDAI TUCSON,Prod,538
2022-09-01,2022-23,HYUNDAI TUCSON,Sale,375
2022-10-01,2022-23,HYUNDAI TUCSON,Prod,578
2022-10-01,2022-23,HYUNDAI TUCSON,Sale,201
2022-11-01,2022-23,HYUNDAI TUCSON,Prod,1
2022-11-01,2022-23,HYUNDAI TUCSON,Sale,212
2022-12-01,2022-23,HYUNDAI TUCSON,Prod,17
2022-12-01,2022-23,HYUNDAI TUCSON,Sale,367
2023-01-01,2022-23,HYUNDAI TUCSON,Prod,269
2023-01-01,2022-23,HYUNDAI TUCSON,Sale,620
2023-02-01,2022-23,HYUNDAI TUCSON,Prod,436
2023-02-01,2022-23,HYUNDAI TUCSON,Sale,708
2023-03-01,2022-23,HYUNDAI TUCSON,Prod,366
2023-03-01,2022-23,HYUNDAI TUCSON,Sale,380
2023-04-01,2022-23,HYUNDAI TUCSON,Prod,244
2023-04-01,2022-23,HYUNDAI TUCSON,Sale,315
2023-05-01,2022-23,HYUNDAI TUCSON,Prod,191
2023-05-01,2022-23,HYUNDAI TUCSON,Sale,194
2023-06-01,2022-23,HYUNDAI TUCSON,Prod,414
2023-06-01,2022-23,HYUNDAI TUCSON,Sale,313
2023-07-01,2023-24,HYUNDAI TUCSON,Prod,542
2023-07-01,2023-24,HYUNDAI TUCSON,Sale,328
2023-08-01,2023-24,HYUNDAI TUCSON,Prod,468
2023-08-01,2023-24,HYUNDAI TUCSON,Sale,465
2023-09-01,2023-24,HYUNDAI TUCSON,Prod,543
2023-09-01,2023-24,HYUNDAI TUCSON,Sale,420
2023-10-01,2023-24,HYUNDAI TUCSON,Prod,240
2023-10-01,2023-24,HYUNDAI TUCSON,Sale,136
2023-11-01,2023-24,HYUNDAI TUCSON,Prod,416
2023-11-01,2023-24,HYUNDAI TUCSON,Sale,209
2023-12-01,2023-24,HYUNDAI TUCSON,Prod,140
2023-12-01,2023-24,HYUNDAI TUCSON,Sale,101
2024-01-01,2023-24,HYUNDAI TUCSON,Prod,311
2024-01-01,2023-24,HYUNDAI TUCSON,Sale,298
2024-02-01,2023-24,HYUNDAI TUCSON,Prod,134
2024-02-01,2023-24,HYUNDAI TUCSON,Sale,222
2024-03-01,2023-24,HYUNDAI TUCSON,Prod,120
2024-03-01,2023-24,HYUNDAI TUCSON,Sale,250
2024-04-01,2023-24,HYUNDAI TUCSON,Prod,122
2024-04-01,2023-24,HYUNDAI TUCSON,Sale,253
2024-05-01,2023-24,HYUNDAI TUCSON,Prod,255
2024-05-01,2023-24,HYUNDAI TUCSON,Sale,298
2024-06-01,2023-24,HYUNDAI TUCSON,Prod,192
2024-06-01,2023-24,HYUNDAI TUCSON,Sale,495
2024-07-01,2024-25,HYUNDAI TUCSON,Prod,412
2024-07-01,2024-25,HYUNDAI TUCSON,Sale,113
2024-08-01,2024-25,HYUNDAI TUCSON,Prod,268
2024-08-01,2024-25,HYUNDAI TUCSON,Sale,276
2024-09-01,2024-25,HYUNDAI TUCSON,Prod,192
2024-09-01,2024-25,HYUNDAI TUCSON,Sale,261
2024-10-01,2024-25,HYUNDAI TUCSON,Prod,119
2024-10-01,2024-25,HYUNDAI TUCSON,Sale,111
2024-11-01,2024-25,HYUNDAI TUCSON,Prod,151
2024-11-01,2024-25,HYUNDAI TUCSON,Sale,161
2024-12-01,2024-25,HYUNDAI TUCSON,Prod,367
2024-12-01,2024-25,HYUNDAI TUCSON,Sale,319
2025-01-01,2024-25,HYUNDAI TUCSON,Prod,422
2025-01-01,2024-25,HYUNDAI TUCSON,Sale,384
2025-02-01,2024-25,HYUNDAI TUCSON,Prod,223
2025-02-01,2024-25,HYUNDAI TUCSON,Sale,355
2025-03-01,2024-25,HYUNDAI TUCSON,Prod,13
2025-03-01,2024-25,HYUNDAI TUCSON,Sale,338
2025-04-01,2024-25,HYUNDAI TUCSON,Prod,21
2025-04-01,2024-25,HYUNDAI TUCSON,Sale,5
2025-05-01,2024-25,HYUNDAI TUCSON,Prod,576
2025-05-01,2024-25,HYUNDAI TUCSON,Sale,569
2025-06-01,2024-25,HYUNDAI TUCSON,Prod,659
2025-06-01,2024-25,HYUNDAI TUCSON,Sale,644
2020-07-01,2020-21,HYUNDAI Tucson,Prod,0
2020-07-01,2020-21,HYUNDAI Tucson,Sale,0
2020-08-01,2020-21,HYUNDAI Tucson,Prod,84
2020-08-01,2020-21,HYUNDAI Tucson,Sale,22
2020-09-01,2020-21,HYUNDAI Tucson,Prod,203
2020-09-01,2020-21,HYUNDAI Tucson,Sale,215
2020-10-01,2020-21,HYUNDAI Tucson,Prod,193
2020-10-01,2020-21,HYUNDAI Tucson,Sale,211
2020-11-01,2020-21,HYUNDAI Tucson,Prod,420
2020-11-01,2020-21,HYUNDAI Tucson,Sale,371
2020-12-01,2020-21,HYUNDAI Tucson,Prod,349
2020-12-01,2020-21,HYUNDAI Tucson,Sale,388
2021-01-01,2020-21,HYUNDAI Tucson,Prod,489
2021-01-01,2020-21,HYUNDAI Tucson,Sale,393
2021-02-01,2020-21,HYUNDAI Tucson,Prod,543
2021-02-01,2020-21,HYUNDAI Tucson,Sale,546
2021-03-01,2020-21,HYUNDAI Tucson,Prod,743
2021-03-01,2020-21,HYUNDAI Tucson,Sale,613
2021-04-01,2020-21,HYUNDAI Tucson,Prod,418
2021-04-01,2020-21,HYUNDAI Tucson,Sale,503
2021-05-01,2020-21,HYUNDAI Tucson,Prod,140
2021-05-01,2020-21,HYUNDAI Tucson,Sale,255
2021-06-01,2020-21,HYUNDAI Tucson,Prod,239
2021-06-01,2020-21,HYUNDAI Tucson,Sale,231
2009-07-01,2009-10,Habib,Prod,1806
2009-07-01,2009-10,Habib,Sale,1533
2009-08-01,2009-10,Habib,Prod,1665
2009-08-01,2009-10,Habib,Sale,1514
2009-09-01,2009-10,Habib,Prod,1314
2009-09-01,2009-10,Habib,Sale,1771
2009-10-01,2009-10,Habib,Prod,1647
2009-10-01,2009-10,Habib,Sale,1707
2009-11-01,2009-10,Habib,Prod,1636
2009-11-01,2009-10,Habib,Sale,1602
2009-12-01,2009-10,Habib,Prod,1621
2009-12-01,2009-10,Habib,Sale,1653
2010-01-01,2009-10,Habib,Prod,1742
2010-01-01,2009-10,Habib,Sale,1858
2010-02-01,2009-10,Habib,Prod,1243
2010-02-01,2009-10,Habib,Sale,1643
2010-03-01,2009-10,Habib,Prod,2000
2010-03-01,2009-10,Habib,Sale,1480
2010-04-01,2009-10,Habib,Prod,1383
2010-04-01,2009-10,Habib,Sale,1616
2010-05-01,2009-10,Habib,Prod,1518
2010-05-01,2009-10,Habib,Sale,1771
2010-06-01,2009-10,Habib,Prod,1659
2010-06-01,2009-10,Habib,Sale,2060
2010-07-01,2010-11,Habib,Prod,1331
2010-07-01,2010-11,Habib,Sale,1224
2010-08-01,2010-11,Habib,Prod,1121
2010-08-01,2010-11,Habib,Sale,1408
2010-09-01,2010-11,Habib,Prod,1563
2010-09-01,2010-11,Habib,Sale,1421
2010-10-01,2010-11,Habib,Prod,1699
2010-10-01,2010-11,Habib,Sale,1574
2010-11-01,2010-11,Habib,Prod,1819
2010-11-01,2010-11,Habib,Sale,1586
2010-12-01,2010-11,Habib,Prod,1722
2010-12-01,2010-11,Habib,Sale,1616
2011-01-01,2010-11,Habib,Prod,1867
2011-01-01,2010-11,Habib,Sale,2130
2011-02-01,2010-11,Habib,Prod,2030
2011-02-01,2010-11,Habib,Sale,1987
2011-03-01,2010-11,Habib,Prod,2406
2011-03-01,2010-11,Habib,Sale,2184
2011-04-01,2010-11,Habib,Prod,2192
2011-04-01,2010-11,Habib,Sale,2193
2011-05-01,2010-11,Habib,Prod,1498
2011-05-01,2010-11,Habib,Sale,2062
2011-06-01,2010-11,Habib,Prod,2411
2011-06-01,2010-11,Habib,Sale,1818
2011-07-01,2011-12,Habib,Prod,2807
2011-07-01,2011-12,Habib,Sale,2610
2011-08-01,2011-12,Habib,Prod,2283
2011-08-01,2011-12,Habib,Sale,2685
2011-09-01,2011-12,Habib,Prod,2379
2011-09-01,2011-12,Habib,Sale,2412
2011-10-01,2011-12,Habib,Prod,2489
2011-10-01,2011-12,Habib,Sale,2311
2011-11-01,2011-12,Habib,Prod,1955
2011-11-01,2011-12,Habib,Sale,2020
2011-12-01,2011-12,Habib,Prod,2138
2011-12-01,2011-12,Habib,Sale,2016
2012-01-01,2011-12,Habib,Prod,2093
2012-01-01,2011-12,Habib,Sale,1905
2012-02-01,2011-12,Habib,Prod,1802
2012-02-01,2011-12,Habib,Sale,1906
2012-03-01,2011-12,Habib,Prod,1771
2012-03-01,2011-12,Habib,Sale,1770
2012-04-01,2011-12,Habib,Prod,1638
2012-04-01,2011-12,Habib,Sale,1871
2012-05-01,2011-12,Habib,Prod,2076
2012-05-01,2011-12,Habib,Sale,1987
2012-06-01,2011-12,Habib,Prod,1925
2012-06-01,2011-12,Habib,Sale,1906
2012-07-01,2012-13,Habib,Prod,1710
2012-07-01,2012-13,Habib,Sale,1870
2012-08-01,2012-13,Habib,Prod,1738
2012-08-01,2012-13,Habib,Sale,1850
2012-09-01,2012-13,Habib,Prod,1523
2012-09-01,2012-13,Habib,Sale,1750
2012-10-01,2012-13,Habib,Prod,1934
2012-10-01,2012-13,Habib,Sale,1960
2012-11-01,2012-13,Habib,Prod,2113
2012-11-01,2012-13,Habib,Sale,2119
2012-12-01,2012-13,Habib,Prod,1994
2012-12-01,2012-13,Habib,Sale,1918
2013-01-01,2012-13,Habib,Prod,2127
2013-01-01,2012-13,Habib,Sale,2315
2013-02-01,2012-13,Habib,Prod,2300
2013-02-01,2012-13,Habib,Sale,2300
2013-03-01,2012-13,Habib,Prod,2608
2013-03-01,2012-13,Habib,Sale,2140
2013-04-01,2012-13,Habib,Prod,2021
2013-04-01,2012-13,Habib,Sale,2098
2013-05-01,2012-13,Habib,Prod,2278
2013-05-01,2012-13,Habib,Sale,2018
2013-06-01,2012-13,Habib,Prod,1948
2013-06-01,2012-13,Habib,Sale,2125
2013-07-01,2013-14,Habib,Prod,1533
2013-07-01,2013-14,Habib,Sale,2014
2013-08-01,2013-14,Habib,Prod,2623
2013-08-01,2013-14,Habib,Sale,2169
2013-09-01,2013-14,Habib,Prod,2184
2013-09-01,2013-14,Habib,Sale,1790
2013-10-01,2013-14,Habib,Prod,1221
2013-10-01,2013-14,Habib,Sale,2166
2013-11-01,2013-14,Habib,Prod,2183
2013-11-01,2013-14,Habib,Sale,1705
2013-12-01,2013-14,Habib,Prod,1185
2013-12-01,2013-14,Habib,Sale,987
2014-01-01,2013-14,Habib,Prod,1114
2014-01-01,2013-14,Habib,Sale,1416
2014-02-01,2013-14,Habib,Prod,1283
2014-02-01,2013-14,Habib,Sale,1383
2014-03-01,2013-14,Habib,Prod,1218
2014-03-01,2013-14,Habib,Sale,1017
2014-04-01,2013-14,Habib,Prod,1061
2014-04-01,2013-14,Habib,Sale,1032
2014-05-01,2013-14,Habib,Prod,774
2014-05-01,2013-14,Habib,Sale,986
2014-06-01,2013-14,Habib,Prod,0
2014-06-01,2013-14,Habib,Sale,306
2014-07-01,2014-15,Habib,Prod,0
2014-07-01,2014-15,Habib,Sale,254
2014-08-01,2014-15,Habib,Prod,0
2014-08-01,2014-15,Habib,Sale,96
2014-09-01,2014-15,Habib,Prod,0
2014-09-01,2014-15,Habib,Sale,0
2014-10-01,2014-15,Habib,Prod,0
2014-10-01,2014-15,Habib,Sale,0
2014-11-01,2014-15,Habib,Prod,0
2014-11-01,2014-15,Habib,Sale,0
2014-12-01,2014-15,Habib,Prod,0
2014-12-01,2014-15,Habib,Sale,0
2015-01-01,2014-15,Habib,Prod,0
2015-01-01,2014-15,Habib,Sale,0
2015-02-01,2014-15,Habib,Prod,0
2015-02-01,2014-15,Habib,Sale,0
2015-03-01,2014-15,Habib,Prod,0
2015-03-01,2014-15,Habib,Sale,0
2015-04-01,2014-15,Habib,Prod,0
2015-04-01,2014-15,Habib,Sale,0
2015-05-01,2014-15,Habib,Prod,0
2015-05-01,2014-15,Habib,Sale,0
2015-06-01,2014-15,Habib,Prod,0
2015-06-01,2014-15,Habib,Sale,0
2015-07-01,2015-16,Habib,Prod,0
2015-07-01,2015-16,Habib,Sale,0
2015-08-01,2015-16,Habib,Prod,0
2015-08-01,2015-16,Habib,Sale,0
2015-09-01,2015-16,Habib,Prod,0
2015-09-01,2015-16,Habib,Sale,0
2015-10-01,2015-16,Habib,Prod,0
2015-10-01,2015-16,Habib,Sale,0
2015-11-01,2015-16,Habib,Prod,0
2015-11-01,2015-16,Habib,Sale,0
2015-12-01,2015-16,Habib,Prod,0
2015-12-01,2015-16,Habib,Sale,0
2016-01-01,2015-16,Habib,Prod,0
2016-01-01,2015-16,Habib,Sale,0
2016-02-01,2015-16,Habib,Prod,0
2016-02-01,2015-16,Habib,Sale,0
2016-03-01,2015-16,Habib,Prod,0
2016-03-01,2015-16,Habib,Sale,0
2016-04-01,2015-16,Habib,Prod,0
2016-04-01,2015-16,Habib,Sale,0
2016-05-01,2015-16,Habib,Prod,0
2016-05-01,2015-16,Habib,Sale,0
2016-06-01,2015-16,Habib,Prod,0
2016-06-01,2015-16,Habib,Sale,0
2007-07-01,2007-08,Hero,Prod,2398
2007-07-01,2007-08,Hero,Sale,2383
2007-08-01,2007-08,Hero,Prod,2065
2007-08-01,2007-08,Hero,Sale,2062
2007-09-01,2007-08,Hero,Prod,2980
2007-09-01,2007-08,Hero,Sale,2603
2007-10-01,2007-08,Hero,Prod,2570
2007-10-01,2007-08,Hero,Sale,2625
2007-11-01,2007-08,Hero,Prod,1970
2007-11-01,2007-08,Hero,Sale,2200
2007-12-01,2007-08,Hero,Prod,1477
2007-12-01,2007-08,Hero,Sale,1620
2008-01-01,2007-08,Hero,Prod,1773
2008-01-01,2007-08,Hero,Sale,1800
2008-02-01,2007-08,Hero,Prod,1760
2008-02-01,2007-08,Hero,Sale,1850
2008-03-01,2007-08,Hero,Prod,1653
2008-03-01,2007-08,Hero,Sale,1690
2008-04-01,2007-08,Hero,Prod,1293
2008-04-01,2007-08,Hero,Sale,1600
2008-05-01,2007-08,Hero,Prod,1800
2008-05-01,2007-08,Hero,Sale,1804
2008-06-01,2007-08,Hero,Prod,780
2008-06-01,2007-08,Hero,Sale,2000
2008-07-01,2008-09,Hero,Prod,3491
2008-07-01,2008-09,Hero,Sale,2291
2008-08-01,2008-09,Hero,Prod,1670
2008-08-01,2008-09,Hero,Sale,1600
2008-09-01,2008-09,Hero,Prod,1290
2008-09-01,2008-09,Hero,Sale,1361
2008-10-01,2008-09,Hero,Prod,1497
2008-10-01,2008-09,Hero,Sale,1500
2008-11-01,2008-09,Hero,Prod,1995
2008-11-01,2008-09,Hero,Sale,2000
2008-12-01,2008-09,Hero,Prod,636
2008-12-01,2008-09,Hero,Sale,636
2009-01-01,2008-09,Hero,Prod,771
2009-01-01,2008-09,Hero,Sale,783
2009-02-01,2008-09,Hero,Prod,1247
2009-02-01,2008-09,Hero,Sale,1249
2009-03-01,2008-09,Hero,Prod,1761
2009-03-01,2008-09,Hero,Sale,1765
2009-04-01,2008-09,Hero,Prod,1930
2009-04-01,2008-09,Hero,Sale,1901
2009-05-01,2008-09,Hero,Prod,2100
2009-05-01,2008-09,Hero,Sale,2055
2009-06-01,2008-09,Hero,Prod,2650
2009-06-01,2008-09,Hero,Sale,2677
2009-07-01,2009-10,Hero,Prod,3028
2009-07-01,2009-10,Hero,Sale,3000
2009-08-01,2009-10,Hero,Prod,2725
2009-08-01,2009-10,Hero,Sale,1753
2009-09-01,2009-10,Hero,Prod,3252
2009-09-01,2009-10,Hero,Sale,4250
2009-10-01,2009-10,Hero,Prod,3030
2009-10-01,2009-10,Hero,Sale,3305
2009-11-01,2009-10,Hero,Prod,2280
2009-11-01,2009-10,Hero,Sale,2352
2009-12-01,2009-10,Hero,Prod,2000
2009-12-01,2009-10,Hero,Sale,2008
2010-01-01,2009-10,Hero,Prod,3060
2010-01-01,2009-10,Hero,Sale,3005
2010-02-01,2009-10,Hero,Prod,2984
2010-02-01,2009-10,Hero,Sale,3101
2010-03-01,2009-10,Hero,Prod,3189
2010-03-01,2009-10,Hero,Sale,3173
2010-04-01,2009-10,Hero,Prod,2712
2010-04-01,2009-10,Hero,Sale,3205
2010-05-01,2009-10,Hero,Prod,2950
2010-05-01,2009-10,Hero,Sale,3254
2010-06-01,2009-10,Hero,Prod,3800
2010-06-01,2009-10,Hero,Sale,3760
2010-07-01,2010-11,Hero,Prod,3180
2010-07-01,2010-11,Hero,Sale,3184
2010-08-01,2010-11,Hero,Prod,3410
2010-08-01,2010-11,Hero,Sale,3501
2010-09-01,2010-11,Hero,Prod,3850
2010-09-01,2010-11,Hero,Sale,3750
2010-10-01,2010-11,Hero,Prod,3560
2010-10-01,2010-11,Hero,Sale,3554
2010-11-01,2010-11,Hero,Prod,3034
2010-11-01,2010-11,Hero,Sale,3015
2010-12-01,2010-11,Hero,Prod,3012
2010-12-01,2010-11,Hero,Sale,3000
2011-01-01,2010-11,Hero,Prod,3000
2011-01-01,2010-11,Hero,Sale,3075
2011-02-01,2010-11,Hero,Prod,3133
2011-02-01,2010-11,Hero,Sale,3123
2011-03-01,2010-11,Hero,Prod,3310
2011-03-01,2010-11,Hero,Sale,3206
2011-04-01,2010-11,Hero,Prod,3360
2011-04-01,2010-11,Hero,Sale,3304
2011-05-01,2010-11,Hero,Prod,4518
2011-05-01,2010-11,Hero,Sale,4548
2011-06-01,2010-11,Hero,Prod,4605
2011-06-01,2010-11,Hero,Sale,5010
2011-07-01,2011-12,Hero,Prod,3160
2011-07-01,2011-12,Hero,Sale,3129
2011-08-01,2011-12,Hero,Prod,4500
2011-08-01,2011-12,Hero,Sale,4477
2011-09-01,2011-12,Hero,Prod,4460
2011-09-01,2011-12,Hero,Sale,4326
2011-10-01,2011-12,Hero,Prod,3900
2011-10-01,2011-12,Hero,Sale,3687
2011-11-01,2011-12,Hero,Prod,2280
2011-11-01,2011-12,Hero,Sale,2549
2011-12-01,2011-12,Hero,Prod,2300
2011-12-01,2011-12,Hero,Sale,2338
2012-01-01,2011-12,Hero,Prod,2904
2012-01-01,2011-12,Hero,Sale,3087
2012-02-01,2011-12,Hero,Prod,3228
2012-02-01,2011-12,Hero,Sale,3200
2012-03-01,2011-12,Hero,Prod,2477
2012-03-01,2011-12,Hero,Sale,2412
2012-04-01,2011-12,Hero,Prod,3001
2012-04-01,2011-12,Hero,Sale,3061
2012-05-01,2011-12,Hero,Prod,3624
2012-05-01,2011-12,Hero,Sale,3645
2012-06-01,2011-12,Hero,Prod,3000
2012-06-01,2011-12,Hero,Sale,3017
2012-07-01,2012-13,Hero,Prod,2956
2012-07-01,2012-13,Hero,Sale,3029
2012-08-01,2012-13,Hero,Prod,2165
2012-08-01,2012-13,Hero,Sale,2139
2012-09-01,2012-13,Hero,Prod,2396
2012-09-01,2012-13,Hero,Sale,2424
2012-10-01,2012-13,Hero,Prod,2544
2012-10-01,2012-13,Hero,Sale,2510
2012-11-01,2012-13,Hero,Prod,1460
2012-11-01,2012-13,Hero,Sale,1505
2012-12-01,2012-13,Hero,Prod,1480
2012-12-01,2012-13,Hero,Sale,1500
2013-01-01,2012-13,Hero,Prod,1450
2013-01-01,2012-13,Hero,Sale,1491
2013-02-01,2012-13,Hero,Prod,1025
2013-02-01,2012-13,Hero,Sale,1040
2013-03-01,2012-13,Hero,Prod,1025
2013-03-01,2012-13,Hero,Sale,1000
2013-04-01,2012-13,Hero,Prod,1125
2013-04-01,2012-13,Hero,Sale,1007
2013-05-01,2012-13,Hero,Prod,1257
2013-05-01,2012-13,Hero,Sale,1200
2013-06-01,2012-13,Hero,Prod,1583
2013-06-01,2012-13,Hero,Sale,1505
2013-07-01,2013-14,Hero,Prod,1711
2013-07-01,2013-14,Hero,Sale,1606
2013-08-01,2013-14,Hero,Prod,929
2013-08-01,2013-14,Hero,Sale,1009
2013-09-01,2013-14,Hero,Prod,1610
2013-09-01,2013-14,Hero,Sale,1604
2013-10-01,2013-14,Hero,Prod,1595
2013-10-01,2013-14,Hero,Sale,1600
2013-11-01,2013-14,Hero,Prod,1005
2013-11-01,2013-14,Hero,Sale,1000
2013-12-01,2013-14,Hero,Prod,995
2013-12-01,2013-14,Hero,Sale,1004
2014-01-01,2013-14,Hero,Prod,1005
2014-01-01,2013-14,Hero,Sale,1000
2014-02-01,2013-14,Hero,Prod,1010
2014-02-01,2013-14,Hero,Sale,1000
2014-03-01,2013-14,Hero,Prod,1000
2014-03-01,2013-14,Hero,Sale,1010
2014-04-01,2013-14,Hero,Prod,290
2014-04-01,2013-14,Hero,Sale,300
2014-05-01,2013-14,Hero,Prod,220
2014-05-01,2013-14,Hero,Sale,200
2014-06-01,2013-14,Hero,Prod,155
2014-06-01,2013-14,Hero,Sale,178
2014-07-01,2014-15,Hero,Prod,1005
2014-07-01,2014-15,Hero,Sale,1000
2014-08-01,2014-15,Hero,Prod,1000
2014-08-01,2014-15,Hero,Sale,1005
2014-09-01,2014-15,Hero,Prod,1020
2014-09-01,2014-15,Hero,Sale,1010
2014-10-01,2014-15,Hero,Prod,1000
2014-10-01,2014-15,Hero,Sale,1015
2014-11-01,2014-15,Hero,Prod,1110
2014-11-01,2014-15,Hero,Sale,1103
2014-12-01,2014-15,Hero,Prod,1010
2014-12-01,2014-15,Hero,Sale,1000
2015-01-01,2014-15,Hero,Prod,800
2015-01-01,2014-15,Hero,Sale,804
2015-02-01,2014-15,Hero,Prod,450
2015-02-01,2014-15,Hero,Sale,443
2015-03-01,2014-15,Hero,Prod,266
2015-03-01,2014-15,Hero,Sale,266
2015-04-01,2014-15,Hero,Prod,206
2015-04-01,2014-15,Hero,Sale,206
2015-05-01,2014-15,Hero,Prod,402
2015-05-01,2014-15,Hero,Sale,403
2015-06-01,2014-15,Hero,Prod,338
2015-06-01,2014-15,Hero,Sale,338
2015-07-01,2015-16,Hero,Prod,304
2015-07-01,2015-16,Hero,Sale,304
2015-08-01,2015-16,Hero,Prod,473
2015-08-01,2015-16,Hero,Sale,473
2015-09-01,2015-16,Hero,Prod,306
2015-09-01,2015-16,Hero,Sale,306
2015-10-01,2015-16,Hero,Prod,301
2015-10-01,2015-16,Hero,Sale,301
2015-11-01,2015-16,Hero,Prod,236
2015-11-01,2015-16,Hero,Sale,236
2015-12-01,2015-16,Hero,Prod,149
2015-12-01,2015-16,Hero,Sale,149
2016-01-01,2015-16,Hero,Prod,145
2016-01-01,2015-16,Hero,Sale,145
2016-02-01,2015-16,Hero,Prod,176
2016-02-01,2015-16,Hero,Sale,176
2016-03-01,2015-16,Hero,Prod,198
2016-03-01,2015-16,Hero,Sale,198
2016-04-01,2015-16,Hero,Prod,203
2016-04-01,2015-16,Hero,Sale,203
2016-05-01,2015-16,Hero,Prod,227
2016-05-01,2015-16,Hero,Sale,227
2016-06-01,2015-16,Hero,Prod,240
2016-06-01,2015-16,Hero,Sale,240
2016-07-01,2016-17,Hero,Prod,198
2016-07-01,2016-17,Hero,Sale,198
2016-08-01,2016-17,Hero,Prod,120
2016-08-01,2016-17,Hero,Sale,120
2016-09-01,2016-17,Hero,Prod,120
2016-09-01,2016-17,Hero,Sale,120
2016-10-01,2016-17,Hero,Prod,208
2016-10-01,2016-17,Hero,Sale,208
2016-11-01,2016-17,Hero,Prod,283
2016-11-01,2016-17,Hero,Sale,283
2016-12-01,2016-17,Hero,Prod,315
2016-12-01,2016-17,Hero,Sale,315
2017-01-01,2016-17,Hero,Prod,320
2017-01-01,2016-17,Hero,Sale,320
2017-02-01,2016-17,Hero,Prod,221
2017-02-01,2016-17,Hero,Sale,221
2017-03-01,2016-17,Hero,Prod,232
2017-03-01,2016-17,Hero,Sale,232
2017-04-01,2016-17,Hero,Prod,236
2017-04-01,2016-17,Hero,Sale,236
2017-05-01,2016-17,Hero,Prod,259
2017-05-01,2016-17,Hero,Sale,259
2017-06-01,2016-17,Hero,Prod,500
2017-06-01,2016-17,Hero,Sale,500
2017-07-01,2017-18,Hero,Prod,1001
2017-07-01,2017-18,Hero,Sale,1001
2017-08-01,2017-18,Hero,Prod,922
2017-08-01,2017-18,Hero,Sale,922
2017-09-01,2017-18,Hero,Prod,326
2017-09-01,2017-18,Hero,Sale,326
2017-10-01,2017-18,Hero,Prod,354
2017-10-01,2017-18,Hero,Sale,354
2017-11-01,2017-18,Hero,Prod,99
2017-11-01,2017-18,Hero,Sale,99
2017-12-01,2017-18,Hero,Prod,50
2017-12-01,2017-18,Hero,Sale,50
2018-01-01,2017-18,Hero,Prod,0
2018-01-01,2017-18,Hero,Sale,0
2018-02-01,2017-18,Hero,Prod,0
2018-02-01,2017-18,Hero,Sale,0
2018-03-01,2017-18,Hero,Prod,0
2018-03-01,2017-18,Hero,Sale,0
2018-04-01,2017-18,Hero,Prod,0
2018-04-01,2017-18,Hero,Sale,0
2018-05-01,2017-18,Hero,Prod,0
2018-05-01,2017-18,Hero,Sale,0
2018-06-01,2017-18,Hero,Prod,0
2018-06-01,2017-18,Hero,Sale,0
2018-07-01,2018-19,Hero,Prod,0
2018-07-01,2018-19,Hero,Sale,0
2018-08-01,2018-19,Hero,Prod,0
2018-08-01,2018-19,Hero,Sale,0
2018-09-01,2018-19,Hero,Prod,0
2018-09-01,2018-19,Hero,Sale,0
2018-10-01,2018-19,Hero,Prod,0
2018-10-01,2018-19,Hero,Sale,0
2018-11-01,2018-19,Hero,Prod,0
2018-11-01,2018-19,Hero,Sale,0
2018-12-01,2018-19,Hero,Prod,0
2018-12-01,2018-19,Hero,Sale,0
2019-01-01,2018-19,Hero,Prod,0
2019-01-01,2018-19,Hero,Sale,0
2019-02-01,2018-19,Hero,Prod,0
2019-02-01,2018-19,Hero,Sale,0
2019-03-01,2018-19,Hero,Prod,0
2019-03-01,2018-19,Hero,Sale,0
2019-04-01,2018-19,Hero,Prod,0
2019-04-01,2018-19,Hero,Sale,0
2019-05-01,2018-19,Hero,Prod,0
2019-05-01,2018-19,Hero,Sale,0
2019-06-01,2018-19,Hero,Prod,0
2019-06-01,2018-19,Hero,Sale,0
2019-07-01,2019-20,Hero,Prod,0
2019-07-01,2019-20,Hero,Sale,0
2019-08-01,2019-20,Hero,Prod,0
2019-08-01,2019-20,Hero,Sale,0
2019-09-01,2019-20,Hero,Prod,0
2019-09-01,2019-20,Hero,Sale,0
2019-10-01,2019-20,Hero,Prod,0
2019-10-01,2019-20,Hero,Sale,0
2019-11-01,2019-20,Hero,Prod,0
2019-11-01,2019-20,Hero,Sale,0
2019-12-01,2019-20,Hero,Prod,0
2019-12-01,2019-20,Hero,Sale,0
2020-01-01,2019-20,Hero,Prod,0
2020-01-01,2019-20,Hero,Sale,0
2020-02-01,2019-20,Hero,Prod,0
2020-02-01,2019-20,Hero,Sale,0
2020-03-01,2019-20,Hero,Prod,0
2020-03-01,2019-20,Hero,Sale,0
2020-04-01,2019-20,Hero,Prod,0
2020-04-01,2019-20,Hero,Sale,0
2020-05-01,2019-20,Hero,Prod,0
2020-05-01,2019-20,Hero,Sale,0
2020-06-01,2019-20,Hero,Prod,0
2020-06-01,2019-20,Hero,Sale,0
2020-07-01,2020-21,Hero,Prod,0
2020-07-01,2020-21,Hero,Sale,0
2020-08-01,2020-21,Hero,Prod,0
2020-08-01,2020-21,Hero,Sale,0
2020-09-01,2020-21,Hero,Prod,0
2020-09-01,2020-21,Hero,Sale,0
2020-10-01,2020-21,Hero,Prod,0
2020-10-01,2020-21,Hero,Sale,0
2020-11-01,2020-21,Hero,Prod,0
2020-11-01,2020-21,Hero,Sale,0
2020-12-01,2020-21,Hero,Prod,0
2020-12-01,2020-21,Hero,Sale,0
2021-01-01,2020-21,Hero,Prod,0
2021-01-01,2020-21,Hero,Sale,0
2021-02-01,2020-21,Hero,Prod,0
2021-02-01,2020-21,Hero,Sale,0
2021-03-01,2020-21,Hero,Prod,0
2021-03-01,2020-21,Hero,Sale,0
2021-04-01,2020-21,Hero,Prod,0
2021-04-01,2020-21,Hero,Sale,0
2021-05-01,2020-21,Hero,Prod,0
2021-05-01,2020-21,Hero,Sale,0
2021-06-01,2020-21,Hero,Prod,0
2021-06-01,2020-21,Hero,Sale,0
2007-07-01,2007-08,Hino,Prod,177
2007-07-01,2007-08,Hino,Prod,108
2007-07-01,2007-08,Hino,Sale,198
2007-07-01,2007-08,Hino,Sale,89
2007-08-01,2007-08,Hino,Prod,232
2007-08-01,2007-08,Hino,Prod,102
2007-08-01,2007-08,Hino,Sale,212
2007-08-01,2007-08,Hino,Sale,91
2007-09-01,2007-08,Hino,Prod,151
2007-09-01,2007-08,Hino,Prod,60
2007-09-01,2007-08,Hino,Sale,119
2007-09-01,2007-08,Hino,Sale,86
2007-10-01,2007-08,Hino,Prod,134
2007-10-01,2007-08,Hino,Prod,66
2007-10-01,2007-08,Hino,Sale,122
2007-10-01,2007-08,Hino,Sale,63
2007-11-01,2007-08,Hino,Prod,207
2007-11-01,2007-08,Hino,Prod,66
2007-11-01,2007-08,Hino,Sale,256
2007-11-01,2007-08,Hino,Sale,75
2007-12-01,2007-08,Hino,Prod,191
2007-12-01,2007-08,Hino,Prod,20
2007-12-01,2007-08,Hino,Sale,138
2007-12-01,2007-08,Hino,Sale,38
2008-01-01,2007-08,Hino,Prod,255
2008-01-01,2007-08,Hino,Prod,81
2008-01-01,2007-08,Hino,Sale,283
2008-01-01,2007-08,Hino,Sale,70
2008-02-01,2007-08,Hino,Prod,253
2008-02-01,2007-08,Hino,Prod,60
2008-02-01,2007-08,Hino,Sale,282
2008-02-01,2007-08,Hino,Sale,73
2008-03-01,2007-08,Hino,Prod,231
2008-03-01,2007-08,Hino,Prod,72
2008-03-01,2007-08,Hino,Sale,309
2008-03-01,2007-08,Hino,Sale,97
2008-04-01,2007-08,Hino,Prod,218
2008-04-01,2007-08,Hino,Prod,96
2008-04-01,2007-08,Hino,Sale,237
2008-04-01,2007-08,Hino,Sale,75
2008-05-01,2007-08,Hino,Prod,296
2008-05-01,2007-08,Hino,Prod,90
2008-05-01,2007-08,Hino,Sale,243
2008-05-01,2007-08,Hino,Sale,90
2008-06-01,2007-08,Hino,Prod,310
2008-06-01,2007-08,Hino,Prod,66
2008-06-01,2007-08,Hino,Sale,253
2008-06-01,2007-08,Hino,Sale,79
2008-07-01,2008-09,Hino,Prod,209
2008-07-01,2008-09,Hino,Prod,84
2008-07-01,2008-09,Hino,Sale,180
2008-07-01,2008-09,Hino,Sale,41
2008-08-01,2008-09,Hino,Prod,133
2008-08-01,2008-09,Hino,Prod,54
2008-08-01,2008-09,Hino,Sale,176
2008-08-01,2008-09,Hino,Sale,64
2008-09-01,2008-09,Hino,Prod,155
2008-09-01,2008-09,Hino,Prod,12
2008-09-01,2008-09,Hino,Sale,149
2008-09-01,2008-09,Hino,Sale,43
2008-10-01,2008-09,Hino,Prod,153
2008-10-01,2008-09,Hino,Prod,54
2008-10-01,2008-09,Hino,Sale,88
2008-10-01,2008-09,Hino,Sale,31
2008-11-01,2008-09,Hino,Prod,92
2008-11-01,2008-09,Hino,Prod,30
2008-11-01,2008-09,Hino,Sale,115
2008-11-01,2008-09,Hino,Sale,46
2008-12-01,2008-09,Hino,Prod,74
2008-12-01,2008-09,Hino,Prod,12
2008-12-01,2008-09,Hino,Sale,130
2008-12-01,2008-09,Hino,Sale,16
2009-01-01,2008-09,Hino,Prod,99
2009-01-01,2008-09,Hino,Prod,24
2009-01-01,2008-09,Hino,Sale,113
2009-01-01,2008-09,Hino,Sale,54
2009-02-01,2008-09,Hino,Prod,106
2009-02-01,2008-09,Hino,Prod,36
2009-02-01,2008-09,Hino,Sale,163
2009-02-01,2008-09,Hino,Sale,17
2009-03-01,2008-09,Hino,Prod,180
2009-03-01,2008-09,Hino,Prod,36
2009-03-01,2008-09,Hino,Sale,139
2009-03-01,2008-09,Hino,Sale,52
2009-04-01,2008-09,Hino,Prod,164
2009-04-01,2008-09,Hino,Prod,53
2009-04-01,2008-09,Hino,Sale,146
2009-04-01,2008-09,Hino,Sale,54
2009-05-01,2008-09,Hino,Prod,167
2009-05-01,2008-09,Hino,Prod,54
2009-05-01,2008-09,Hino,Sale,144
2009-05-01,2008-09,Hino,Sale,36
2009-06-01,2008-09,Hino,Prod,168
2009-06-01,2008-09,Hino,Prod,66
2009-06-01,2008-09,Hino,Sale,181
2009-06-01,2008-09,Hino,Sale,69
2009-07-01,2009-10,Hino,Prod,145
2009-07-01,2009-10,Hino,Prod,48
2009-07-01,2009-10,Hino,Sale,129
2009-07-01,2009-10,Hino,Sale,53
2009-08-01,2009-10,Hino,Prod,152
2009-08-01,2009-10,Hino,Prod,48
2009-08-01,2009-10,Hino,Sale,157
2009-08-01,2009-10,Hino,Sale,32
2009-09-01,2009-10,Hino,Prod,141
2009-09-01,2009-10,Hino,Prod,42
2009-09-01,2009-10,Hino,Sale,168
2009-09-01,2009-10,Hino,Sale,37
2009-10-01,2009-10,Hino,Prod,182
2009-10-01,2009-10,Hino,Prod,42
2009-10-01,2009-10,Hino,Sale,166
2009-10-01,2009-10,Hino,Sale,44
2009-11-01,2009-10,Hino,Prod,140
2009-11-01,2009-10,Hino,Prod,55
2009-11-01,2009-10,Hino,Sale,131
2009-11-01,2009-10,Hino,Sale,51
2009-12-01,2009-10,Hino,Prod,171
2009-12-01,2009-10,Hino,Prod,12
2009-12-01,2009-10,Hino,Sale,158
2009-12-01,2009-10,Hino,Sale,19
2010-01-01,2009-10,Hino,Prod,253
2010-01-01,2009-10,Hino,Prod,51
2010-01-01,2009-10,Hino,Sale,253
2010-01-01,2009-10,Hino,Sale,51
2010-02-01,2009-10,Hino,Prod,178
2010-02-01,2009-10,Hino,Prod,24
2010-02-01,2009-10,Hino,Sale,189
2010-02-01,2009-10,Hino,Sale,61
2010-03-01,2009-10,Hino,Prod,214
2010-03-01,2009-10,Hino,Prod,48
2010-03-01,2009-10,Hino,Sale,181
2010-03-01,2009-10,Hino,Sale,76
2010-04-01,2009-10,Hino,Prod,115
2010-04-01,2009-10,Hino,Prod,42
2010-04-01,2009-10,Hino,Sale,75
2010-04-01,2009-10,Hino,Sale,25
2010-05-01,2009-10,Hino,Prod,164
2010-05-01,2009-10,Hino,Prod,30
2010-05-01,2009-10,Hino,Sale,176
2010-05-01,2009-10,Hino,Sale,24
2010-06-01,2009-10,Hino,Prod,215
2010-06-01,2009-10,Hino,Prod,42
2010-06-01,2009-10,Hino,Sale,254
2010-06-01,2009-10,Hino,Sale,44
2010-07-01,2010-11,Hino,Prod,140
2010-07-01,2010-11,Hino,Prod,30
2010-07-01,2010-11,Hino,Sale,132
2010-07-01,2010-11,Hino,Sale,31
2010-08-01,2010-11,Hino,Prod,134
2010-08-01,2010-11,Hino,Prod,24
2010-08-01,2010-11,Hino,Sale,105
2010-08-01,2010-11,Hino,Sale,39
2010-09-01,2010-11,Hino,Prod,196
2010-09-01,2010-11,Hino,Prod,42
2010-09-01,2010-11,Hino,Sale,185
2010-09-01,2010-11,Hino,Sale,40
2010-10-01,2010-11,Hino,Prod,128
2010-10-01,2010-11,Hino,Prod,24
2010-10-01,2010-11,Hino,Sale,165
2010-10-01,2010-11,Hino,Sale,35
2010-11-01,2010-11,Hino,Prod,98
2010-11-01,2010-11,Hino,Prod,36
2010-11-01,2010-11,Hino,Sale,128
2010-11-01,2010-11,Hino,Sale,11
2010-12-01,2010-11,Hino,Prod,126
2010-12-01,2010-11,Hino,Prod,30
2010-12-01,2010-11,Hino,Sale,118
2010-12-01,2010-11,Hino,Sale,32
2011-01-01,2010-11,Hino,Prod,106
2011-01-01,2010-11,Hino,Prod,36
2011-01-01,2010-11,Hino,Sale,101
2011-01-01,2010-11,Hino,Sale,49
2011-02-01,2010-11,Hino,Prod,58
2011-02-01,2010-11,Hino,Prod,30
2011-02-01,2010-11,Hino,Sale,63
2011-02-01,2010-11,Hino,Sale,38
2011-03-01,2010-11,Hino,Prod,86
2011-03-01,2010-11,Hino,Prod,42
2011-03-01,2010-11,Hino,Sale,105
2011-03-01,2010-11,Hino,Sale,37
2011-04-01,2010-11,Hino,Prod,77
2011-04-01,2010-11,Hino,Prod,20
2011-04-01,2010-11,Hino,Sale,60
2011-04-01,2010-11,Hino,Sale,31
2011-05-01,2010-11,Hino,Prod,85
2011-05-01,2010-11,Hino,Prod,42
2011-05-01,2010-11,Hino,Sale,130
2011-05-01,2010-11,Hino,Sale,45
2011-06-01,2010-11,Hino,Prod,73
2011-06-01,2010-11,Hino,Prod,38
2011-06-01,2010-11,Hino,Sale,46
2011-06-01,2010-11,Hino,Sale,21
2011-07-01,2011-12,Hino,Prod,129
2011-07-01,2011-12,Hino,Prod,32
2011-07-01,2011-12,Hino,Sale,80
2011-07-01,2011-12,Hino,Sale,18
2011-08-01,2011-12,Hino,Prod,39
2011-08-01,2011-12,Hino,Prod,12
2011-08-01,2011-12,Hino,Sale,40
2011-08-01,2011-12,Hino,Sale,15
2011-09-01,2011-12,Hino,Prod,101
2011-09-01,2011-12,Hino,Prod,22
2011-09-01,2011-12,Hino,Sale,111
2011-09-01,2011-12,Hino,Sale,23
2011-10-01,2011-12,Hino,Prod,80
2011-10-01,2011-12,Hino,Prod,50
2011-10-01,2011-12,Hino,Sale,95
2011-10-01,2011-12,Hino,Sale,58
2011-11-01,2011-12,Hino,Prod,56
2011-11-01,2011-12,Hino,Prod,42
2011-11-01,2011-12,Hino,Sale,55
2011-11-01,2011-12,Hino,Sale,35
2011-12-01,2011-12,Hino,Prod,106
2011-12-01,2011-12,Hino,Prod,28
2011-12-01,2011-12,Hino,Sale,134
2011-12-01,2011-12,Hino,Sale,28
2012-01-01,2011-12,Hino,Prod,211
2012-01-01,2011-12,Hino,Prod,54
2012-01-01,2011-12,Hino,Sale,169
2012-01-01,2011-12,Hino,Sale,34
2012-02-01,2011-12,Hino,Prod,105
2012-02-01,2011-12,Hino,Prod,100
2012-02-01,2011-12,Hino,Sale,103
2012-02-01,2011-12,Hino,Sale,54
2012-03-01,2011-12,Hino,Prod,137
2012-03-01,2011-12,Hino,Prod,54
2012-03-01,2011-12,Hino,Sale,158
2012-03-01,2011-12,Hino,Sale,118
2012-04-01,2011-12,Hino,Prod,101
2012-04-01,2011-12,Hino,Prod,18
2012-04-01,2011-12,Hino,Sale,78
2012-04-01,2011-12,Hino,Sale,33
2012-05-01,2011-12,Hino,Prod,84
2012-05-01,2011-12,Hino,Prod,34
2012-05-01,2011-12,Hino,Sale,56
2012-05-01,2011-12,Hino,Sale,28
2012-06-01,2011-12,Hino,Prod,88
2012-06-01,2011-12,Hino,Prod,22
2012-06-01,2011-12,Hino,Sale,84
2012-06-01,2011-12,Hino,Sale,46
2012-07-01,2012-13,Hino,Prod,62
2012-07-01,2012-13,Hino,Prod,36
2012-07-01,2012-13,Hino,Sale,92
2012-07-01,2012-13,Hino,Sale,29
2012-08-01,2012-13,Hino,Prod,78
2012-08-01,2012-13,Hino,Prod,40
2012-08-01,2012-13,Hino,Sale,64
2012-08-01,2012-13,Hino,Sale,36
2012-09-01,2012-13,Hino,Prod,86
2012-09-01,2012-13,Hino,Prod,44
2012-09-01,2012-13,Hino,Sale,35
2012-09-01,2012-13,Hino,Sale,45
2012-10-01,2012-13,Hino,Prod,114
2012-10-01,2012-13,Hino,Prod,48
2012-10-01,2012-13,Hino,Sale,73
2012-10-01,2012-13,Hino,Sale,37
2012-11-01,2012-13,Hino,Prod,36
2012-11-01,2012-13,Hino,Prod,32
2012-11-01,2012-13,Hino,Sale,65
2012-11-01,2012-13,Hino,Sale,48
2012-12-01,2012-13,Hino,Prod,66
2012-12-01,2012-13,Hino,Prod,32
2012-12-01,2012-13,Hino,Sale,48
2012-12-01,2012-13,Hino,Sale,29
2013-01-01,2012-13,Hino,Prod,22
2013-01-01,2012-13,Hino,Prod,18
2013-01-01,2012-13,Hino,Sale,66
2013-01-01,2012-13,Hino,Sale,25
2013-02-01,2012-13,Hino,Prod,74
2013-02-01,2012-13,Hino,Prod,42
2013-02-01,2012-13,Hino,Sale,89
2013-02-01,2012-13,Hino,Sale,45
2013-03-01,2012-13,Hino,Prod,52
2013-03-01,2012-13,Hino,Prod,30
2013-03-01,2012-13,Hino,Sale,82
2013-03-01,2012-13,Hino,Sale,29
2013-04-01,2012-13,Hino,Prod,36
2013-04-01,2012-13,Hino,Prod,48
2013-04-01,2012-13,Hino,Sale,57
2013-04-01,2012-13,Hino,Sale,36
2013-05-01,2012-13,Hino,Prod,54
2013-05-01,2012-13,Hino,Prod,38
2013-05-01,2012-13,Hino,Sale,66
2013-05-01,2012-13,Hino,Sale,34
2013-06-01,2012-13,Hino,Prod,88
2013-06-01,2012-13,Hino,Prod,12
2013-06-01,2012-13,Hino,Sale,105
2013-06-01,2012-13,Hino,Sale,17
2013-07-01,2013-14,Hino,Prod,70
2013-07-01,2013-14,Hino,Prod,28
2013-07-01,2013-14,Hino,Sale,60
2013-07-01,2013-14,Hino,Sale,40
2013-08-01,2013-14,Hino,Prod,48
2013-08-01,2013-14,Hino,Prod,60
2013-08-01,2013-14,Hino,Sale,75
2013-08-01,2013-14,Hino,Sale,45
2013-09-01,2013-14,Hino,Prod,78
2013-09-01,2013-14,Hino,Prod,46
2013-09-01,2013-14,Hino,Sale,62
2013-09-01,2013-14,Hino,Sale,55
2013-10-01,2013-14,Hino,Prod,70
2013-10-01,2013-14,Hino,Prod,54
2013-10-01,2013-14,Hino,Sale,66
2013-10-01,2013-14,Hino,Sale,15
2013-11-01,2013-14,Hino,Prod,92
2013-11-01,2013-14,Hino,Prod,22
2013-11-01,2013-14,Hino,Sale,72
2013-11-01,2013-14,Hino,Sale,37
2013-12-01,2013-14,Hino,Prod,102
2013-12-01,2013-14,Hino,Prod,30
2013-12-01,2013-14,Hino,Sale,139
2013-12-01,2013-14,Hino,Sale,44
2014-01-01,2013-14,Hino,Prod,76
2014-01-01,2013-14,Hino,Prod,48
2014-01-01,2013-14,Hino,Sale,77
2014-01-01,2013-14,Hino,Sale,49
2014-02-01,2013-14,Hino,Prod,74
2014-02-01,2013-14,Hino,Prod,60
2014-02-01,2013-14,Hino,Sale,93
2014-02-01,2013-14,Hino,Sale,50
2014-03-01,2013-14,Hino,Prod,148
2014-03-01,2013-14,Hino,Prod,35
2014-03-01,2013-14,Hino,Sale,114
2014-03-01,2013-14,Hino,Sale,44
2014-04-01,2013-14,Hino,Prod,114
2014-04-01,2013-14,Hino,Prod,26
2014-04-01,2013-14,Hino,Sale,101
2014-04-01,2013-14,Hino,Sale,43
2014-05-01,2013-14,Hino,Prod,86
2014-05-01,2013-14,Hino,Prod,30
2014-05-01,2013-14,Hino,Sale,83
2014-05-01,2013-14,Hino,Sale,47
2014-06-01,2013-14,Hino,Prod,100
2014-06-01,2013-14,Hino,Prod,38
2014-06-01,2013-14,Hino,Sale,113
2014-06-01,2013-14,Hino,Sale,27
2014-07-01,2014-15,Hino,Prod,76
2014-07-01,2014-15,Hino,Prod,38
2014-07-01,2014-15,Hino,Sale,74
2014-07-01,2014-15,Hino,Sale,36
2014-08-01,2014-15,Hino,Prod,128
2014-08-01,2014-15,Hino,Prod,38
2014-08-01,2014-15,Hino,Sale,75
2014-08-01,2014-15,Hino,Sale,35
2014-09-01,2014-15,Hino,Prod,138
2014-09-01,2014-15,Hino,Prod,35
2014-09-01,2014-15,Hino,Sale,120
2014-09-01,2014-15,Hino,Sale,31
2014-10-01,2014-15,Hino,Prod,96
2014-10-01,2014-15,Hino,Prod,26
2014-10-01,2014-15,Hino,Sale,96
2014-10-01,2014-15,Hino,Sale,37
2014-11-01,2014-15,Hino,Prod,140
2014-11-01,2014-15,Hino,Prod,54
2014-11-01,2014-15,Hino,Sale,106
2014-11-01,2014-15,Hino,Sale,44
2014-12-01,2014-15,Hino,Prod,88
2014-12-01,2014-15,Hino,Prod,62
2014-12-01,2014-15,Hino,Sale,146
2014-12-01,2014-15,Hino,Sale,34
2015-01-01,2014-15,Hino,Prod,68
2015-01-01,2014-15,Hino,Prod,24
2015-01-01,2014-15,Hino,Sale,124
2015-01-01,2014-15,Hino,Sale,36
2015-02-01,2014-15,Hino,Prod,90
2015-02-01,2014-15,Hino,Prod,36
2015-02-01,2014-15,Hino,Sale,113
2015-02-01,2014-15,Hino,Sale,47
2015-03-01,2014-15,Hino,Prod,150
2015-03-01,2014-15,Hino,Prod,36
2015-03-01,2014-15,Hino,Sale,146
2015-03-01,2014-15,Hino,Sale,48
2015-04-01,2014-15,Hino,Prod,156
2015-04-01,2014-15,Hino,Prod,53
2015-04-01,2014-15,Hino,Sale,160
2015-04-01,2014-15,Hino,Sale,49
2015-05-01,2014-15,Hino,Prod,180
2015-05-01,2014-15,Hino,Prod,42
2015-05-01,2014-15,Hino,Sale,171
2015-05-01,2014-15,Hino,Sale,40
2015-06-01,2014-15,Hino,Prod,166
2015-06-01,2014-15,Hino,Prod,40
2015-06-01,2014-15,Hino,Sale,179
2015-06-01,2014-15,Hino,Sale,38
2015-07-01,2015-16,Hino,Prod,158
2015-07-01,2015-16,Hino,Prod,56
2015-07-01,2015-16,Hino,Sale,115
2015-07-01,2015-16,Hino,Sale,46
2015-08-01,2015-16,Hino,Prod,174
2015-08-01,2015-16,Hino,Prod,64
2015-08-01,2015-16,Hino,Sale,160
2015-08-01,2015-16,Hino,Sale,58
2015-09-01,2015-16,Hino,Prod,178
2015-09-01,2015-16,Hino,Prod,60
2015-09-01,2015-16,Hino,Sale,166
2015-09-01,2015-16,Hino,Sale,66
2015-10-01,2015-16,Hino,Prod,148
2015-10-01,2015-16,Hino,Prod,94
2015-10-01,2015-16,Hino,Sale,157
2015-10-01,2015-16,Hino,Sale,81
2015-11-01,2015-16,Hino,Prod,172
2015-11-01,2015-16,Hino,Prod,82
2015-11-01,2015-16,Hino,Sale,167
2015-11-01,2015-16,Hino,Sale,71
2015-12-01,2015-16,Hino,Prod,200
2015-12-01,2015-16,Hino,Prod,56
2015-12-01,2015-16,Hino,Sale,242
2015-12-01,2015-16,Hino,Sale,64
2016-01-01,2015-16,Hino,Prod,242
2016-01-01,2015-16,Hino,Prod,60
2016-01-01,2015-16,Hino,Sale,238
2016-01-01,2015-16,Hino,Sale,74
2016-02-01,2015-16,Hino,Prod,212
2016-02-01,2015-16,Hino,Prod,64
2016-02-01,2015-16,Hino,Sale,191
2016-02-01,2015-16,Hino,Sale,54
2016-03-01,2015-16,Hino,Prod,272
2016-03-01,2015-16,Hino,Prod,70
2016-03-01,2015-16,Hino,Sale,295
2016-03-01,2015-16,Hino,Sale,74
2016-04-01,2015-16,Hino,Prod,204
2016-04-01,2015-16,Hino,Prod,86
2016-04-01,2015-16,Hino,Sale,226
2016-04-01,2015-16,Hino,Sale,79
2016-05-01,2015-16,Hino,Prod,260
2016-05-01,2015-16,Hino,Prod,90
2016-05-01,2015-16,Hino,Sale,253
2016-05-01,2015-16,Hino,Sale,81
2016-06-01,2015-16,Hino,Prod,248
2016-06-01,2015-16,Hino,Prod,58
2016-06-01,2015-16,Hino,Sale,248
2016-06-01,2015-16,Hino,Sale,73
2016-07-01,2016-17,Hino,Prod,228
2016-07-01,2016-17,Hino,Prod,94
2016-07-01,2016-17,Hino,Sale,222
2016-07-01,2016-17,Hino,Sale,100
2016-08-01,2016-17,Hino,Prod,346
2016-08-01,2016-17,Hino,Prod,108
2016-08-01,2016-17,Hino,Sale,281
2016-08-01,2016-17,Hino,Sale,92
2016-09-01,2016-17,Hino,Prod,256
2016-09-01,2016-17,Hino,Prod,68
2016-09-01,2016-17,Hino,Sale,238
2016-09-01,2016-17,Hino,Sale,82
2016-10-01,2016-17,Hino,Prod,210
2016-10-01,2016-17,Hino,Prod,56
2016-10-01,2016-17,Hino,Sale,239
2016-10-01,2016-17,Hino,Sale,28
2016-11-01,2016-17,Hino,Prod,186
2016-11-01,2016-17,Hino,Prod,20
2016-11-01,2016-17,Hino,Sale,234
2016-11-01,2016-17,Hino,Sale,34
2016-12-01,2016-17,Hino,Prod,204
2016-12-01,2016-17,Hino,Prod,58
2016-12-01,2016-17,Hino,Sale,193
2016-12-01,2016-17,Hino,Sale,77
2017-01-01,2016-17,Hino,Prod,258
2017-01-01,2016-17,Hino,Prod,24
2017-01-01,2016-17,Hino,Sale,287
2017-01-01,2016-17,Hino,Sale,36
2017-02-01,2016-17,Hino,Prod,236
2017-02-01,2016-17,Hino,Prod,68
2017-02-01,2016-17,Hino,Sale,250
2017-02-01,2016-17,Hino,Sale,65
2017-03-01,2016-17,Hino,Prod,228
2017-03-01,2016-17,Hino,Prod,62
2017-03-01,2016-17,Hino,Sale,234
2017-03-01,2016-17,Hino,Sale,67
2017-04-01,2016-17,Hino,Prod,260
2017-04-01,2016-17,Hino,Prod,44
2017-04-01,2016-17,Hino,Sale,270
2017-04-01,2016-17,Hino,Sale,50
2017-05-01,2016-17,Hino,Prod,326
2017-05-01,2016-17,Hino,Prod,34
2017-05-01,2016-17,Hino,Sale,333
2017-05-01,2016-17,Hino,Sale,35
2017-06-01,2016-17,Hino,Prod,250
2017-06-01,2016-17,Hino,Prod,46
2017-06-01,2016-17,Hino,Sale,261
2017-06-01,2016-17,Hino,Sale,43
2017-07-01,2017-18,Hino,Prod,240
2017-07-01,2017-18,Hino,Prod,44
2017-07-01,2017-18,Hino,Sale,252
2017-07-01,2017-18,Hino,Sale,50
2017-08-01,2017-18,Hino,Prod,376
2017-08-01,2017-18,Hino,Prod,68
2017-08-01,2017-18,Hino,Sale,345
2017-08-01,2017-18,Hino,Sale,55
2017-09-01,2017-18,Hino,Prod,356
2017-09-01,2017-18,Hino,Prod,44
2017-09-01,2017-18,Hino,Sale,342
2017-09-01,2017-18,Hino,Sale,18
2017-10-01,2017-18,Hino,Prod,372
2017-10-01,2017-18,Hino,Prod,18
2017-10-01,2017-18,Hino,Sale,285
2017-10-01,2017-18,Hino,Sale,17
2017-11-01,2017-18,Hino,Prod,290
2017-11-01,2017-18,Hino,Prod,4
2017-11-01,2017-18,Hino,Sale,272
2017-11-01,2017-18,Hino,Sale,9
2017-12-01,2017-18,Hino,Prod,286
2017-12-01,2017-18,Hino,Prod,4
2017-12-01,2017-18,Hino,Sale,395
2017-12-01,2017-18,Hino,Sale,4
2018-01-01,2017-18,Hino,Prod,412
2018-01-01,2017-18,Hino,Prod,8
2018-01-01,2017-18,Hino,Sale,355
2018-01-01,2017-18,Hino,Sale,12
2018-02-01,2017-18,Hino,Prod,324
2018-02-01,2017-18,Hino,Prod,18
2018-02-01,2017-18,Hino,Sale,338
2018-02-01,2017-18,Hino,Sale,14
2018-03-01,2017-18,Hino,Prod,354
2018-03-01,2017-18,Hino,Prod,20
2018-03-01,2017-18,Hino,Sale,425
2018-03-01,2017-18,Hino,Sale,40
2018-04-01,2017-18,Hino,Prod,324
2018-04-01,2017-18,Hino,Prod,48
2018-04-01,2017-18,Hino,Sale,295
2018-04-01,2017-18,Hino,Sale,33
2018-05-01,2017-18,Hino,Prod,356
2018-05-01,2017-18,Hino,Prod,24
2018-05-01,2017-18,Hino,Sale,288
2018-05-01,2017-18,Hino,Sale,42
2018-06-01,2017-18,Hino,Prod,270
2018-06-01,2017-18,Hino,Prod,40
2018-06-01,2017-18,Hino,Sale,282
2018-06-01,2017-18,Hino,Sale,40
2018-07-01,2018-19,Hino,Prod,304
2018-07-01,2018-19,Hino,Prod,52
2018-07-01,2018-19,Hino,Sale,213
2018-07-01,2018-19,Hino,Sale,47
2018-08-01,2018-19,Hino,Prod,182
2018-08-01,2018-19,Hino,Prod,38
2018-08-01,2018-19,Hino,Sale,260
2018-08-01,2018-19,Hino,Sale,31
2018-09-01,2018-19,Hino,Prod,226
2018-09-01,2018-19,Hino,Prod,30
2018-09-01,2018-19,Hino,Sale,179
2018-09-01,2018-19,Hino,Sale,25
2018-10-01,2018-19,Hino,Prod,228
2018-10-01,2018-19,Hino,Prod,22
2018-10-01,2018-19,Hino,Sale,201
2018-10-01,2018-19,Hino,Sale,21
2018-11-01,2018-19,Hino,Prod,170
2018-11-01,2018-19,Hino,Prod,60
2018-11-01,2018-19,Hino,Sale,193
2018-11-01,2018-19,Hino,Sale,50
2018-12-01,2018-19,Hino,Prod,112
2018-12-01,2018-19,Hino,Prod,46
2018-12-01,2018-19,Hino,Sale,148
2018-12-01,2018-19,Hino,Sale,87
2019-01-01,2018-19,Hino,Prod,78
2019-01-01,2018-19,Hino,Prod,40
2019-01-01,2018-19,Hino,Sale,112
2019-01-01,2018-19,Hino,Sale,31
2019-02-01,2018-19,Hino,Prod,118
2019-02-01,2018-19,Hino,Prod,6
2019-02-01,2018-19,Hino,Sale,152
2019-02-01,2018-19,Hino,Sale,13
2019-03-01,2018-19,Hino,Prod,74
2019-03-01,2018-19,Hino,Prod,32
2019-03-01,2018-19,Hino,Sale,67
2019-03-01,2018-19,Hino,Sale,40
2019-04-01,2018-19,Hino,Prod,82
2019-04-01,2018-19,Hino,Prod,36
2019-04-01,2018-19,Hino,Sale,79
2019-04-01,2018-19,Hino,Sale,31
2019-05-01,2018-19,Hino,Prod,90
2019-05-01,2018-19,Hino,Prod,42
2019-05-01,2018-19,Hino,Sale,92
2019-05-01,2018-19,Hino,Sale,38
2019-06-01,2018-19,Hino,Prod,88
2019-06-01,2018-19,Hino,Prod,38
2019-06-01,2018-19,Hino,Sale,112
2019-06-01,2018-19,Hino,Sale,28
2019-07-01,2019-20,Hino,Prod,106
2019-07-01,2019-20,Hino,Prod,36
2019-07-01,2019-20,Hino,Sale,101
2019-07-01,2019-20,Hino,Sale,39
2019-08-01,2019-20,Hino,Prod,134
2019-08-01,2019-20,Hino,Prod,34
2019-08-01,2019-20,Hino,Sale,134
2019-08-01,2019-20,Hino,Sale,24
2019-09-01,2019-20,Hino,Prod,126
2019-09-01,2019-20,Hino,Prod,16
2019-09-01,2019-20,Hino,Sale,130
2019-09-01,2019-20,Hino,Sale,28
2019-10-01,2019-20,Hino,Prod,140
2019-10-01,2019-20,Hino,Prod,12
2019-10-01,2019-20,Hino,Sale,129
2019-10-01,2019-20,Hino,Sale,29
2019-11-01,2019-20,Hino,Prod,110
2019-11-01,2019-20,Hino,Prod,42
2019-11-01,2019-20,Hino,Sale,132
2019-11-01,2019-20,Hino,Sale,26
2019-12-01,2019-20,Hino,Prod,100
2019-12-01,2019-20,Hino,Prod,40
2019-12-01,2019-20,Hino,Sale,90
2019-12-01,2019-20,Hino,Sale,35
2020-01-01,2019-20,Hino,Prod,100
2020-01-01,2019-20,Hino,Prod,16
2020-01-01,2019-20,Hino,Sale,98
2020-01-01,2019-20,Hino,Sale,11
2020-02-01,2019-20,Hino,Prod,68
2020-02-01,2019-20,Hino,Prod,18
2020-02-01,2019-20,Hino,Sale,85
2020-02-01,2019-20,Hino,Sale,27
2020-03-01,2019-20,Hino,Prod,102
2020-03-01,2019-20,Hino,Prod,16
2020-03-01,2019-20,Hino,Sale,89
2020-03-01,2019-20,Hino,Sale,31
2020-04-01,2019-20,Hino,Prod,0
2020-04-01,2019-20,Hino,Prod,0
2020-04-01,2019-20,Hino,Sale,14
2020-04-01,2019-20,Hino,Sale,0
2020-05-01,2019-20,Hino,Prod,0
2020-05-01,2019-20,Hino,Prod,0
2020-05-01,2019-20,Hino,Sale,3
2020-05-01,2019-20,Hino,Sale,0
2020-06-01,2019-20,Hino,Prod,50
2020-06-01,2019-20,Hino,Prod,30
2020-06-01,2019-20,Hino,Sale,33
2020-06-01,2019-20,Hino,Sale,12
2007-07-01,2007-08,Honda,Prod,32200
2007-07-01,2007-08,Honda,Sale,32359
2007-08-01,2007-08,Honda,Prod,33801
2007-08-01,2007-08,Honda,Sale,33837
2007-09-01,2007-08,Honda,Prod,34000
2007-09-01,2007-08,Honda,Sale,34052
2007-10-01,2007-08,Honda,Prod,35000
2007-10-01,2007-08,Honda,Sale,35112
2007-11-01,2007-08,Honda,Prod,40000
2007-11-01,2007-08,Honda,Sale,40100
2007-12-01,2007-08,Honda,Prod,31915
2007-12-01,2007-08,Honda,Sale,32128
2008-01-01,2007-08,Honda,Prod,40600
2008-01-01,2007-08,Honda,Sale,40571
2008-02-01,2007-08,Honda,Prod,40800
2008-02-01,2007-08,Honda,Sale,40345
2008-03-01,2007-08,Honda,Prod,41500
2008-03-01,2007-08,Honda,Sale,41618
2008-04-01,2007-08,Honda,Prod,42400
2008-04-01,2007-08,Honda,Sale,42179
2008-05-01,2007-08,Honda,Prod,45055
2008-05-01,2007-08,Honda,Sale,44274
2008-06-01,2007-08,Honda,Prod,35520
2008-06-01,2007-08,Honda,Sale,36805
2008-07-01,2008-09,Honda,Prod,35200
2008-07-01,2008-09,Honda,Sale,35020
2008-08-01,2008-09,Honda,Prod,32850
2008-08-01,2008-09,Honda,Sale,33074
2008-09-01,2008-09,Honda,Prod,29962
2008-09-01,2008-09,Honda,Sale,30086
2008-10-01,2008-09,Honda,Prod,34000
2008-10-01,2008-09,Honda,Sale,33261
2008-11-01,2008-09,Honda,Prod,30255
2008-11-01,2008-09,Honda,Sale,30118
2008-12-01,2008-09,Honda,Prod,22260
2008-12-01,2008-09,Honda,Sale,23015
2009-01-01,2008-09,Honda,Prod,25010
2009-01-01,2008-09,Honda,Sale,25017
2009-02-01,2008-09,Honda,Prod,22896
2009-02-01,2008-09,Honda,Sale,23023
2009-03-01,2008-09,Honda,Prod,23000
2009-03-01,2008-09,Honda,Sale,23013
2009-04-01,2008-09,Honda,Prod,30000
2009-04-01,2008-09,Honda,Sale,30093
2009-05-01,2008-09,Honda,Prod,32000
2009-05-01,2008-09,Honda,Sale,32123
2009-06-01,2008-09,Honda,Prod,32092
2009-06-01,2008-09,Honda,Sale,32049
2009-07-01,2009-10,Honda,Prod,35493
2009-07-01,2009-10,Honda,Sale,35000
2009-08-01,2009-10,Honda,Prod,34946
2009-08-01,2009-10,Honda,Sale,35130
2009-09-01,2009-10,Honda,Prod,35689
2009-09-01,2009-10,Honda,Sale,35732
2009-10-01,2009-10,Honda,Prod,45700
2009-10-01,2009-10,Honda,Sale,45206
2009-11-01,2009-10,Honda,Prod,38000
2009-11-01,2009-10,Honda,Sale,38108
2009-12-01,2009-10,Honda,Prod,38100
2009-12-01,2009-10,Honda,Sale,38550
2010-01-01,2009-10,Honda,Prod,40800
2010-01-01,2009-10,Honda,Sale,40156
2010-02-01,2009-10,Honda,Prod,37500
2010-02-01,2009-10,Honda,Sale,38048
2010-03-01,2009-10,Honda,Prod,39800
2010-03-01,2009-10,Honda,Sale,40025
2010-04-01,2009-10,Honda,Prod,45000
2010-04-01,2009-10,Honda,Sale,45060
2010-05-01,2009-10,Honda,Prod,47000
2010-05-01,2009-10,Honda,Sale,47054
2010-06-01,2009-10,Honda,Prod,45000
2010-06-01,2009-10,Honda,Sale,45082
2010-07-01,2010-11,Honda,Prod,45400
2010-07-01,2010-11,Honda,Sale,45021
2010-08-01,2010-11,Honda,Prod,41025
2010-08-01,2010-11,Honda,Sale,40155
2010-09-01,2010-11,Honda,Prod,40650
2010-09-01,2010-11,Honda,Sale,41525
2010-10-01,2010-11,Honda,Prod,46100
2010-10-01,2010-11,Honda,Sale,46008
2010-11-01,2010-11,Honda,Prod,46000
2010-11-01,2010-11,Honda,Sale,46005
2010-12-01,2010-11,Honda,Prod,44202
2010-12-01,2010-11,Honda,Sale,44229
2011-01-01,2010-11,Honda,Prod,48000
2011-01-01,2010-11,Honda,Sale,48023
2011-02-01,2010-11,Honda,Prod,46150
2011-02-01,2010-11,Honda,Sale,46031
2011-03-01,2010-11,Honda,Prod,50050
2011-03-01,2010-11,Honda,Sale,50136
2011-04-01,2010-11,Honda,Prod,53000
2011-04-01,2010-11,Honda,Sale,53016
2011-05-01,2010-11,Honda,Prod,57000
2011-05-01,2010-11,Honda,Sale,57014
2011-06-01,2010-11,Honda,Prod,53200
2011-06-01,2010-11,Honda,Sale,53005
2011-07-01,2011-12,Honda,Prod,52628
2011-07-01,2011-12,Honda,Sale,52080
2011-08-01,2011-12,Honda,Prod,49373
2011-08-01,2011-12,Honda,Sale,50116
2011-09-01,2011-12,Honda,Prod,52000
2011-09-01,2011-12,Honda,Sale,50409
2011-10-01,2011-12,Honda,Prod,48500
2011-10-01,2011-12,Honda,Sale,50069
2011-11-01,2011-12,Honda,Prod,49400
2011-11-01,2011-12,Honda,Sale,48037
2011-12-01,2011-12,Honda,Prod,38939
2011-12-01,2011-12,Honda,Sale,40040
2012-01-01,2011-12,Honda,Prod,48440
2012-01-01,2011-12,Honda,Sale,48043
2012-02-01,2011-12,Honda,Prod,45805
2012-02-01,2011-12,Honda,Sale,46007
2012-03-01,2011-12,Honda,Prod,51930
2012-03-01,2011-12,Honda,Sale,52232
2012-04-01,2011-12,Honda,Prod,49525
2012-04-01,2011-12,Honda,Sale,48499
2012-05-01,2011-12,Honda,Prod,51529
2012-05-01,2011-12,Honda,Sale,52079
2012-06-01,2011-12,Honda,Prod,50037
2012-06-01,2011-12,Honda,Sale,50255
2012-07-01,2012-13,Honda,Prod,52193
2012-07-01,2012-13,Honda,Sale,52138
2012-08-01,2012-13,Honda,Prod,50107
2012-08-01,2012-13,Honda,Sale,51046
2012-09-01,2012-13,Honda,Prod,54043
2012-09-01,2012-13,Honda,Sale,54059
2012-10-01,2012-13,Honda,Prod,56400
2012-10-01,2012-13,Honda,Sale,56019
2012-11-01,2012-13,Honda,Prod,55200
2012-11-01,2012-13,Honda,Sale,54084
2012-12-01,2012-13,Honda,Prod,50055
2012-12-01,2012-13,Honda,Sale,50003
2013-01-01,2012-13,Honda,Prod,54700
2013-01-01,2012-13,Honda,Sale,54128
2013-02-01,2012-13,Honda,Prod,49800
2013-02-01,2012-13,Honda,Sale,50052
2013-03-01,2012-13,Honda,Prod,56200
2013-03-01,2012-13,Honda,Sale,57682
2013-04-01,2012-13,Honda,Prod,52900
2013-04-01,2012-13,Honda,Sale,51030
2013-05-01,2012-13,Honda,Prod,52400
2013-05-01,2012-13,Honda,Sale,53017
2013-06-01,2012-13,Honda,Prod,52422
2013-06-01,2012-13,Honda,Sale,52011
2013-07-01,2013-14,Honda,Prod,51745
2013-07-01,2013-14,Honda,Sale,53010
2013-08-01,2013-14,Honda,Prod,50695
2013-08-01,2013-14,Honda,Sale,51008
2013-09-01,2013-14,Honda,Prod,54579
2013-09-01,2013-14,Honda,Sale,53011
2013-10-01,2013-14,Honda,Prod,54011
2013-10-01,2013-14,Honda,Sale,55722
2013-11-01,2013-14,Honda,Prod,54430
2013-11-01,2013-14,Honda,Sale,53158
2013-12-01,2013-14,Honda,Prod,51071
2013-12-01,2013-14,Honda,Sale,51092
2014-01-01,2013-14,Honda,Prod,57872
2014-01-01,2013-14,Honda,Sale,59002
2014-02-01,2013-14,Honda,Prod,55160
2014-02-01,2013-14,Honda,Sale,52056
2014-03-01,2013-14,Honda,Prod,53193
2014-03-01,2013-14,Honda,Sale,55965
2014-04-01,2013-14,Honda,Prod,52110
2014-04-01,2013-14,Honda,Sale,51054
2014-05-01,2013-14,Honda,Prod,53200
2014-05-01,2013-14,Honda,Sale,53289
2014-06-01,2013-14,Honda,Prod,51000
2014-06-01,2013-14,Honda,Sale,51132
2014-07-01,2014-15,Honda,Prod,45555
2014-07-01,2014-15,Honda,Sale,46008
2014-08-01,2014-15,Honda,Prod,46500
2014-08-01,2014-15,Honda,Sale,47000
2014-09-01,2014-15,Honda,Prod,48600
2014-09-01,2014-15,Honda,Sale,48126
2014-10-01,2014-15,Honda,Prod,53300
2014-10-01,2014-15,Honda,Sale,54014
2014-11-01,2014-15,Honda,Prod,55000
2014-11-01,2014-15,Honda,Sale,52001
2014-12-01,2014-15,Honda,Prod,49530
2014-12-01,2014-15,Honda,Sale,52017
2015-01-01,2014-15,Honda,Prod,55800
2015-01-01,2014-15,Honda,Sale,56008
2015-02-01,2014-15,Honda,Prod,53000
2015-02-01,2014-15,Honda,Sale,53030
2015-03-01,2014-15,Honda,Prod,56450
2015-03-01,2014-15,Honda,Sale,56635
2015-04-01,2014-15,Honda,Prod,61200
2015-04-01,2014-15,Honda,Sale,61488
2015-05-01,2014-15,Honda,Prod,65000
2015-05-01,2014-15,Honda,Sale,65167
2015-06-01,2014-15,Honda,Prod,62658
2015-06-01,2014-15,Honda,Sale,61699
2015-07-01,2015-16,Honda,Prod,56723
2015-07-01,2015-16,Honda,Sale,57500
2015-08-01,2015-16,Honda,Prod,67000
2015-08-01,2015-16,Honda,Sale,66990
2015-09-01,2015-16,Honda,Prod,64100
2015-09-01,2015-16,Honda,Sale,64261
2015-10-01,2015-16,Honda,Prod,70075
2015-10-01,2015-16,Honda,Sale,70010
2015-11-01,2015-16,Honda,Prod,70002
2015-11-01,2015-16,Honda,Sale,70002
2015-12-01,2015-16,Honda,Prod,65251
2015-12-01,2015-16,Honda,Sale,64033
2016-01-01,2015-16,Honda,Prod,72600
2016-01-01,2015-16,Honda,Sale,73259
2016-02-01,2015-16,Honda,Prod,66000
2016-02-01,2015-16,Honda,Sale,66128
2016-03-01,2015-16,Honda,Prod,70188
2016-03-01,2015-16,Honda,Sale,69581
2016-04-01,2015-16,Honda,Prod,73400
2016-04-01,2015-16,Honda,Sale,73087
2016-05-01,2015-16,Honda,Prod,73000
2016-05-01,2015-16,Honda,Sale,74060
2016-06-01,2015-16,Honda,Prod,62200
2016-06-01,2015-16,Honda,Sale,62123
2016-07-01,2016-17,Honda,Prod,60290
2016-07-01,2016-17,Honda,Sale,60167
2016-08-01,2016-17,Honda,Prod,76600
2016-08-01,2016-17,Honda,Sale,76309
2016-09-01,2016-17,Honda,Prod,72700
2016-09-01,2016-17,Honda,Sale,73530
2016-10-01,2016-17,Honda,Prod,80600
2016-10-01,2016-17,Honda,Sale,80479
2016-11-01,2016-17,Honda,Prod,84000
2016-11-01,2016-17,Honda,Sale,84073
2016-12-01,2016-17,Honda,Prod,84400
2016-12-01,2016-17,Honda,Sale,84137
2017-01-01,2016-17,Honda,Prod,86100
2017-01-01,2016-17,Honda,Sale,86074
2017-02-01,2016-17,Honda,Prod,81350
2017-02-01,2016-17,Honda,Sale,81271
2017-03-01,2016-17,Honda,Prod,86000
2017-03-01,2016-17,Honda,Sale,85355
2017-04-01,2016-17,Honda,Prod,86600
2017-04-01,2016-17,Honda,Sale,84185
2017-05-01,2016-17,Honda,Prod,90800
2017-05-01,2016-17,Honda,Sale,93060
2017-06-01,2016-17,Honda,Prod,71200
2017-06-01,2016-17,Honda,Sale,71465
2017-07-01,2017-18,Honda,Prod,92210
2017-07-01,2017-18,Honda,Sale,91599
2017-08-01,2017-18,Honda,Prod,95200
2017-08-01,2017-18,Honda,Sale,95650
2017-09-01,2017-18,Honda,Prod,80500
2017-09-01,2017-18,Honda,Sale,81060
2017-10-01,2017-18,Honda,Prod,92422
2017-10-01,2017-18,Honda,Sale,92207
2017-11-01,2017-18,Honda,Prod,93672
2017-11-01,2017-18,Honda,Sale,93679
2017-12-01,2017-18,Honda,Prod,90822
2017-12-01,2017-18,Honda,Sale,90823
2018-01-01,2017-18,Honda,Prod,100000
2018-01-01,2017-18,Honda,Sale,100011
2018-02-01,2017-18,Honda,Prod,84556
2018-02-01,2017-18,Honda,Sale,84630
2018-03-01,2017-18,Honda,Prod,108718
2018-03-01,2017-18,Honda,Sale,108736
2018-04-01,2017-18,Honda,Prod,115972
2018-04-01,2017-18,Honda,Sale,115161
2018-05-01,2017-18,Honda,Prod,104886
2018-05-01,2017-18,Honda,Sale,105283
2018-06-01,2017-18,Honda,Prod,91470
2018-06-01,2017-18,Honda,Sale,91507
2018-07-01,2018-19,Honda,Prod,91063
2018-07-01,2018-19,Honda,Sale,90009
2018-08-01,2018-19,Honda,Prod,80007
2018-08-01,2018-19,Honda,Sale,80012
2018-09-01,2018-19,Honda,Prod,95224
2018-09-01,2018-19,Honda,Sale,96008
2018-10-01,2018-19,Honda,Prod,109503
2018-10-01,2018-19,Honda,Sale,107669
2018-11-01,2018-19,Honda,Prod,90350
2018-11-01,2018-19,Honda,Sale,90016
2018-12-01,2018-19,Honda,Prod,80553
2018-12-01,2018-19,Honda,Sale,80180
2019-01-01,2018-19,Honda,Prod,92812
2019-01-01,2018-19,Honda,Sale,95009
2019-02-01,2018-19,Honda,Prod,94320
2019-02-01,2018-19,Honda,Sale,95015
2019-03-01,2018-19,Honda,Prod,94670
2019-03-01,2018-19,Honda,Sale,90000
2019-04-01,2018-19,Honda,Prod,100652
2019-04-01,2018-19,Honda,Sale,105013
2019-05-01,2018-19,Honda,Prod,99877
2019-05-01,2018-19,Honda,Sale,100014
2019-06-01,2018-19,Honda,Prod,87007
2019-06-01,2018-19,Honda,Sale,86011
2019-07-01,2019-20,Honda,Prod,80561
2019-07-01,2019-20,Honda,Sale,80005
2019-08-01,2019-20,Honda,Prod,78333
2019-08-01,2019-20,Honda,Sale,80104
2019-09-01,2019-20,Honda,Prod,75598
2019-09-01,2019-20,Honda,Sale,75007
2019-10-01,2019-20,Honda,Prod,99646
2019-10-01,2019-20,Honda,Sale,100018
2019-11-01,2019-20,Honda,Prod,94580
2019-11-01,2019-20,Honda,Sale,95009
2019-12-01,2019-20,Honda,Prod,90312
2019-12-01,2019-20,Honda,Sale,85030
2020-01-01,2019-20,Honda,Prod,92440
2020-01-01,2019-20,Honda,Sale,95016
2020-02-01,2019-20,Honda,Prod,91888
2020-02-01,2019-20,Honda,Sale,90005
2020-03-01,2019-20,Honda,Prod,67136
2020-03-01,2019-20,Honda,Sale,68780
2020-04-01,2019-20,Honda,Prod,0
2020-04-01,2019-20,Honda,Sale,2783
2020-05-01,2019-20,Honda,Prod,12136
2020-05-01,2019-20,Honda,Sale,12106
2020-06-01,2019-20,Honda,Prod,90844
2020-06-01,2019-20,Honda,Sale,90039
2020-07-01,2020-21,Honda,Prod,92834
2020-07-01,2020-21,Honda,Sale,94003
2020-08-01,2020-21,Honda,Prod,84959
2020-08-01,2020-21,Honda,Sale,85000
2020-09-01,2020-21,Honda,Prod,109337
2020-09-01,2020-21,Honda,Sale,109002
2020-10-01,2020-21,Honda,Prod,116024
2020-10-01,2020-21,Honda,Sale,116000
2020-11-01,2020-21,Honda,Prod,108084
2020-11-01,2020-21,Honda,Sale,108005
2020-12-01,2020-21,Honda,Prod,106013
2020-12-01,2020-21,Honda,Sale,106030
2021-01-01,2020-21,Honda,Prod,113600
2021-01-01,2020-21,Honda,Sale,114001
2021-02-01,2020-21,Honda,Prod,104430
2021-02-01,2020-21,Honda,Sale,104005
2021-03-01,2020-21,Honda,Prod,125442
2021-03-01,2020-21,Honda,Sale,125030
2021-04-01,2020-21,Honda,Prod,115000
2021-04-01,2020-21,Honda,Sale,115001
2021-05-01,2020-21,Honda,Prod,105376
2021-05-01,2020-21,Honda,Sale,106018
2021-06-01,2020-21,Honda,Prod,110633
2021-06-01,2020-21,Honda,Sale,110001
2021-07-01,2021-22,Honda,Prod,99359
2021-07-01,2021-22,Honda,Sale,100002
2021-08-01,2021-22,Honda,Prod,100314
2021-08-01,2021-22,Honda,Sale,100037
2021-09-01,2021-22,Honda,Prod,110701
2021-09-01,2021-22,Honda,Sale,110002
2021-10-01,2021-22,Honda,Prod,124210
2021-10-01,2021-22,Honda,Sale,125031
2021-11-01,2021-22,Honda,Prod,128684
2021-11-01,2021-22,Honda,Sale,128503
2021-12-01,2021-22,Honda,Prod,115000
2021-12-01,2021-22,Honda,Sale,115080
2022-01-01,2021-22,Honda,Prod,120134
2022-01-01,2021-22,Honda,Sale,120002
2022-02-01,2021-22,Honda,Prod,105156
2022-02-01,2021-22,Honda,Sale,105002
2022-03-01,2021-22,Honda,Prod,123002
2022-03-01,2021-22,Honda,Sale,115325
2022-04-01,2021-22,Honda,Prod,109229
2022-04-01,2021-22,Honda,Sale,115302
2022-05-01,2021-22,Honda,Prod,114141
2022-05-01,2021-22,Honda,Sale,115328
2022-06-01,2021-22,Honda,Prod,112860
2022-06-01,2021-22,Honda,Sale,110789
2022-07-01,2022-23,Honda,Prod,77730
2022-07-01,2022-23,Honda,Sale,80067
2022-08-01,2022-23,Honda,Prod,85174
2022-08-01,2022-23,Honda,Sale,85023
2022-09-01,2022-23,Honda,Prod,85971
2022-09-01,2022-23,Honda,Sale,85042
2022-10-01,2022-23,Honda,Prod,96512
2022-10-01,2022-23,Honda,Sale,95249
2022-11-01,2022-23,Honda,Prod,90003
2022-11-01,2022-23,Honda,Sale,92327
2022-12-01,2022-23,Honda,Prod,86598
2022-12-01,2022-23,Honda,Sale,85062
2023-01-01,2022-23,Honda,Prod,90248
2023-01-01,2022-23,Honda,Sale,90047
2023-02-01,2022-23,Honda,Prod,84216
2023-02-01,2022-23,Honda,Sale,85047
2023-03-01,2022-23,Honda,Prod,73484
2023-03-01,2022-23,Honda,Sale,71827
2023-04-01,2022-23,Honda,Prod,70302
2023-04-01,2022-23,Honda,Sale,73528
2023-05-01,2022-23,Honda,Prod,90898
2023-05-01,2022-23,Honda,Sale,87133
2023-06-01,2022-23,Honda,Prod,71998
2023-06-01,2022-23,Honda,Sale,75056
2023-07-01,2023-24,Honda,Prod,65436
2023-07-01,2023-24,Honda,Sale,62012
2023-08-01,2023-24,Honda,Prod,71348
2023-08-01,2023-24,Honda,Sale,75071
2023-09-01,2023-24,Honda,Prod,94974
2023-09-01,2023-24,Honda,Sale,95056
2023-10-01,2023-24,Honda,Prod,94390
2023-10-01,2023-24,Honda,Sale,90121
2023-11-01,2023-24,Honda,Prod,71910
2023-11-01,2023-24,Honda,Sale,76043
2023-12-01,2023-24,Honda,Prod,72648
2023-12-01,2023-24,Honda,Sale,72096
2024-01-01,2023-24,Honda,Prod,90898
2024-01-01,2023-24,Honda,Sale,92041
2024-02-01,2023-24,Honda,Prod,83598
2024-02-01,2023-24,Honda,Sale,82104
2024-03-01,2023-24,Honda,Prod,88368
2024-03-01,2023-24,Honda,Sale,80139
2024-04-01,2023-24,Honda,Prod,85740
2024-04-01,2023-24,Honda,Sale,95069
2024-05-01,2023-24,Honda,Prod,105314
2024-05-01,2023-24,Honda,Sale,103297
2024-06-01,2023-24,Honda,Prod,78404
2024-06-01,2023-24,Honda,Sale,80204
2024-07-01,2024-25,Honda,Prod,70930
2024-07-01,2024-25,Honda,Sale,70255
2024-08-01,2024-25,Honda,Prod,92782
2024-08-01,2024-25,Honda,Sale,90483
2024-09-01,2024-25,Honda,Prod,106838
2024-09-01,2024-25,Honda,Sale,110139
2024-10-01,2024-25,Honda,Prod,115466
2024-10-01,2024-25,Honda,Sale,115293
2024-11-01,2024-25,Honda,Prod,100970
2024-11-01,2024-25,Honda,Sale,100588
2024-12-01,2024-25,Honda,Prod,103760
2024-12-01,2024-25,Honda,Sale,100911
2025-01-01,2024-25,Honda,Prod,112581
2025-01-01,2024-25,Honda,Sale,115557
2025-02-01,2024-25,Honda,Prod,108739
2025-02-01,2024-25,Honda,Sale,108169
2025-03-01,2024-25,Honda,Prod,105222
2025-03-01,2024-25,Honda,Sale,106203
2025-04-01,2024-25,Honda,Prod,115259
2025-04-01,2024-25,Honda,Sale,115300
2025-05-01,2024-25,Honda,Prod,130189
2025-05-01,2024-25,Honda,Sale,130240
2025-06-01,2024-25,Honda,Prod,115216
2025-06-01,2024-25,Honda,Sale,115286
2018-07-01,2018-19,Honda Cars                        (Civic & City),Prod,4664
2018-07-01,2018-19,Honda Cars                        (Civic & City),Sale,4609
2018-08-01,2018-19,Honda Cars                        (Civic & City),Prod,3497
2018-08-01,2018-19,Honda Cars                        (Civic & City),Sale,3469
2018-09-01,2018-19,Honda Cars                        (Civic & City),Prod,4086
2018-09-01,2018-19,Honda Cars                        (Civic & City),Sale,4083
2018-10-01,2018-19,Honda Cars                        (Civic & City),Prod,4494
2018-10-01,2018-19,Honda Cars                        (Civic & City),Sale,4482
2018-11-01,2018-19,Honda Cars                        (Civic & City),Prod,3353
2018-11-01,2018-19,Honda Cars                        (Civic & City),Sale,3152
2018-12-01,2018-19,Honda Cars                        (Civic & City),Prod,1979
2018-12-01,2018-19,Honda Cars                        (Civic & City),Sale,1989
2019-01-01,2018-19,Honda Cars                        (Civic & City),Prod,3866
2019-01-01,2018-19,Honda Cars                        (Civic & City),Sale,4026
2019-02-01,2018-19,Honda Cars                        (Civic & City),Prod,2908
2019-02-01,2018-19,Honda Cars                        (Civic & City),Sale,2950
2019-03-01,2018-19,Honda Cars                        (Civic & City),Prod,3484
2019-03-01,2018-19,Honda Cars                        (Civic & City),Sale,3449
2019-04-01,2018-19,Honda Cars                        (Civic & City),Prod,3065
2019-04-01,2018-19,Honda Cars                        (Civic & City),Sale,2310
2019-05-01,2018-19,Honda Cars                        (Civic & City),Prod,2885
2019-05-01,2018-19,Honda Cars                        (Civic & City),Sale,2564
2019-06-01,2018-19,Honda Cars                        (Civic & City),Prod,2171
2019-06-01,2018-19,Honda Cars                        (Civic & City),Sale,2106
2019-07-01,2019-20,Honda Cars                        (Civic & City),Prod,2371
2019-07-01,2019-20,Honda Cars                        (Civic & City),Sale,1452
2019-08-01,2019-20,Honda Cars                        (Civic & City),Prod,1149
2019-08-01,2019-20,Honda Cars                        (Civic & City),Sale,1106
2019-09-01,2019-20,Honda Cars                        (Civic & City),Prod,1031
2019-09-01,2019-20,Honda Cars                        (Civic & City),Sale,1368
2019-10-01,2019-20,Honda Cars                        (Civic & City),Prod,857
2019-10-01,2019-20,Honda Cars                        (Civic & City),Sale,1032
2019-11-01,2019-20,Honda Cars                        (Civic & City),Prod,477
2019-11-01,2019-20,Honda Cars                        (Civic & City),Sale,1074
2019-12-01,2019-20,Honda Cars                        (Civic & City),Prod,373
2019-12-01,2019-20,Honda Cars                        (Civic & City),Sale,884
2020-01-01,2019-20,Honda Cars                        (Civic & City),Prod,1974
2020-01-01,2019-20,Honda Cars                        (Civic & City),Sale,1878
2020-02-01,2019-20,Honda Cars                        (Civic & City),Prod,1678
2020-02-01,2019-20,Honda Cars                        (Civic & City),Sale,1868
2020-03-01,2019-20,Honda Cars                        (Civic & City),Prod,1278
2020-03-01,2019-20,Honda Cars                        (Civic & City),Sale,1327
2020-04-01,2019-20,Honda Cars                        (Civic & City),Prod,0
2020-04-01,2019-20,Honda Cars                        (Civic & City),Sale,0
2020-05-01,2019-20,Honda Cars                        (Civic & City),Prod,71
2020-05-01,2019-20,Honda Cars                        (Civic & City),Sale,263
2020-06-01,2019-20,Honda Cars                        (Civic & City),Prod,2012
2020-06-01,2019-20,Honda Cars                        (Civic & City),Sale,1839
2020-07-01,2020-21,Honda Cars                        (Civic & City),Prod,2193
2020-07-01,2020-21,Honda Cars                        (Civic & City),Sale,2210
2020-08-01,2020-21,Honda Cars                        (Civic & City),Prod,1865
2020-08-01,2020-21,Honda Cars                        (Civic & City),Sale,1980
2020-09-01,2020-21,Honda Cars                        (Civic & City),Prod,2261
2020-09-01,2020-21,Honda Cars                        (Civic & City),Sale,2293
2020-10-01,2020-21,Honda Cars                        (Civic & City),Prod,1719
2020-10-01,2020-21,Honda Cars                        (Civic & City),Sale,1858
2020-11-01,2020-21,Honda Cars                        (Civic & City),Prod,2189
2020-11-01,2020-21,Honda Cars                        (Civic & City),Sale,2088
2020-12-01,2020-21,Honda Cars                        (Civic & City),Prod,1470
2020-12-01,2020-21,Honda Cars                        (Civic & City),Sale,1529
2021-01-01,2020-21,Honda Cars                        (Civic & City),Prod,1977
2021-01-01,2020-21,Honda Cars                        (Civic & City),Sale,2063
2021-02-01,2020-21,Honda Cars                        (Civic & City),Prod,2208
2021-02-01,2020-21,Honda Cars                        (Civic & City),Sale,2192
2021-03-01,2020-21,Honda Cars                        (Civic & City),Prod,2573
2021-03-01,2020-21,Honda Cars                        (Civic & City),Sale,2603
2021-04-01,2020-21,Honda Cars                        (Civic & City),Prod,2091
2021-04-01,2020-21,Honda Cars                        (Civic & City),Sale,2053
2021-05-01,2020-21,Honda Cars                        (Civic & City),Prod,1555
2021-05-01,2020-21,Honda Cars                        (Civic & City),Sale,1581
2021-06-01,2020-21,Honda Cars                        (Civic & City),Prod,2980
2021-06-01,2020-21,Honda Cars                        (Civic & City),Sale,2826
2021-07-01,2021-22,Honda Cars                        (Civic & City),Prod,1856
2021-07-01,2021-22,Honda Cars                        (Civic & City),Sale,1700
2021-08-01,2021-22,Honda Cars                        (Civic & City),Prod,2593
2021-08-01,2021-22,Honda Cars                        (Civic & City),Sale,2726
2021-09-01,2021-22,Honda Cars                        (Civic & City),Prod,3263
2021-09-01,2021-22,Honda Cars                        (Civic & City),Sale,3367
2021-10-01,2021-22,Honda Cars                        (Civic & City),Prod,2599
2021-10-01,2021-22,Honda Cars                        (Civic & City),Sale,2651
2021-11-01,2021-22,Honda Cars                        (Civic & City),Prod,2777
2021-11-01,2021-22,Honda Cars                        (Civic & City),Sale,2771
2021-12-01,2021-22,Honda Cars                        (Civic & City),Prod,4399
2021-12-01,2021-22,Honda Cars                        (Civic & City),Sale,4405
2022-01-01,2021-22,Honda Cars                        (Civic & City),Prod,3830
2022-01-01,2021-22,Honda Cars                        (Civic & City),Sale,3646
2022-02-01,2021-22,Honda Cars                        (Civic & City),Prod,2264
2022-02-01,2021-22,Honda Cars                        (Civic & City),Sale,2286
2022-03-01,2021-22,Honda Cars                        (Civic & City),Prod,3253
2022-03-01,2021-22,Honda Cars                        (Civic & City),Sale,3278
2022-04-01,2021-22,Honda Cars                        (Civic & City),Prod,2131
2022-04-01,2021-22,Honda Cars                        (Civic & City),Sale,2265
2022-05-01,2021-22,Honda Cars                        (Civic & City),Prod,2679
2022-05-01,2021-22,Honda Cars                        (Civic & City),Sale,2681
2022-06-01,2021-22,Honda Cars                        (Civic & City),Prod,3435
2022-06-01,2021-22,Honda Cars                        (Civic & City),Sale,3421
2022-07-01,2022-23,Honda Cars                        (Civic & City),Prod,2387
2022-07-01,2022-23,Honda Cars                        (Civic & City),Sale,2408
2022-08-01,2022-23,Honda Cars                        (Civic & City),Prod,1482
2022-08-01,2022-23,Honda Cars                        (Civic & City),Sale,1436
2022-09-01,2022-23,Honda Cars                        (Civic & City),Prod,1191
2022-09-01,2022-23,Honda Cars                        (Civic & City),Sale,1201
2022-10-01,2022-23,Honda Cars                        (Civic & City),Prod,1380
2022-10-01,2022-23,Honda Cars                        (Civic & City),Sale,1371
2022-11-01,2022-23,Honda Cars                        (Civic & City),Prod,1796
2022-11-01,2022-23,Honda Cars                        (Civic & City),Sale,1509
2022-12-01,2022-23,Honda Cars                        (Civic & City),Prod,1194
2022-12-01,2022-23,Honda Cars                        (Civic & City),Sale,981
2023-01-01,2022-23,Honda Cars                        (Civic & City),Prod,1256
2023-01-01,2022-23,Honda Cars                        (Civic & City),Sale,1620
2023-02-01,2022-23,Honda Cars                        (Civic & City),Prod,1330
2023-02-01,2022-23,Honda Cars                        (Civic & City),Sale,1244
2023-03-01,2022-23,Honda Cars                        (Civic & City),Prod,545
2023-03-01,2022-23,Honda Cars                        (Civic & City),Sale,611
2023-04-01,2022-23,Honda Cars                        (Civic & City),Prod,0
2023-04-01,2022-23,Honda Cars                        (Civic & City),Sale,159
2023-05-01,2022-23,Honda Cars                        (Civic & City),Prod,25
2023-05-01,2022-23,Honda Cars                        (Civic & City),Sale,56
2023-06-01,2022-23,Honda Cars                        (Civic & City),Prod,215
2023-06-01,2022-23,Honda Cars                        (Civic & City),Sale,227
2023-07-01,2023-24,Honda Cars                        (Civic & City),Prod,179
2023-07-01,2023-24,Honda Cars                        (Civic & City),Sale,208
2023-08-01,2023-24,Honda Cars                        (Civic & City),Prod,540
2023-08-01,2023-24,Honda Cars                        (Civic & City),Sale,492
2023-09-01,2023-24,Honda Cars                        (Civic & City),Prod,1143
2023-09-01,2023-24,Honda Cars                        (Civic & City),Sale,1160
2023-10-01,2023-24,Honda Cars                        (Civic & City),Prod,897
2023-10-01,2023-24,Honda Cars                        (Civic & City),Sale,379
2023-11-01,2023-24,Honda Cars                        (Civic & City),Prod,821
2023-11-01,2023-24,Honda Cars                        (Civic & City),Sale,912
2023-12-01,2023-24,Honda Cars                        (Civic & City),Prod,1100
2023-12-01,2023-24,Honda Cars                        (Civic & City),Sale,787
2024-01-01,2023-24,Honda Cars                        (Civic & City),Prod,1437
2024-01-01,2023-24,Honda Cars                        (Civic & City),Sale,1207
2024-02-01,2023-24,Honda Cars                        (Civic & City),Prod,1498
2024-02-01,2023-24,Honda Cars                        (Civic & City),Sale,1375
2024-03-01,2023-24,Honda Cars                        (Civic & City),Prod,1444
2024-03-01,2023-24,Honda Cars                        (Civic & City),Sale,1994
2024-04-01,2023-24,Honda Cars                        (Civic & City),Prod,1165
2024-04-01,2023-24,Honda Cars                        (Civic & City),Sale,956
2024-05-01,2023-24,Honda Cars                        (Civic & City),Prod,1020
2024-05-01,2023-24,Honda Cars                        (Civic & City),Sale,1049
2024-06-01,2023-24,Honda Cars                        (Civic & City),Prod,915
2024-06-01,2023-24,Honda Cars                        (Civic & City),Sale,982
2024-07-01,2024-25,Honda Cars                        (Civic & City),Prod,802
2024-07-01,2024-25,Honda Cars                        (Civic & City),Sale,790
2024-08-01,2024-25,Honda Cars                        (Civic & City),Prod,1015
2024-08-01,2024-25,Honda Cars                        (Civic & City),Sale,1073
2024-09-01,2024-25,Honda Cars                        (Civic & City),Prod,1138
2024-09-01,2024-25,Honda Cars                        (Civic & City),Sale,1143
2024-10-01,2024-25,Honda Cars                        (Civic & City),Prod,1245
2024-10-01,2024-25,Honda Cars                        (Civic & City),Sale,1418
2024-11-01,2024-25,Honda Cars                        (Civic & City),Prod,1215
2024-11-01,2024-25,Honda Cars                        (Civic & City),Sale,1010
2024-12-01,2024-25,Honda Cars                        (Civic & City),Prod,1277
2024-12-01,2024-25,Honda Cars                        (Civic & City),Sale,970
2025-01-01,2024-25,Honda Cars                        (Civic & City),Prod,1535
2025-01-01,2024-25,Honda Cars                        (Civic & City),Sale,1985
2025-02-01,2024-25,Honda Cars                        (Civic & City),Prod,1838
2025-02-01,2024-25,Honda Cars                        (Civic & City),Sale,1876
2025-03-01,2024-25,Honda Cars                        (Civic & City),Prod,940
2025-03-01,2024-25,Honda Cars                        (Civic & City),Sale,1195
2025-04-01,2024-25,Honda Cars                        (Civic & City),Prod,1549
2025-04-01,2024-25,Honda Cars                        (Civic & City),Sale,1574
2025-05-01,2024-25,Honda Cars                        (Civic & City),Prod,2210
2025-05-01,2024-25,Honda Cars                        (Civic & City),Sale,1870
2025-06-01,2024-25,Honda Cars                        (Civic & City),Prod,1478
2025-06-01,2024-25,Honda Cars                        (Civic & City),Sale,1710
2015-07-01,2015-16,Honda Cars (Civic & City),Prod,1840
2015-07-01,2015-16,Honda Cars (Civic & City),Sale,2181
2015-08-01,2015-16,Honda Cars (Civic & City),Prod,2236
2015-08-01,2015-16,Honda Cars (Civic & City),Sale,2002
2015-09-01,2015-16,Honda Cars (Civic & City),Prod,1861
2015-09-01,2015-16,Honda Cars (Civic & City),Sale,2001
2015-10-01,2015-16,Honda Cars (Civic & City),Prod,1861
2015-10-01,2015-16,Honda Cars (Civic & City),Sale,1875
2015-11-01,2015-16,Honda Cars (Civic & City),Prod,1674
2015-11-01,2015-16,Honda Cars (Civic & City),Sale,1523
2015-12-01,2015-16,Honda Cars (Civic & City),Prod,1361
2015-12-01,2015-16,Honda Cars (Civic & City),Sale,1028
2016-01-01,2015-16,Honda Cars (Civic & City),Prod,2304
2016-01-01,2015-16,Honda Cars (Civic & City),Sale,3015
2016-02-01,2015-16,Honda Cars (Civic & City),Prod,2188
2016-02-01,2015-16,Honda Cars (Civic & City),Sale,2168
2016-03-01,2015-16,Honda Cars (Civic & City),Prod,2748
2016-03-01,2015-16,Honda Cars (Civic & City),Sale,2749
2016-04-01,2015-16,Honda Cars (Civic & City),Prod,2585
2016-04-01,2015-16,Honda Cars (Civic & City),Sale,2751
2016-05-01,2015-16,Honda Cars (Civic & City),Prod,2648
2016-05-01,2015-16,Honda Cars (Civic & City),Sale,2507
2016-06-01,2015-16,Honda Cars (Civic & City),Prod,1755
2016-06-01,2015-16,Honda Cars (Civic & City),Sale,1926
2016-07-01,2016-17,Honda Cars (Civic & City),Prod,1955
2016-07-01,2016-17,Honda Cars (Civic & City),Sale,2121
2016-08-01,2016-17,Honda Cars (Civic & City),Prod,3181
2016-08-01,2016-17,Honda Cars (Civic & City),Sale,3174
2016-09-01,2016-17,Honda Cars (Civic & City),Prod,2521
2016-09-01,2016-17,Honda Cars (Civic & City),Sale,2764
2016-10-01,2016-17,Honda Cars (Civic & City),Prod,2872
2016-10-01,2016-17,Honda Cars (Civic & City),Sale,3000
2016-11-01,2016-17,Honda Cars (Civic & City),Prod,3149
2016-11-01,2016-17,Honda Cars (Civic & City),Sale,3096
2016-12-01,2016-17,Honda Cars (Civic & City),Prod,2664
2016-12-01,2016-17,Honda Cars (Civic & City),Sale,2416
2017-01-01,2016-17,Honda Cars (Civic & City),Prod,3800
2017-01-01,2016-17,Honda Cars (Civic & City),Sale,4002
2017-02-01,2016-17,Honda Cars (Civic & City),Prod,3700
2017-02-01,2016-17,Honda Cars (Civic & City),Sale,3752
2017-03-01,2016-17,Honda Cars (Civic & City),Prod,3730
2017-03-01,2016-17,Honda Cars (Civic & City),Sale,3795
2017-04-01,2016-17,Honda Cars (Civic & City),Prod,3344
2017-04-01,2016-17,Honda Cars (Civic & City),Sale,2992
2017-05-01,2016-17,Honda Cars (Civic & City),Prod,3649
2017-05-01,2016-17,Honda Cars (Civic & City),Sale,3784
2017-06-01,2016-17,Honda Cars (Civic & City),Prod,1966
2017-06-01,2016-17,Honda Cars (Civic & City),Sale,2108
2017-07-01,2017-18,Honda Cars (Civic & City),Prod,3935
2017-07-01,2017-18,Honda Cars (Civic & City),Sale,3820
2017-08-01,2017-18,Honda Cars (Civic & City),Prod,3832
2017-08-01,2017-18,Honda Cars (Civic & City),Sale,3945
2017-09-01,2017-18,Honda Cars (Civic & City),Prod,2903
2017-09-01,2017-18,Honda Cars (Civic & City),Sale,2769
2017-10-01,2017-18,Honda Cars (Civic & City),Prod,3351
2017-10-01,2017-18,Honda Cars (Civic & City),Sale,3415
2017-11-01,2017-18,Honda Cars (Civic & City),Prod,3085
2017-11-01,2017-18,Honda Cars (Civic & City),Sale,3208
2017-12-01,2017-18,Honda Cars (Civic & City),Prod,2467
2017-12-01,2017-18,Honda Cars (Civic & City),Sale,2464
2018-01-01,2017-18,Honda Cars (Civic & City),Prod,4100
2018-01-01,2017-18,Honda Cars (Civic & City),Sale,3888
2018-02-01,2017-18,Honda Cars (Civic & City),Prod,3778
2018-02-01,2017-18,Honda Cars (Civic & City),Sale,3900
2018-03-01,2017-18,Honda Cars (Civic & City),Prod,4632
2018-03-01,2017-18,Honda Cars (Civic & City),Sale,4665
2018-04-01,2017-18,Honda Cars (Civic & City),Prod,3939
2018-04-01,2017-18,Honda Cars (Civic & City),Sale,4045
2018-05-01,2017-18,Honda Cars (Civic & City),Prod,3811
2018-05-01,2017-18,Honda Cars (Civic & City),Sale,3750
2018-06-01,2017-18,Honda Cars (Civic & City),Prod,2877
2018-06-01,2017-18,Honda Cars (Civic & City),Sale,2941
2007-07-01,2007-08,Honda City,Prod,1046
2007-07-01,2007-08,Honda City,Sale,611
2007-08-01,2007-08,Honda City,Prod,960
2007-08-01,2007-08,Honda City,Sale,1506
2007-09-01,2007-08,Honda City,Prod,1035
2007-09-01,2007-08,Honda City,Sale,497
2007-10-01,2007-08,Honda City,Prod,778
2007-10-01,2007-08,Honda City,Sale,621
2007-11-01,2007-08,Honda City,Prod,657
2007-11-01,2007-08,Honda City,Sale,605
2007-12-01,2007-08,Honda City,Prod,297
2007-12-01,2007-08,Honda City,Sale,328
2008-01-01,2007-08,Honda City,Prod,423
2008-01-01,2007-08,Honda City,Sale,852
2008-02-01,2007-08,Honda City,Prod,572
2008-02-01,2007-08,Honda City,Sale,641
2008-03-01,2007-08,Honda City,Prod,438
2008-03-01,2007-08,Honda City,Sale,694
2008-04-01,2007-08,Honda City,Prod,361
2008-04-01,2007-08,Honda City,Sale,484
2008-05-01,2007-08,Honda City,Prod,782
2008-05-01,2007-08,Honda City,Sale,658
2008-06-01,2007-08,Honda City,Prod,871
2008-06-01,2007-08,Honda City,Sale,942
2008-07-01,2008-09,Honda City,Prod,983
2008-07-01,2008-09,Honda City,Sale,625
2008-08-01,2008-09,Honda City,Prod,807
2008-08-01,2008-09,Honda City,Sale,670
2008-09-01,2008-09,Honda City,Prod,471
2008-09-01,2008-09,Honda City,Sale,790
2008-10-01,2008-09,Honda City,Prod,397
2008-10-01,2008-09,Honda City,Sale,584
2008-11-01,2008-09,Honda City,Prod,195
2008-11-01,2008-09,Honda City,Sale,272
2008-12-01,2008-09,Honda City,Prod,10
2008-12-01,2008-09,Honda City,Sale,45
2009-01-01,2008-09,Honda City,Prod,46
2009-01-01,2008-09,Honda City,Sale,3
2009-02-01,2008-09,Honda City,Prod,897
2009-02-01,2008-09,Honda City,Sale,795
2009-03-01,2008-09,Honda City,Prod,1287
2009-03-01,2008-09,Honda City,Sale,1202
2009-04-01,2008-09,Honda City,Prod,705
2009-04-01,2008-09,Honda City,Sale,675
2009-05-01,2008-09,Honda City,Prod,588
2009-05-01,2008-09,Honda City,Sale,363
2009-06-01,2008-09,Honda City,Prod,369
2009-06-01,2008-09,Honda City,Sale,458
2009-07-01,2009-10,Honda City,Prod,537
2009-07-01,2009-10,Honda City,Sale,686
2009-08-01,2009-10,Honda City,Prod,691
2009-08-01,2009-10,Honda City,Sale,630
2009-09-01,2009-10,Honda City,Prod,570
2009-09-01,2009-10,Honda City,Sale,639
2009-10-01,2009-10,Honda City,Prod,591
2009-10-01,2009-10,Honda City,Sale,670
2009-11-01,2009-10,Honda City,Prod,542
2009-11-01,2009-10,Honda City,Sale,391
2009-12-01,2009-10,Honda City,Prod,532
2009-12-01,2009-10,Honda City,Sale,343
2010-01-01,2009-10,Honda City,Prod,749
2010-01-01,2009-10,Honda City,Sale,952
2010-02-01,2009-10,Honda City,Prod,696
2010-02-01,2009-10,Honda City,Sale,803
2010-03-01,2009-10,Honda City,Prod,670
2010-03-01,2009-10,Honda City,Sale,631
2010-04-01,2009-10,Honda City,Prod,571
2010-04-01,2009-10,Honda City,Sale,631
2010-05-01,2009-10,Honda City,Prod,870
2010-05-01,2009-10,Honda City,Sale,810
2010-06-01,2009-10,Honda City,Prod,833
2010-06-01,2009-10,Honda City,Sale,1026
2010-07-01,2010-11,Honda City,Prod,850
2010-07-01,2010-11,Honda City,Sale,754
2010-08-01,2010-11,Honda City,Prod,604
2010-08-01,2010-11,Honda City,Sale,688
2010-09-01,2010-11,Honda City,Prod,839
2010-09-01,2010-11,Honda City,Sale,832
2010-10-01,2010-11,Honda City,Prod,855
2010-10-01,2010-11,Honda City,Sale,767
2010-11-01,2010-11,Honda City,Prod,696
2010-11-01,2010-11,Honda City,Sale,629
2010-12-01,2010-11,Honda City,Prod,574
2010-12-01,2010-11,Honda City,Sale,287
2011-01-01,2010-11,Honda City,Prod,969
2011-01-01,2010-11,Honda City,Sale,1090
2011-02-01,2010-11,Honda City,Prod,898
2011-02-01,2010-11,Honda City,Sale,951
2011-03-01,2010-11,Honda City,Prod,981
2011-03-01,2010-11,Honda City,Sale,965
2011-04-01,2010-11,Honda City,Prod,986
2011-04-01,2010-11,Honda City,Sale,1028
2011-05-01,2010-11,Honda City,Prod,637
2011-05-01,2010-11,Honda City,Sale,582
2011-06-01,2010-11,Honda City,Prod,405
2011-06-01,2010-11,Honda City,Sale,548
2011-07-01,2011-12,Honda City,Prod,605
2011-07-01,2011-12,Honda City,Sale,637
2011-08-01,2011-12,Honda City,Prod,843
2011-08-01,2011-12,Honda City,Sale,838
2011-09-01,2011-12,Honda City,Prod,1063
2011-09-01,2011-12,Honda City,Sale,1087
2011-10-01,2011-12,Honda City,Prod,1118
2011-10-01,2011-12,Honda City,Sale,1085
2011-11-01,2011-12,Honda City,Prod,403
2011-11-01,2011-12,Honda City,Sale,528
2011-12-01,2011-12,Honda City,Prod,0
2011-12-01,2011-12,Honda City,Sale,22
2012-01-01,2011-12,Honda City,Prod,0
2012-01-01,2011-12,Honda City,Sale,38
2012-02-01,2011-12,Honda City,Prod,0
2012-02-01,2011-12,Honda City,Sale,8
2012-03-01,2011-12,Honda City,Prod,0
2012-03-01,2011-12,Honda City,Sale,9
2012-04-01,2011-12,Honda City,Prod,180
2012-04-01,2011-12,Honda City,Sale,155
2012-05-01,2011-12,Honda City,Prod,1238
2012-05-01,2011-12,Honda City,Sale,1050
2012-06-01,2011-12,Honda City,Prod,1639
2012-06-01,2011-12,Honda City,Sale,1685
2012-07-01,2012-13,Honda City,Prod,1663
2012-07-01,2012-13,Honda City,Sale,1144
2012-08-01,2012-13,Honda City,Prod,1266
2012-08-01,2012-13,Honda City,Sale,1040
2012-09-01,2012-13,Honda City,Prod,937
2012-09-01,2012-13,Honda City,Sale,752
2012-10-01,2012-13,Honda City,Prod,833
2012-10-01,2012-13,Honda City,Sale,783
2012-11-01,2012-13,Honda City,Prod,562
2012-11-01,2012-13,Honda City,Sale,577
2012-12-01,2012-13,Honda City,Prod,343
2012-12-01,2012-13,Honda City,Sale,278
2013-01-01,2012-13,Honda City,Prod,1059
2013-01-01,2012-13,Honda City,Sale,1221
2013-02-01,2012-13,Honda City,Prod,883
2013-02-01,2012-13,Honda City,Sale,1097
2013-03-01,2012-13,Honda City,Prod,797
2013-03-01,2012-13,Honda City,Sale,1022
2013-04-01,2012-13,Honda City,Prod,1400
2013-04-01,2012-13,Honda City,Sale,1100
2013-05-01,2012-13,Honda City,Prod,754
2013-05-01,2012-13,Honda City,Sale,1156
2013-06-01,2012-13,Honda City,Prod,1141
2013-06-01,2012-13,Honda City,Sale,1115
2013-07-01,2013-14,Honda City,Prod,1179
2013-07-01,2013-14,Honda City,Sale,1162
2013-08-01,2013-14,Honda City,Prod,1145
2013-08-01,2013-14,Honda City,Sale,1172
2013-09-01,2013-14,Honda City,Prod,1341
2013-09-01,2013-14,Honda City,Sale,1194
2013-10-01,2013-14,Honda City,Prod,1079
2013-10-01,2013-14,Honda City,Sale,1004
2013-11-01,2013-14,Honda City,Prod,938
2013-11-01,2013-14,Honda City,Sale,820
2013-12-01,2013-14,Honda City,Prod,556
2013-12-01,2013-14,Honda City,Sale,390
2014-01-01,2013-14,Honda City,Prod,1178
2014-01-01,2013-14,Honda City,Sale,1322
2014-02-01,2013-14,Honda City,Prod,1029
2014-02-01,2013-14,Honda City,Sale,1291
2014-03-01,2013-14,Honda City,Prod,1223
2014-03-01,2013-14,Honda City,Sale,1231
2014-04-01,2013-14,Honda City,Prod,1229
2014-04-01,2013-14,Honda City,Sale,1200
2014-05-01,2013-14,Honda City,Prod,1287
2014-05-01,2013-14,Honda City,Sale,1389
2014-06-01,2013-14,Honda City,Prod,1401
2014-06-01,2013-14,Honda City,Sale,1566
2014-07-01,2014-15,Honda City,Prod,694
2014-07-01,2014-15,Honda City,Sale,874
2014-08-01,2014-15,Honda City,Prod,1210
2014-08-01,2014-15,Honda City,Sale,1047
2014-09-01,2014-15,Honda City,Prod,1311
2014-09-01,2014-15,Honda City,Sale,1077
2014-10-01,2014-15,Honda City,Prod,1285
2014-10-01,2014-15,Honda City,Sale,1113
2014-11-01,2014-15,Honda City,Prod,995
2014-11-01,2014-15,Honda City,Sale,924
2014-12-01,2014-15,Honda City,Prod,782
2014-12-01,2014-15,Honda City,Sale,517
2015-01-01,2014-15,Honda City,Prod,1257
2015-01-01,2014-15,Honda City,Sale,2103
2015-02-01,2014-15,Honda City,Prod,1564
2015-02-01,2014-15,Honda City,Sale,1527
2015-03-01,2014-15,Honda City,Prod,1545
2015-03-01,2014-15,Honda City,Sale,1567
2015-04-01,2014-15,Honda City,Prod,1815
2015-04-01,2014-15,Honda City,Sale,1633
2015-05-01,2014-15,Honda City,Prod,1800
2015-05-01,2014-15,Honda City,Sale,1633
2015-06-01,2014-15,Honda City,Prod,1672
2015-06-01,2014-15,Honda City,Sale,1802
2007-07-01,2007-08,Honda Civic,Prod,554
2007-07-01,2007-08,Honda Civic,Sale,418
2007-08-01,2007-08,Honda Civic,Prod,533
2007-08-01,2007-08,Honda Civic,Sale,630
2007-09-01,2007-08,Honda Civic,Prod,405
2007-09-01,2007-08,Honda Civic,Sale,305
2007-10-01,2007-08,Honda Civic,Prod,662
2007-10-01,2007-08,Honda Civic,Sale,581
2007-11-01,2007-08,Honda Civic,Prod,423
2007-11-01,2007-08,Honda Civic,Sale,348
2007-12-01,2007-08,Honda Civic,Prod,363
2007-12-01,2007-08,Honda Civic,Sale,315
2008-01-01,2007-08,Honda Civic,Prod,477
2008-01-01,2007-08,Honda Civic,Sale,521
2008-02-01,2007-08,Honda Civic,Prod,598
2008-02-01,2007-08,Honda Civic,Sale,579
2008-03-01,2007-08,Honda Civic,Prod,332
2008-03-01,2007-08,Honda Civic,Sale,449
2008-04-01,2007-08,Honda Civic,Prod,419
2008-04-01,2007-08,Honda Civic,Sale,527
2008-05-01,2007-08,Honda Civic,Prod,418
2008-05-01,2007-08,Honda Civic,Sale,417
2008-06-01,2007-08,Honda Civic,Prod,629
2008-06-01,2007-08,Honda Civic,Sale,672
2008-07-01,2008-09,Honda Civic,Prod,569
2008-07-01,2008-09,Honda Civic,Sale,400
2008-08-01,2008-09,Honda Civic,Prod,453
2008-08-01,2008-09,Honda Civic,Sale,405
2008-09-01,2008-09,Honda Civic,Prod,598
2008-09-01,2008-09,Honda Civic,Sale,342
2008-10-01,2008-09,Honda Civic,Prod,742
2008-10-01,2008-09,Honda Civic,Sale,754
2008-11-01,2008-09,Honda Civic,Prod,525
2008-11-01,2008-09,Honda Civic,Sale,293
2008-12-01,2008-09,Honda Civic,Prod,414
2008-12-01,2008-09,Honda Civic,Sale,105
2009-01-01,2008-09,Honda Civic,Prod,683
2009-01-01,2008-09,Honda Civic,Sale,475
2009-02-01,2008-09,Honda Civic,Prod,145
2009-02-01,2008-09,Honda Civic,Sale,428
2009-03-01,2008-09,Honda Civic,Prod,78
2009-03-01,2008-09,Honda Civic,Sale,457
2009-04-01,2008-09,Honda Civic,Prod,235
2009-04-01,2008-09,Honda Civic,Sale,261
2009-05-01,2008-09,Honda Civic,Prod,245
2009-05-01,2008-09,Honda Civic,Sale,338
2009-06-01,2008-09,Honda Civic,Prod,298
2009-06-01,2008-09,Honda Civic,Sale,404
2009-07-01,2009-10,Honda Civic,Prod,243
2009-07-01,2009-10,Honda Civic,Sale,454
2009-08-01,2009-10,Honda Civic,Prod,419
2009-08-01,2009-10,Honda Civic,Sale,423
2009-09-01,2009-10,Honda Civic,Prod,420
2009-09-01,2009-10,Honda Civic,Sale,431
2009-10-01,2009-10,Honda Civic,Prod,429
2009-10-01,2009-10,Honda Civic,Sale,417
2009-11-01,2009-10,Honda Civic,Prod,435
2009-11-01,2009-10,Honda Civic,Sale,363
2009-12-01,2009-10,Honda Civic,Prod,456
2009-12-01,2009-10,Honda Civic,Sale,224
2010-01-01,2009-10,Honda Civic,Prod,419
2010-01-01,2009-10,Honda Civic,Sale,627
2010-02-01,2009-10,Honda Civic,Prod,480
2010-02-01,2009-10,Honda Civic,Sale,606
2010-03-01,2009-10,Honda Civic,Prod,661
2010-03-01,2009-10,Honda Civic,Sale,520
2010-04-01,2009-10,Honda Civic,Prod,299
2010-04-01,2009-10,Honda Civic,Sale,441
2010-05-01,2009-10,Honda Civic,Prod,780
2010-05-01,2009-10,Honda Civic,Sale,700
2010-06-01,2009-10,Honda Civic,Prod,607
2010-06-01,2009-10,Honda Civic,Sale,702
2010-07-01,2010-11,Honda Civic,Prod,710
2010-07-01,2010-11,Honda Civic,Sale,518
2010-08-01,2010-11,Honda Civic,Prod,418
2010-08-01,2010-11,Honda Civic,Sale,492
2010-09-01,2010-11,Honda Civic,Prod,546
2010-09-01,2010-11,Honda Civic,Sale,548
2010-10-01,2010-11,Honda Civic,Prod,659
2010-10-01,2010-11,Honda Civic,Sale,573
2010-11-01,2010-11,Honda Civic,Prod,449
2010-11-01,2010-11,Honda Civic,Sale,446
2010-12-01,2010-11,Honda Civic,Prod,568
2010-12-01,2010-11,Honda Civic,Sale,341
2011-01-01,2010-11,Honda Civic,Prod,542
2011-01-01,2010-11,Honda Civic,Sale,814
2011-02-01,2010-11,Honda Civic,Prod,657
2011-02-01,2010-11,Honda Civic,Sale,714
2011-03-01,2010-11,Honda Civic,Prod,665
2011-03-01,2010-11,Honda Civic,Sale,705
2011-04-01,2010-11,Honda Civic,Prod,596
2011-04-01,2010-11,Honda Civic,Sale,612
2011-05-01,2010-11,Honda Civic,Prod,303
2011-05-01,2010-11,Honda Civic,Sale,362
2011-06-01,2010-11,Honda Civic,Prod,295
2011-06-01,2010-11,Honda Civic,Sale,240
2011-07-01,2011-12,Honda Civic,Prod,333
2011-07-01,2011-12,Honda Civic,Sale,333
2011-08-01,2011-12,Honda Civic,Prod,572
2011-08-01,2011-12,Honda Civic,Sale,599
2011-09-01,2011-12,Honda Civic,Prod,837
2011-09-01,2011-12,Honda Civic,Sale,778
2011-10-01,2011-12,Honda Civic,Prod,602
2011-10-01,2011-12,Honda Civic,Sale,536
2011-11-01,2011-12,Honda Civic,Prod,302
2011-11-01,2011-12,Honda Civic,Sale,369
2011-12-01,2011-12,Honda Civic,Prod,0
2011-12-01,2011-12,Honda Civic,Sale,49
2012-01-01,2011-12,Honda Civic,Prod,0
2012-01-01,2011-12,Honda Civic,Sale,92
2012-02-01,2011-12,Honda Civic,Prod,0
2012-02-01,2011-12,Honda Civic,Sale,25
2012-03-01,2011-12,Honda Civic,Prod,1140
2012-03-01,2011-12,Honda Civic,Sale,966
2012-04-01,2011-12,Honda Civic,Prod,600
2012-04-01,2011-12,Honda Civic,Sale,597
2012-05-01,2011-12,Honda Civic,Prod,59
2012-05-01,2011-12,Honda Civic,Sale,100
2012-06-01,2011-12,Honda Civic,Prod,951
2012-06-01,2011-12,Honda Civic,Sale,533
2012-07-01,2012-13,Honda Civic,Prod,490
2012-07-01,2012-13,Honda Civic,Sale,506
2012-08-01,2012-13,Honda Civic,Prod,0
2012-08-01,2012-13,Honda Civic,Sale,201
2012-09-01,2012-13,Honda Civic,Prod,833
2012-09-01,2012-13,Honda Civic,Sale,778
2012-10-01,2012-13,Honda Civic,Prod,717
2012-10-01,2012-13,Honda Civic,Sale,805
2012-11-01,2012-13,Honda Civic,Prod,788
2012-11-01,2012-13,Honda Civic,Sale,843
2012-12-01,2012-13,Honda Civic,Prod,596
2012-12-01,2012-13,Honda Civic,Sale,586
2013-01-01,2012-13,Honda Civic,Prod,841
2013-01-01,2012-13,Honda Civic,Sale,999
2013-02-01,2012-13,Honda Civic,Prod,872
2013-02-01,2012-13,Honda Civic,Sale,918
2013-03-01,2012-13,Honda Civic,Prod,1233
2013-03-01,2012-13,Honda Civic,Sale,1206
2013-04-01,2012-13,Honda Civic,Prod,717
2013-04-01,2012-13,Honda Civic,Sale,680
2013-05-01,2012-13,Honda Civic,Prod,1382
2013-05-01,2012-13,Honda Civic,Sale,1236
2013-06-01,2012-13,Honda Civic,Prod,1139
2013-06-01,2012-13,Honda Civic,Sale,1192
2013-07-01,2013-14,Honda Civic,Prod,777
2013-07-01,2013-14,Honda Civic,Sale,800
2013-08-01,2013-14,Honda Civic,Prod,961
2013-08-01,2013-14,Honda Civic,Sale,955
2013-09-01,2013-14,Honda Civic,Prod,1059
2013-09-01,2013-14,Honda Civic,Sale,1021
2013-10-01,2013-14,Honda Civic,Prod,781
2013-10-01,2013-14,Honda Civic,Sale,716
2013-11-01,2013-14,Honda Civic,Prod,562
2013-11-01,2013-14,Honda Civic,Sale,490
2013-12-01,2013-14,Honda Civic,Prod,528
2013-12-01,2013-14,Honda Civic,Sale,265
2014-01-01,2013-14,Honda Civic,Prod,850
2014-01-01,2013-14,Honda Civic,Sale,1278
2014-02-01,2013-14,Honda Civic,Prod,843
2014-02-01,2013-14,Honda Civic,Sale,941
2014-03-01,2013-14,Honda Civic,Prod,661
2014-03-01,2013-14,Honda Civic,Sale,740
2014-04-01,2013-14,Honda Civic,Prod,778
2014-04-01,2013-14,Honda Civic,Sale,750
2014-05-01,2013-14,Honda Civic,Prod,999
2014-05-01,2013-14,Honda Civic,Sale,871
2014-06-01,2013-14,Honda Civic,Prod,1221
2014-06-01,2013-14,Honda Civic,Sale,1106
2014-07-01,2014-15,Honda Civic,Prod,755
2014-07-01,2014-15,Honda Civic,Sale,631
2014-08-01,2014-15,Honda Civic,Prod,805
2014-08-01,2014-15,Honda Civic,Sale,587
2014-09-01,2014-15,Honda Civic,Prod,661
2014-09-01,2014-15,Honda Civic,Sale,671
2014-10-01,2014-15,Honda Civic,Prod,476
2014-10-01,2014-15,Honda Civic,Sale,622
2014-11-01,2014-15,Honda Civic,Prod,379
2014-11-01,2014-15,Honda Civic,Sale,342
2014-12-01,2014-15,Honda Civic,Prod,292
2014-12-01,2014-15,Honda Civic,Sale,173
2015-01-01,2014-15,Honda Civic,Prod,996
2015-01-01,2014-15,Honda Civic,Sale,1118
2015-02-01,2014-15,Honda Civic,Prod,492
2015-02-01,2014-15,Honda Civic,Sale,715
2015-03-01,2014-15,Honda Civic,Prod,906
2015-03-01,2014-15,Honda Civic,Sale,797
2015-04-01,2014-15,Honda Civic,Prod,908
2015-04-01,2014-15,Honda Civic,Sale,743
2015-05-01,2014-15,Honda Civic,Prod,898
2015-05-01,2014-15,Honda Civic,Sale,720
2015-06-01,2014-15,Honda Civic,Prod,773
2015-06-01,2014-15,Honda Civic,Sale,686
2020-07-01,2020-21,Hyundai Elantra,Prod,0
2020-07-01,2020-21,Hyundai Elantra,Sale,0
2020-08-01,2020-21,Hyundai Elantra,Prod,0
2020-08-01,2020-21,Hyundai Elantra,Sale,0
2020-09-01,2020-21,Hyundai Elantra,Prod,0
2020-09-01,2020-21,Hyundai Elantra,Sale,0
2020-10-01,2020-21,Hyundai Elantra,Prod,0
2020-10-01,2020-21,Hyundai Elantra,Sale,0
2020-11-01,2020-21,Hyundai Elantra,Prod,0
2020-11-01,2020-21,Hyundai Elantra,Sale,0
2020-12-01,2020-21,Hyundai Elantra,Prod,0
2020-12-01,2020-21,Hyundai Elantra,Sale,0
2021-01-01,2020-21,Hyundai Elantra,Prod,0
2021-01-01,2020-21,Hyundai Elantra,Sale,0
2021-02-01,2020-21,Hyundai Elantra,Prod,0
2021-02-01,2020-21,Hyundai Elantra,Sale,0
2021-03-01,2020-21,Hyundai Elantra,Prod,248
2021-03-01,2020-21,Hyundai Elantra,Sale,46
2021-04-01,2020-21,Hyundai Elantra,Prod,203
2021-04-01,2020-21,Hyundai Elantra,Sale,280
2021-05-01,2020-21,Hyundai Elantra,Prod,279
2021-05-01,2020-21,Hyundai Elantra,Sale,259
2021-06-01,2020-21,Hyundai Elantra,Prod,341
2021-06-01,2020-21,Hyundai Elantra,Sale,270
2021-07-01,2021-22,Hyundai Elantra,Prod,91
2021-07-01,2021-22,Hyundai Elantra,Sale,157
2021-08-01,2021-22,Hyundai Elantra,Prod,295
2021-08-01,2021-22,Hyundai Elantra,Sale,258
2021-09-01,2021-22,Hyundai Elantra,Prod,225
2021-09-01,2021-22,Hyundai Elantra,Sale,309
2021-10-01,2021-22,Hyundai Elantra,Prod,307
2021-10-01,2021-22,Hyundai Elantra,Sale,312
2021-11-01,2021-22,Hyundai Elantra,Prod,224
2021-11-01,2021-22,Hyundai Elantra,Sale,244
2021-12-01,2021-22,Hyundai Elantra,Prod,180
2021-12-01,2021-22,Hyundai Elantra,Sale,228
2022-01-01,2021-22,Hyundai Elantra,Prod,237
2022-01-01,2021-22,Hyundai Elantra,Sale,109
2022-02-01,2021-22,Hyundai Elantra,Prod,254
2022-02-01,2021-22,Hyundai Elantra,Sale,312
2022-03-01,2021-22,Hyundai Elantra,Prod,469
2022-03-01,2021-22,Hyundai Elantra,Sale,357
2022-04-01,2021-22,Hyundai Elantra,Prod,322
2022-04-01,2021-22,Hyundai Elantra,Sale,240
2022-05-01,2021-22,Hyundai Elantra,Prod,444
2022-05-01,2021-22,Hyundai Elantra,Sale,594
2022-06-01,2021-22,Hyundai Elantra,Prod,700
2022-06-01,2021-22,Hyundai Elantra,Sale,490
2022-07-01,2022-23,Hyundai Elantra,Prod,10
2022-07-01,2022-23,Hyundai Elantra,Sale,0
2022-08-01,2022-23,Hyundai Elantra,Prod,731
2022-08-01,2022-23,Hyundai Elantra,Sale,581
2022-09-01,2022-23,Hyundai Elantra,Prod,149
2022-09-01,2022-23,Hyundai Elantra,Sale,320
2022-10-01,2022-23,Hyundai Elantra,Prod,125
2022-10-01,2022-23,Hyundai Elantra,Sale,135
2022-11-01,2022-23,Hyundai Elantra,Prod,8
2022-11-01,2022-23,Hyundai Elantra,Sale,101
2022-12-01,2022-23,Hyundai Elantra,Prod,65
2022-12-01,2022-23,Hyundai Elantra,Sale,145
2023-01-01,2022-23,Hyundai Elantra,Prod,343
2023-01-01,2022-23,Hyundai Elantra,Sale,173
2023-02-01,2022-23,Hyundai Elantra,Prod,234
2023-02-01,2022-23,Hyundai Elantra,Sale,243
2023-03-01,2022-23,Hyundai Elantra,Prod,208
2023-03-01,2022-23,Hyundai Elantra,Sale,188
2023-04-01,2022-23,Hyundai Elantra,Prod,243
2023-04-01,2022-23,Hyundai Elantra,Sale,119
2023-05-01,2022-23,Hyundai Elantra,Prod,320
2023-05-01,2022-23,Hyundai Elantra,Sale,69
2023-06-01,2022-23,Hyundai Elantra,Prod,51
2023-06-01,2022-23,Hyundai Elantra,Sale,88
2023-07-01,2023-24,Hyundai Elantra,Prod,48
2023-07-01,2023-24,Hyundai Elantra,Sale,80
2023-08-01,2023-24,Hyundai Elantra,Prod,15
2023-08-01,2023-24,Hyundai Elantra,Sale,92
2023-09-01,2023-24,Hyundai Elantra,Prod,2
2023-09-01,2023-24,Hyundai Elantra,Sale,97
2023-10-01,2023-24,Hyundai Elantra,Prod,8
2023-10-01,2023-24,Hyundai Elantra,Sale,52
2023-11-01,2023-24,Hyundai Elantra,Prod,1
2023-11-01,2023-24,Hyundai Elantra,Sale,105
2023-12-01,2023-24,Hyundai Elantra,Prod,59
2023-12-01,2023-24,Hyundai Elantra,Sale,39
2024-01-01,2023-24,Hyundai Elantra,Prod,60
2024-01-01,2023-24,Hyundai Elantra,Sale,132
2024-02-01,2023-24,Hyundai Elantra,Prod,60
2024-02-01,2023-24,Hyundai Elantra,Sale,89
2024-03-01,2023-24,Hyundai Elantra,Prod,152
2024-03-01,2023-24,Hyundai Elantra,Sale,92
2024-04-01,2023-24,Hyundai Elantra,Prod,21
2024-04-01,2023-24,Hyundai Elantra,Sale,111
2024-05-01,2023-24,Hyundai Elantra,Prod,43
2024-05-01,2023-24,Hyundai Elantra,Sale,108
2024-06-01,2023-24,Hyundai Elantra,Prod,243
2024-06-01,2023-24,Hyundai Elantra,Sale,196
2024-07-01,2024-25,Hyundai Elantra,Prod,64
2024-07-01,2024-25,Hyundai Elantra,Sale,33
2024-08-01,2024-25,Hyundai Elantra,Prod,74
2024-08-01,2024-25,Hyundai Elantra,Sale,70
2024-09-01,2024-25,Hyundai Elantra,Prod,2
2024-09-01,2024-25,Hyundai Elantra,Sale,100
2024-10-01,2024-25,Hyundai Elantra,Prod,190
2024-10-01,2024-25,Hyundai Elantra,Sale,105
2024-11-01,2024-25,Hyundai Elantra,Prod,187
2024-11-01,2024-25,Hyundai Elantra,Sale,150
2024-12-01,2024-25,Hyundai Elantra,Prod,179
2024-12-01,2024-25,Hyundai Elantra,Sale,145
2025-01-01,2024-25,Hyundai Elantra,Prod,187
2025-01-01,2024-25,Hyundai Elantra,Sale,157
2025-02-01,2024-25,Hyundai Elantra,Prod,252
2025-02-01,2024-25,Hyundai Elantra,Sale,205
2025-03-01,2024-25,Hyundai Elantra,Prod,375
2025-03-01,2024-25,Hyundai Elantra,Sale,212
2025-04-01,2024-25,Hyundai Elantra,Prod,143
2025-04-01,2024-25,Hyundai Elantra,Sale,218
2025-05-01,2024-25,Hyundai Elantra,Prod,33
2025-05-01,2024-25,Hyundai Elantra,Sale,180
2025-06-01,2024-25,Hyundai Elantra,Prod,72
2025-06-01,2024-25,Hyundai Elantra,Sale,275
2019-07-01,2019-20,Hyundai Porter,Prod,0
2019-07-01,2019-20,Hyundai Porter,Sale,0
2019-08-01,2019-20,Hyundai Porter,Prod,0
2019-08-01,2019-20,Hyundai Porter,Sale,0
2019-09-01,2019-20,Hyundai Porter,Prod,0
2019-09-01,2019-20,Hyundai Porter,Sale,0
2019-10-01,2019-20,Hyundai Porter,Prod,0
2019-10-01,2019-20,Hyundai Porter,Sale,0
2019-11-01,2019-20,Hyundai Porter,Prod,0
2019-11-01,2019-20,Hyundai Porter,Sale,0
2019-12-01,2019-20,Hyundai Porter,Prod,17
2019-12-01,2019-20,Hyundai Porter,Sale,0
2020-01-01,2019-20,Hyundai Porter,Prod,121
2020-01-01,2019-20,Hyundai Porter,Sale,70
2020-02-01,2019-20,Hyundai Porter,Prod,200
2020-02-01,2019-20,Hyundai Porter,Sale,64
2020-03-01,2019-20,Hyundai Porter,Prod,147
2020-03-01,2019-20,Hyundai Porter,Sale,80
2020-04-01,2019-20,Hyundai Porter,Prod,0
2020-04-01,2019-20,Hyundai Porter,Sale,22
2020-05-01,2019-20,Hyundai Porter,Prod,30
2020-05-01,2019-20,Hyundai Porter,Sale,41
2020-06-01,2019-20,Hyundai Porter,Prod,188
2020-06-01,2019-20,Hyundai Porter,Sale,57
2020-07-01,2020-21,Hyundai Porter,Prod,17
2020-07-01,2020-21,Hyundai Porter,Sale,66
2020-08-01,2020-21,Hyundai Porter,Prod,27
2020-08-01,2020-21,Hyundai Porter,Sale,88
2020-09-01,2020-21,Hyundai Porter,Prod,53
2020-09-01,2020-21,Hyundai Porter,Sale,101
2020-10-01,2020-21,Hyundai Porter,Prod,211
2020-10-01,2020-21,Hyundai Porter,Sale,78
2020-11-01,2020-21,Hyundai Porter,Prod,67
2020-11-01,2020-21,Hyundai Porter,Sale,101
2020-12-01,2020-21,Hyundai Porter,Prod,49
2020-12-01,2020-21,Hyundai Porter,Sale,123
2021-01-01,2020-21,Hyundai Porter,Prod,29
2021-01-01,2020-21,Hyundai Porter,Sale,122
2021-02-01,2020-21,Hyundai Porter,Prod,44
2021-02-01,2020-21,Hyundai Porter,Sale,105
2021-03-01,2020-21,Hyundai Porter,Prod,38
2021-03-01,2020-21,Hyundai Porter,Sale,64
2021-04-01,2020-21,Hyundai Porter,Prod,117
2021-04-01,2020-21,Hyundai Porter,Sale,113
2021-05-01,2020-21,Hyundai Porter,Prod,123
2021-05-01,2020-21,Hyundai Porter,Sale,123
2021-06-01,2020-21,Hyundai Porter,Prod,108
2021-06-01,2020-21,Hyundai Porter,Sale,103
2007-07-01,2007-08,Hyundai Santro,Prod,302
2007-07-01,2007-08,Hyundai Santro,Sale,302
2007-08-01,2007-08,Hyundai Santro,Prod,253
2007-08-01,2007-08,Hyundai Santro,Sale,391
2007-09-01,2007-08,Hyundai Santro,Prod,333
2007-09-01,2007-08,Hyundai Santro,Sale,301
2007-10-01,2007-08,Hyundai Santro,Prod,134
2007-10-01,2007-08,Hyundai Santro,Sale,158
2007-11-01,2007-08,Hyundai Santro,Prod,86
2007-11-01,2007-08,Hyundai Santro,Sale,152
2007-12-01,2007-08,Hyundai Santro,Prod,81
2007-12-01,2007-08,Hyundai Santro,Sale,76
2008-01-01,2007-08,Hyundai Santro,Prod,96
2008-01-01,2007-08,Hyundai Santro,Sale,101
2008-02-01,2007-08,Hyundai Santro,Prod,81
2008-02-01,2007-08,Hyundai Santro,Sale,102
2008-03-01,2007-08,Hyundai Santro,Prod,161
2008-03-01,2007-08,Hyundai Santro,Sale,162
2008-04-01,2007-08,Hyundai Santro,Prod,181
2008-04-01,2007-08,Hyundai Santro,Sale,179
2008-05-01,2007-08,Hyundai Santro,Prod,222
2008-05-01,2007-08,Hyundai Santro,Sale,101
2008-06-01,2007-08,Hyundai Santro,Prod,98
2008-06-01,2007-08,Hyundai Santro,Sale,202
2008-07-01,2008-09,Hyundai Santro,Prod,9
2008-07-01,2008-09,Hyundai Santro,Sale,27
2008-08-01,2008-09,Hyundai Santro,Prod,75
2008-08-01,2008-09,Hyundai Santro,Sale,15
2008-09-01,2008-09,Hyundai Santro,Prod,9
2008-09-01,2008-09,Hyundai Santro,Sale,44
2008-10-01,2008-09,Hyundai Santro,Prod,0
2008-10-01,2008-09,Hyundai Santro,Sale,11
2008-11-01,2008-09,Hyundai Santro,Prod,0
2008-11-01,2008-09,Hyundai Santro,Sale,19
2008-12-01,2008-09,Hyundai Santro,Prod,0
2008-12-01,2008-09,Hyundai Santro,Sale,11
2009-01-01,2008-09,Hyundai Santro,Prod,9
2009-01-01,2008-09,Hyundai Santro,Sale,2
2009-02-01,2008-09,Hyundai Santro,Prod,209
2009-02-01,2008-09,Hyundai Santro,Sale,58
2009-03-01,2008-09,Hyundai Santro,Prod,15
2009-03-01,2008-09,Hyundai Santro,Sale,79
2009-04-01,2008-09,Hyundai Santro,Prod,1
2009-04-01,2008-09,Hyundai Santro,Sale,61
2009-05-01,2008-09,Hyundai Santro,Prod,0
2009-05-01,2008-09,Hyundai Santro,Sale,53
2009-06-01,2008-09,Hyundai Santro,Prod,0
2009-06-01,2008-09,Hyundai Santro,Sale,24
2009-07-01,2009-10,Hyundai Santro,Prod,31
2009-07-01,2009-10,Hyundai Santro,Sale,17
2009-08-01,2009-10,Hyundai Santro,Prod,178
2009-08-01,2009-10,Hyundai Santro,Sale,52
2009-09-01,2009-10,Hyundai Santro,Prod,2
2009-09-01,2009-10,Hyundai Santro,Sale,46
2009-10-01,2009-10,Hyundai Santro,Prod,1
2009-10-01,2009-10,Hyundai Santro,Sale,60
2009-11-01,2009-10,Hyundai Santro,Prod,0
2009-11-01,2009-10,Hyundai Santro,Sale,22
2009-12-01,2009-10,Hyundai Santro,Prod,0
2009-12-01,2009-10,Hyundai Santro,Sale,18
2010-01-01,2009-10,Hyundai Santro,Prod,0
2010-01-01,2009-10,Hyundai Santro,Sale,19
2010-02-01,2009-10,Hyundai Santro,Prod,0
2010-02-01,2009-10,Hyundai Santro,Sale,7
2010-03-01,2009-10,Hyundai Santro,Prod,0
2010-03-01,2009-10,Hyundai Santro,Sale,2
2010-04-01,2009-10,Hyundai Santro,Prod,0
2010-04-01,2009-10,Hyundai Santro,Sale,1
2010-05-01,2009-10,Hyundai Santro,Prod,0
2010-05-01,2009-10,Hyundai Santro,Sale,0
2010-06-01,2009-10,Hyundai Santro,Prod,0
2010-06-01,2009-10,Hyundai Santro,Sale,0
2010-07-01,2010-11,Hyundai Santro,Prod,0
2010-07-01,2010-11,Hyundai Santro,Sale,0
2010-08-01,2010-11,Hyundai Santro,Prod,0
2010-08-01,2010-11,Hyundai Santro,Sale,0
2010-09-01,2010-11,Hyundai Santro,Prod,0
2010-09-01,2010-11,Hyundai Santro,Sale,0
2010-10-01,2010-11,Hyundai Santro,Prod,0
2010-10-01,2010-11,Hyundai Santro,Sale,0
2010-11-01,2010-11,Hyundai Santro,Prod,0
2010-11-01,2010-11,Hyundai Santro,Sale,0
2010-12-01,2010-11,Hyundai Santro,Prod,0
2010-12-01,2010-11,Hyundai Santro,Sale,0
2011-01-01,2010-11,Hyundai Santro,Prod,0
2011-01-01,2010-11,Hyundai Santro,Sale,0
2011-02-01,2010-11,Hyundai Santro,Prod,0
2011-02-01,2010-11,Hyundai Santro,Sale,0
2011-03-01,2010-11,Hyundai Santro,Prod,0
2011-03-01,2010-11,Hyundai Santro,Sale,0
2011-04-01,2010-11,Hyundai Santro,Prod,0
2011-04-01,2010-11,Hyundai Santro,Sale,0
2011-05-01,2010-11,Hyundai Santro,Prod,0
2011-05-01,2010-11,Hyundai Santro,Sale,0
2011-06-01,2010-11,Hyundai Santro,Prod,0
2011-06-01,2010-11,Hyundai Santro,Sale,0
2011-07-01,2011-12,Hyundai Santro,Prod,0
2011-07-01,2011-12,Hyundai Santro,Sale,0
2011-08-01,2011-12,Hyundai Santro,Prod,0
2011-08-01,2011-12,Hyundai Santro,Sale,0
2011-09-01,2011-12,Hyundai Santro,Prod,0
2011-09-01,2011-12,Hyundai Santro,Sale,0
2011-10-01,2011-12,Hyundai Santro,Prod,0
2011-10-01,2011-12,Hyundai Santro,Sale,0
2011-11-01,2011-12,Hyundai Santro,Prod,0
2011-11-01,2011-12,Hyundai Santro,Sale,0
2011-12-01,2011-12,Hyundai Santro,Prod,0
2011-12-01,2011-12,Hyundai Santro,Sale,0
2012-01-01,2011-12,Hyundai Santro,Prod,0
2012-01-01,2011-12,Hyundai Santro,Sale,0
2012-02-01,2011-12,Hyundai Santro,Prod,0
2012-02-01,2011-12,Hyundai Santro,Sale,0
2012-03-01,2011-12,Hyundai Santro,Prod,0
2012-03-01,2011-12,Hyundai Santro,Sale,0
2012-04-01,2011-12,Hyundai Santro,Prod,0
2012-04-01,2011-12,Hyundai Santro,Sale,0
2012-05-01,2011-12,Hyundai Santro,Prod,0
2012-05-01,2011-12,Hyundai Santro,Sale,0
2012-06-01,2011-12,Hyundai Santro,Prod,0
2012-06-01,2011-12,Hyundai Santro,Sale,0
2012-07-01,2012-13,Hyundai Santro,Prod,0
2012-07-01,2012-13,Hyundai Santro,Sale,0
2012-08-01,2012-13,Hyundai Santro,Prod,0
2012-08-01,2012-13,Hyundai Santro,Sale,0
2012-09-01,2012-13,Hyundai Santro,Prod,0
2012-09-01,2012-13,Hyundai Santro,Sale,0
2012-10-01,2012-13,Hyundai Santro,Prod,0
2012-10-01,2012-13,Hyundai Santro,Sale,0
2012-11-01,2012-13,Hyundai Santro,Prod,0
2012-11-01,2012-13,Hyundai Santro,Sale,0
2012-12-01,2012-13,Hyundai Santro,Prod,0
2012-12-01,2012-13,Hyundai Santro,Sale,0
2013-01-01,2012-13,Hyundai Santro,Prod,0
2013-01-01,2012-13,Hyundai Santro,Sale,0
2013-02-01,2012-13,Hyundai Santro,Prod,0
2013-02-01,2012-13,Hyundai Santro,Sale,0
2013-03-01,2012-13,Hyundai Santro,Prod,0
2013-03-01,2012-13,Hyundai Santro,Sale,0
2013-04-01,2012-13,Hyundai Santro,Prod,0
2013-04-01,2012-13,Hyundai Santro,Sale,0
2013-05-01,2012-13,Hyundai Santro,Prod,0
2013-05-01,2012-13,Hyundai Santro,Sale,0
2013-06-01,2012-13,Hyundai Santro,Prod,0
2013-06-01,2012-13,Hyundai Santro,Sale,0
2013-07-01,2013-14,Hyundai Santro,Prod,0
2013-07-01,2013-14,Hyundai Santro,Sale,0
2013-08-01,2013-14,Hyundai Santro,Prod,0
2013-08-01,2013-14,Hyundai Santro,Sale,0
2013-09-01,2013-14,Hyundai Santro,Prod,0
2013-09-01,2013-14,Hyundai Santro,Sale,0
2013-10-01,2013-14,Hyundai Santro,Prod,0
2013-10-01,2013-14,Hyundai Santro,Sale,0
2013-11-01,2013-14,Hyundai Santro,Prod,0
2013-11-01,2013-14,Hyundai Santro,Sale,0
2013-12-01,2013-14,Hyundai Santro,Prod,0
2013-12-01,2013-14,Hyundai Santro,Sale,0
2014-01-01,2013-14,Hyundai Santro,Prod,82
2014-01-01,2013-14,Hyundai Santro,Sale,18
2014-02-01,2013-14,Hyundai Santro,Prod,128
2014-02-01,2013-14,Hyundai Santro,Sale,46
2014-03-01,2013-14,Hyundai Santro,Prod,0
2014-03-01,2013-14,Hyundai Santro,Sale,35
2014-04-01,2013-14,Hyundai Santro,Prod,0
2014-04-01,2013-14,Hyundai Santro,Sale,19
2014-05-01,2013-14,Hyundai Santro,Prod,0
2014-05-01,2013-14,Hyundai Santro,Sale,15
2014-06-01,2013-14,Hyundai Santro,Prod,0
2014-06-01,2013-14,Hyundai Santro,Sale,19
2014-07-01,2014-15,Hyundai Santro,Prod,0
2014-07-01,2014-15,Hyundai Santro,Sale,4
2014-08-01,2014-15,Hyundai Santro,Prod,0
2014-08-01,2014-15,Hyundai Santro,Sale,10
2014-09-01,2014-15,Hyundai Santro,Prod,0
2014-09-01,2014-15,Hyundai Santro,Sale,11
2014-10-01,2014-15,Hyundai Santro,Prod,0
2014-10-01,2014-15,Hyundai Santro,Sale,8
2014-11-01,2014-15,Hyundai Santro,Prod,0
2014-11-01,2014-15,Hyundai Santro,Sale,5
2014-12-01,2014-15,Hyundai Santro,Prod,0
2014-12-01,2014-15,Hyundai Santro,Sale,6
2015-01-01,2014-15,Hyundai Santro,Prod,0
2015-01-01,2014-15,Hyundai Santro,Sale,2
2015-02-01,2014-15,Hyundai Santro,Prod,0
2015-02-01,2014-15,Hyundai Santro,Sale,1
2015-03-01,2014-15,Hyundai Santro,Prod,0
2015-03-01,2014-15,Hyundai Santro,Sale,2
2015-04-01,2014-15,Hyundai Santro,Prod,0
2015-04-01,2014-15,Hyundai Santro,Sale,1
2015-05-01,2014-15,Hyundai Santro,Prod,0
2015-05-01,2014-15,Hyundai Santro,Sale,0
2015-06-01,2014-15,Hyundai Santro,Prod,0
2015-06-01,2014-15,Hyundai Santro,Sale,0
2015-07-01,2015-16,Hyundai Santro,Prod,0
2015-07-01,2015-16,Hyundai Santro,Sale,2
2015-08-01,2015-16,Hyundai Santro,Prod,0
2015-08-01,2015-16,Hyundai Santro,Sale,0
2015-09-01,2015-16,Hyundai Santro,Prod,0
2015-09-01,2015-16,Hyundai Santro,Sale,1
2015-10-01,2015-16,Hyundai Santro,Prod,0
2015-10-01,2015-16,Hyundai Santro,Sale,0
2015-11-01,2015-16,Hyundai Santro,Prod,0
2015-11-01,2015-16,Hyundai Santro,Sale,0
2015-12-01,2015-16,Hyundai Santro,Prod,0
2015-12-01,2015-16,Hyundai Santro,Sale,0
2016-01-01,2015-16,Hyundai Santro,Prod,0
2016-01-01,2015-16,Hyundai Santro,Sale,1
2016-02-01,2015-16,Hyundai Santro,Prod,0
2016-02-01,2015-16,Hyundai Santro,Sale,0
2016-03-01,2015-16,Hyundai Santro,Prod,0
2016-03-01,2015-16,Hyundai Santro,Sale,1
2016-04-01,2015-16,Hyundai Santro,Prod,0
2016-04-01,2015-16,Hyundai Santro,Sale,2
2016-05-01,2015-16,Hyundai Santro,Prod,0
2016-05-01,2015-16,Hyundai Santro,Sale,0
2016-06-01,2015-16,Hyundai Santro,Prod,0
2016-06-01,2015-16,Hyundai Santro,Sale,0
2016-07-01,2016-17,Hyundai Santro,Prod,0
2016-07-01,2016-17,Hyundai Santro,Sale,0
2016-08-01,2016-17,Hyundai Santro,Prod,0
2016-08-01,2016-17,Hyundai Santro,Sale,0
2016-09-01,2016-17,Hyundai Santro,Prod,0
2016-09-01,2016-17,Hyundai Santro,Sale,0
2016-10-01,2016-17,Hyundai Santro,Prod,0
2016-10-01,2016-17,Hyundai Santro,Sale,0
2016-11-01,2016-17,Hyundai Santro,Prod,0
2016-11-01,2016-17,Hyundai Santro,Sale,0
2016-12-01,2016-17,Hyundai Santro,Prod,0
2016-12-01,2016-17,Hyundai Santro,Sale,1
2017-01-01,2016-17,Hyundai Santro,Prod,0
2017-01-01,2016-17,Hyundai Santro,Sale,0
2017-02-01,2016-17,Hyundai Santro,Prod,0
2017-02-01,2016-17,Hyundai Santro,Sale,0
2017-03-01,2016-17,Hyundai Santro,Prod,0
2017-03-01,2016-17,Hyundai Santro,Sale,0
2017-04-01,2016-17,Hyundai Santro,Prod,0
2017-04-01,2016-17,Hyundai Santro,Sale,0
2017-05-01,2016-17,Hyundai Santro,Prod,0
2017-05-01,2016-17,Hyundai Santro,Sale,0
2017-06-01,2016-17,Hyundai Santro,Prod,0
2017-06-01,2016-17,Hyundai Santro,Sale,0
2017-07-01,2017-18,Hyundai Santro,Prod,0
2017-07-01,2017-18,Hyundai Santro,Sale,0
2017-08-01,2017-18,Hyundai Santro,Prod,0
2017-08-01,2017-18,Hyundai Santro,Sale,0
2017-09-01,2017-18,Hyundai Santro,Prod,0
2017-09-01,2017-18,Hyundai Santro,Sale,0
2017-10-01,2017-18,Hyundai Santro,Prod,0
2017-10-01,2017-18,Hyundai Santro,Sale,0
2017-11-01,2017-18,Hyundai Santro,Prod,0
2017-11-01,2017-18,Hyundai Santro,Sale,0
2017-12-01,2017-18,Hyundai Santro,Prod,0
2017-12-01,2017-18,Hyundai Santro,Sale,0
2018-01-01,2017-18,Hyundai Santro,Prod,0
2018-01-01,2017-18,Hyundai Santro,Sale,0
2018-02-01,2017-18,Hyundai Santro,Prod,0
2018-02-01,2017-18,Hyundai Santro,Sale,0
2018-03-01,2017-18,Hyundai Santro,Prod,0
2018-03-01,2017-18,Hyundai Santro,Sale,0
2018-04-01,2017-18,Hyundai Santro,Prod,0
2018-04-01,2017-18,Hyundai Santro,Sale,0
2018-05-01,2017-18,Hyundai Santro,Prod,0
2018-05-01,2017-18,Hyundai Santro,Sale,0
2018-06-01,2017-18,Hyundai Santro,Prod,0
2018-06-01,2017-18,Hyundai Santro,Sale,0
2007-07-01,2007-08,Hyundai Shehzore,Prod,452
2007-07-01,2007-08,Hyundai Shehzore,Sale,452
2007-08-01,2007-08,Hyundai Shehzore,Prod,612
2007-08-01,2007-08,Hyundai Shehzore,Sale,612
2007-09-01,2007-08,Hyundai Shehzore,Prod,848
2007-09-01,2007-08,Hyundai Shehzore,Sale,848
2007-10-01,2007-08,Hyundai Shehzore,Prod,740
2007-10-01,2007-08,Hyundai Shehzore,Sale,501
2007-11-01,2007-08,Hyundai Shehzore,Prod,415
2007-11-01,2007-08,Hyundai Shehzore,Sale,548
2007-12-01,2007-08,Hyundai Shehzore,Prod,502
2007-12-01,2007-08,Hyundai Shehzore,Sale,301
2008-01-01,2007-08,Hyundai Shehzore,Prod,465
2008-01-01,2007-08,Hyundai Shehzore,Sale,503
2008-02-01,2007-08,Hyundai Shehzore,Prod,600
2008-02-01,2007-08,Hyundai Shehzore,Sale,505
2008-03-01,2007-08,Hyundai Shehzore,Prod,381
2008-03-01,2007-08,Hyundai Shehzore,Sale,524
2008-04-01,2007-08,Hyundai Shehzore,Prod,676
2008-04-01,2007-08,Hyundai Shehzore,Sale,464
2008-05-01,2007-08,Hyundai Shehzore,Prod,474
2008-05-01,2007-08,Hyundai Shehzore,Sale,506
2008-06-01,2007-08,Hyundai Shehzore,Prod,667
2008-06-01,2007-08,Hyundai Shehzore,Sale,1084
2008-07-01,2008-09,Hyundai Shehzore,Prod,500
2008-07-01,2008-09,Hyundai Shehzore,Sale,247
2008-08-01,2008-09,Hyundai Shehzore,Prod,325
2008-08-01,2008-09,Hyundai Shehzore,Sale,86
2008-09-01,2008-09,Hyundai Shehzore,Prod,470
2008-09-01,2008-09,Hyundai Shehzore,Sale,126
2008-10-01,2008-09,Hyundai Shehzore,Prod,25
2008-10-01,2008-09,Hyundai Shehzore,Sale,291
2008-11-01,2008-09,Hyundai Shehzore,Prod,0
2008-11-01,2008-09,Hyundai Shehzore,Sale,124
2008-12-01,2008-09,Hyundai Shehzore,Prod,0
2008-12-01,2008-09,Hyundai Shehzore,Sale,80
2009-01-01,2008-09,Hyundai Shehzore,Prod,37
2009-01-01,2008-09,Hyundai Shehzore,Sale,103
2009-02-01,2008-09,Hyundai Shehzore,Prod,4
2009-02-01,2008-09,Hyundai Shehzore,Sale,101
2009-03-01,2008-09,Hyundai Shehzore,Prod,4
2009-03-01,2008-09,Hyundai Shehzore,Sale,122
2009-04-01,2008-09,Hyundai Shehzore,Prod,325
2009-04-01,2008-09,Hyundai Shehzore,Sale,222
2009-05-01,2008-09,Hyundai Shehzore,Prod,138
2009-05-01,2008-09,Hyundai Shehzore,Sale,207
2009-06-01,2008-09,Hyundai Shehzore,Prod,168
2009-06-01,2008-09,Hyundai Shehzore,Sale,174
2009-07-01,2009-10,Hyundai Shehzore,Prod,77
2009-07-01,2009-10,Hyundai Shehzore,Sale,111
2009-08-01,2009-10,Hyundai Shehzore,Prod,47
2009-08-01,2009-10,Hyundai Shehzore,Sale,84
2009-09-01,2009-10,Hyundai Shehzore,Prod,126
2009-09-01,2009-10,Hyundai Shehzore,Sale,86
2009-10-01,2009-10,Hyundai Shehzore,Prod,135
2009-10-01,2009-10,Hyundai Shehzore,Sale,98
2009-11-01,2009-10,Hyundai Shehzore,Prod,121
2009-11-01,2009-10,Hyundai Shehzore,Sale,113
2009-12-01,2009-10,Hyundai Shehzore,Prod,100
2009-12-01,2009-10,Hyundai Shehzore,Sale,68
2010-01-01,2009-10,Hyundai Shehzore,Prod,51
2010-01-01,2009-10,Hyundai Shehzore,Sale,37
2010-02-01,2009-10,Hyundai Shehzore,Prod,92
2010-02-01,2009-10,Hyundai Shehzore,Sale,167
2010-03-01,2009-10,Hyundai Shehzore,Prod,57
2010-03-01,2009-10,Hyundai Shehzore,Sale,116
2010-04-01,2009-10,Hyundai Shehzore,Prod,0
2010-04-01,2009-10,Hyundai Shehzore,Sale,40
2010-05-01,2009-10,Hyundai Shehzore,Prod,0
2010-05-01,2009-10,Hyundai Shehzore,Sale,5
2010-06-01,2009-10,Hyundai Shehzore,Prod,200
2010-06-01,2009-10,Hyundai Shehzore,Sale,202
2010-07-01,2010-11,Hyundai Shehzore,Prod,41
2010-07-01,2010-11,Hyundai Shehzore,Sale,40
2010-08-01,2010-11,Hyundai Shehzore,Prod,50
2010-08-01,2010-11,Hyundai Shehzore,Sale,0
2010-09-01,2010-11,Hyundai Shehzore,Prod,95
2010-09-01,2010-11,Hyundai Shehzore,Sale,12
2010-10-01,2010-11,Hyundai Shehzore,Prod,0
2010-10-01,2010-11,Hyundai Shehzore,Sale,18
2010-11-01,2010-11,Hyundai Shehzore,Prod,0
2010-11-01,2010-11,Hyundai Shehzore,Sale,0
2010-12-01,2010-11,Hyundai Shehzore,Prod,0
2010-12-01,2010-11,Hyundai Shehzore,Sale,20
2011-01-01,2010-11,Hyundai Shehzore,Prod,0
2011-01-01,2010-11,Hyundai Shehzore,Sale,23
2011-02-01,2010-11,Hyundai Shehzore,Prod,0
2011-02-01,2010-11,Hyundai Shehzore,Sale,20
2011-03-01,2010-11,Hyundai Shehzore,Prod,0
2011-03-01,2010-11,Hyundai Shehzore,Sale,70
2011-04-01,2010-11,Hyundai Shehzore,Prod,0
2011-04-01,2010-11,Hyundai Shehzore,Sale,0
2011-05-01,2010-11,Hyundai Shehzore,Prod,0
2011-05-01,2010-11,Hyundai Shehzore,Sale,0
2011-06-01,2010-11,Hyundai Shehzore,Prod,0
2011-06-01,2010-11,Hyundai Shehzore,Sale,0
2011-07-01,2011-12,Hyundai Shehzore,Prod,0
2011-07-01,2011-12,Hyundai Shehzore,Sale,0
2011-08-01,2011-12,Hyundai Shehzore,Prod,0
2011-08-01,2011-12,Hyundai Shehzore,Sale,0
2011-09-01,2011-12,Hyundai Shehzore,Prod,0
2011-09-01,2011-12,Hyundai Shehzore,Sale,0
2011-10-01,2011-12,Hyundai Shehzore,Prod,0
2011-10-01,2011-12,Hyundai Shehzore,Sale,0
2011-11-01,2011-12,Hyundai Shehzore,Prod,0
2011-11-01,2011-12,Hyundai Shehzore,Sale,0
2011-12-01,2011-12,Hyundai Shehzore,Prod,0
2011-12-01,2011-12,Hyundai Shehzore,Sale,0
2012-01-01,2011-12,Hyundai Shehzore,Prod,0
2012-01-01,2011-12,Hyundai Shehzore,Sale,0
2012-02-01,2011-12,Hyundai Shehzore,Prod,0
2012-02-01,2011-12,Hyundai Shehzore,Sale,0
2012-03-01,2011-12,Hyundai Shehzore,Prod,0
2012-03-01,2011-12,Hyundai Shehzore,Sale,0
2012-04-01,2011-12,Hyundai Shehzore,Prod,0
2012-04-01,2011-12,Hyundai Shehzore,Sale,0
2012-05-01,2011-12,Hyundai Shehzore,Prod,0
2012-05-01,2011-12,Hyundai Shehzore,Sale,0
2012-06-01,2011-12,Hyundai Shehzore,Prod,0
2012-06-01,2011-12,Hyundai Shehzore,Sale,0
2012-07-01,2012-13,Hyundai Shehzore,Prod,0
2012-07-01,2012-13,Hyundai Shehzore,Sale,0
2012-08-01,2012-13,Hyundai Shehzore,Prod,0
2012-08-01,2012-13,Hyundai Shehzore,Sale,0
2012-09-01,2012-13,Hyundai Shehzore,Prod,0
2012-09-01,2012-13,Hyundai Shehzore,Sale,0
2012-10-01,2012-13,Hyundai Shehzore,Prod,0
2012-10-01,2012-13,Hyundai Shehzore,Sale,0
2012-11-01,2012-13,Hyundai Shehzore,Prod,0
2012-11-01,2012-13,Hyundai Shehzore,Sale,0
2012-12-01,2012-13,Hyundai Shehzore,Prod,0
2012-12-01,2012-13,Hyundai Shehzore,Sale,0
2013-01-01,2012-13,Hyundai Shehzore,Prod,0
2013-01-01,2012-13,Hyundai Shehzore,Sale,0
2013-02-01,2012-13,Hyundai Shehzore,Prod,0
2013-02-01,2012-13,Hyundai Shehzore,Sale,0
2013-03-01,2012-13,Hyundai Shehzore,Prod,0
2013-03-01,2012-13,Hyundai Shehzore,Sale,0
2013-04-01,2012-13,Hyundai Shehzore,Prod,0
2013-04-01,2012-13,Hyundai Shehzore,Sale,0
2013-05-01,2012-13,Hyundai Shehzore,Prod,0
2013-05-01,2012-13,Hyundai Shehzore,Sale,0
2013-06-01,2012-13,Hyundai Shehzore,Prod,0
2013-06-01,2012-13,Hyundai Shehzore,Sale,0
2013-07-01,2013-14,Hyundai Shehzore,Prod,0
2013-07-01,2013-14,Hyundai Shehzore,Sale,0
2013-08-01,2013-14,Hyundai Shehzore,Prod,0
2013-08-01,2013-14,Hyundai Shehzore,Sale,0
2013-09-01,2013-14,Hyundai Shehzore,Prod,150
2013-09-01,2013-14,Hyundai Shehzore,Sale,0
2013-10-01,2013-14,Hyundai Shehzore,Prod,300
2013-10-01,2013-14,Hyundai Shehzore,Sale,47
2013-11-01,2013-14,Hyundai Shehzore,Prod,200
2013-11-01,2013-14,Hyundai Shehzore,Sale,100
2013-12-01,2013-14,Hyundai Shehzore,Prod,48
2013-12-01,2013-14,Hyundai Shehzore,Sale,194
2014-01-01,2013-14,Hyundai Shehzore,Prod,0
2014-01-01,2013-14,Hyundai Shehzore,Sale,160
2014-02-01,2013-14,Hyundai Shehzore,Prod,0
2014-02-01,2013-14,Hyundai Shehzore,Sale,17
2014-03-01,2013-14,Hyundai Shehzore,Prod,0
2014-03-01,2013-14,Hyundai Shehzore,Sale,114
2014-04-01,2013-14,Hyundai Shehzore,Prod,0
2014-04-01,2013-14,Hyundai Shehzore,Sale,5
2014-05-01,2013-14,Hyundai Shehzore,Prod,0
2014-05-01,2013-14,Hyundai Shehzore,Sale,34
2014-06-01,2013-14,Hyundai Shehzore,Prod,0
2014-06-01,2013-14,Hyundai Shehzore,Sale,9
2014-07-01,2014-15,Hyundai Shehzore,Prod,0
2014-07-01,2014-15,Hyundai Shehzore,Sale,1
2014-08-01,2014-15,Hyundai Shehzore,Prod,0
2014-08-01,2014-15,Hyundai Shehzore,Sale,2
2014-09-01,2014-15,Hyundai Shehzore,Prod,0
2014-09-01,2014-15,Hyundai Shehzore,Sale,0
2014-10-01,2014-15,Hyundai Shehzore,Prod,0
2014-10-01,2014-15,Hyundai Shehzore,Sale,0
2014-11-01,2014-15,Hyundai Shehzore,Prod,0
2014-11-01,2014-15,Hyundai Shehzore,Sale,0
2014-12-01,2014-15,Hyundai Shehzore,Prod,0
2014-12-01,2014-15,Hyundai Shehzore,Sale,1
2015-01-01,2014-15,Hyundai Shehzore,Prod,0
2015-01-01,2014-15,Hyundai Shehzore,Sale,0
2015-02-01,2014-15,Hyundai Shehzore,Prod,0
2015-02-01,2014-15,Hyundai Shehzore,Sale,4
2015-03-01,2014-15,Hyundai Shehzore,Prod,0
2015-03-01,2014-15,Hyundai Shehzore,Sale,1
2015-04-01,2014-15,Hyundai Shehzore,Prod,0
2015-04-01,2014-15,Hyundai Shehzore,Sale,1
2015-05-01,2014-15,Hyundai Shehzore,Prod,0
2015-05-01,2014-15,Hyundai Shehzore,Sale,0
2015-06-01,2014-15,Hyundai Shehzore,Prod,0
2015-06-01,2014-15,Hyundai Shehzore,Sale,0
2015-07-01,2015-16,Hyundai Shehzore,Prod,0
2015-07-01,2015-16,Hyundai Shehzore,Sale,3
2015-08-01,2015-16,Hyundai Shehzore,Prod,0
2015-08-01,2015-16,Hyundai Shehzore,Sale,0
2015-09-01,2015-16,Hyundai Shehzore,Prod,0
2015-09-01,2015-16,Hyundai Shehzore,Sale,0
2015-10-01,2015-16,Hyundai Shehzore,Prod,0
2015-10-01,2015-16,Hyundai Shehzore,Sale,0
2015-11-01,2015-16,Hyundai Shehzore,Prod,0
2015-11-01,2015-16,Hyundai Shehzore,Sale,0
2015-12-01,2015-16,Hyundai Shehzore,Prod,0
2015-12-01,2015-16,Hyundai Shehzore,Sale,0
2016-01-01,2015-16,Hyundai Shehzore,Prod,0
2016-01-01,2015-16,Hyundai Shehzore,Sale,4
2016-02-01,2015-16,Hyundai Shehzore,Prod,0
2016-02-01,2015-16,Hyundai Shehzore,Sale,2
2016-03-01,2015-16,Hyundai Shehzore,Prod,0
2016-03-01,2015-16,Hyundai Shehzore,Sale,1
2016-04-01,2015-16,Hyundai Shehzore,Prod,0
2016-04-01,2015-16,Hyundai Shehzore,Sale,0
2016-05-01,2015-16,Hyundai Shehzore,Prod,0
2016-05-01,2015-16,Hyundai Shehzore,Sale,0
2016-06-01,2015-16,Hyundai Shehzore,Prod,0
2016-06-01,2015-16,Hyundai Shehzore,Sale,0
2016-07-01,2016-17,Hyundai Shehzore,Prod,0
2016-07-01,2016-17,Hyundai Shehzore,Sale,0
2016-08-01,2016-17,Hyundai Shehzore,Prod,0
2016-08-01,2016-17,Hyundai Shehzore,Sale,0
2016-09-01,2016-17,Hyundai Shehzore,Prod,0
2016-09-01,2016-17,Hyundai Shehzore,Sale,0
2016-10-01,2016-17,Hyundai Shehzore,Prod,0
2016-10-01,2016-17,Hyundai Shehzore,Sale,0
2016-11-01,2016-17,Hyundai Shehzore,Prod,0
2016-11-01,2016-17,Hyundai Shehzore,Sale,0
2016-12-01,2016-17,Hyundai Shehzore,Prod,0
2016-12-01,2016-17,Hyundai Shehzore,Sale,0
2017-01-01,2016-17,Hyundai Shehzore,Prod,0
2017-01-01,2016-17,Hyundai Shehzore,Sale,0
2017-02-01,2016-17,Hyundai Shehzore,Prod,0
2017-02-01,2016-17,Hyundai Shehzore,Sale,0
2017-03-01,2016-17,Hyundai Shehzore,Prod,0
2017-03-01,2016-17,Hyundai Shehzore,Sale,0
2017-04-01,2016-17,Hyundai Shehzore,Prod,0
2017-04-01,2016-17,Hyundai Shehzore,Sale,0
2017-05-01,2016-17,Hyundai Shehzore,Prod,0
2017-05-01,2016-17,Hyundai Shehzore,Sale,0
2017-06-01,2016-17,Hyundai Shehzore,Prod,0
2017-06-01,2016-17,Hyundai Shehzore,Sale,0
2017-07-01,2017-18,Hyundai Shehzore,Prod,0
2017-07-01,2017-18,Hyundai Shehzore,Sale,0
2017-08-01,2017-18,Hyundai Shehzore,Prod,0
2017-08-01,2017-18,Hyundai Shehzore,Sale,0
2017-09-01,2017-18,Hyundai Shehzore,Prod,0
2017-09-01,2017-18,Hyundai Shehzore,Sale,0
2017-10-01,2017-18,Hyundai Shehzore,Prod,0
2017-10-01,2017-18,Hyundai Shehzore,Sale,0
2017-11-01,2017-18,Hyundai Shehzore,Prod,0
2017-11-01,2017-18,Hyundai Shehzore,Sale,0
2017-12-01,2017-18,Hyundai Shehzore,Prod,0
2017-12-01,2017-18,Hyundai Shehzore,Sale,0
2018-01-01,2017-18,Hyundai Shehzore,Prod,0
2018-01-01,2017-18,Hyundai Shehzore,Sale,0
2018-02-01,2017-18,Hyundai Shehzore,Prod,0
2018-02-01,2017-18,Hyundai Shehzore,Sale,0
2018-03-01,2017-18,Hyundai Shehzore,Prod,0
2018-03-01,2017-18,Hyundai Shehzore,Sale,0
2018-04-01,2017-18,Hyundai Shehzore,Prod,0
2018-04-01,2017-18,Hyundai Shehzore,Sale,0
2018-05-01,2017-18,Hyundai Shehzore,Prod,0
2018-05-01,2017-18,Hyundai Shehzore,Sale,0
2018-06-01,2017-18,Hyundai Shehzore,Prod,0
2018-06-01,2017-18,Hyundai Shehzore,Sale,0
2021-07-01,2021-22,Hyundai Sonata,Prod,209
2021-07-01,2021-22,Hyundai Sonata,Sale,163
2021-08-01,2021-22,Hyundai Sonata,Prod,168
2021-08-01,2021-22,Hyundai Sonata,Sale,142
2021-09-01,2021-22,Hyundai Sonata,Prod,187
2021-09-01,2021-22,Hyundai Sonata,Sale,191
2021-10-01,2021-22,Hyundai Sonata,Prod,241
2021-10-01,2021-22,Hyundai Sonata,Sale,255
2021-11-01,2021-22,Hyundai Sonata,Prod,326
2021-11-01,2021-22,Hyundai Sonata,Sale,320
2021-12-01,2021-22,Hyundai Sonata,Prod,112
2021-12-01,2021-22,Hyundai Sonata,Sale,169
2022-01-01,2021-22,Hyundai Sonata,Prod,329
2022-01-01,2021-22,Hyundai Sonata,Sale,172
2022-02-01,2021-22,Hyundai Sonata,Prod,208
2022-02-01,2021-22,Hyundai Sonata,Sale,226
2022-03-01,2021-22,Hyundai Sonata,Prod,193
2022-03-01,2021-22,Hyundai Sonata,Sale,250
2022-04-01,2021-22,Hyundai Sonata,Prod,238
2022-04-01,2021-22,Hyundai Sonata,Sale,293
2022-05-01,2021-22,Hyundai Sonata,Prod,574
2022-05-01,2021-22,Hyundai Sonata,Sale,400
2022-06-01,2021-22,Hyundai Sonata,Prod,135
2022-06-01,2021-22,Hyundai Sonata,Sale,201
2022-07-01,2022-23,Hyundai Sonata,Prod,282
2022-07-01,2022-23,Hyundai Sonata,Sale,0
2022-08-01,2022-23,Hyundai Sonata,Prod,127
2022-08-01,2022-23,Hyundai Sonata,Sale,234
2022-09-01,2022-23,Hyundai Sonata,Prod,0
2022-09-01,2022-23,Hyundai Sonata,Sale,151
2022-10-01,2022-23,Hyundai Sonata,Prod,181
2022-10-01,2022-23,Hyundai Sonata,Sale,77
2022-11-01,2022-23,Hyundai Sonata,Prod,0
2022-11-01,2022-23,Hyundai Sonata,Sale,42
2022-12-01,2022-23,Hyundai Sonata,Prod,32
2022-12-01,2022-23,Hyundai Sonata,Sale,56
2023-01-01,2022-23,Hyundai Sonata,Prod,253
2023-01-01,2022-23,Hyundai Sonata,Sale,191
2023-02-01,2022-23,Hyundai Sonata,Prod,104
2023-02-01,2022-23,Hyundai Sonata,Sale,197
2023-03-01,2022-23,Hyundai Sonata,Prod,115
2023-03-01,2022-23,Hyundai Sonata,Sale,118
2023-04-01,2022-23,Hyundai Sonata,Prod,42
2023-04-01,2022-23,Hyundai Sonata,Sale,155
2023-05-01,2022-23,Hyundai Sonata,Prod,180
2023-05-01,2022-23,Hyundai Sonata,Sale,135
2023-06-01,2022-23,Hyundai Sonata,Prod,172
2023-06-01,2022-23,Hyundai Sonata,Sale,77
2023-07-01,2023-24,Hyundai Sonata,Prod,194
2023-07-01,2023-24,Hyundai Sonata,Sale,90
2023-08-01,2023-24,Hyundai Sonata,Prod,142
2023-08-01,2023-24,Hyundai Sonata,Sale,101
2023-09-01,2023-24,Hyundai Sonata,Prod,106
2023-09-01,2023-24,Hyundai Sonata,Sale,126
2023-10-01,2023-24,Hyundai Sonata,Prod,77
2023-10-01,2023-24,Hyundai Sonata,Sale,38
2023-11-01,2023-24,Hyundai Sonata,Prod,51
2023-11-01,2023-24,Hyundai Sonata,Sale,47
2023-12-01,2023-24,Hyundai Sonata,Prod,52
2023-12-01,2023-24,Hyundai Sonata,Sale,27
2024-01-01,2023-24,Hyundai Sonata,Prod,4
2024-01-01,2023-24,Hyundai Sonata,Sale,57
2024-02-01,2023-24,Hyundai Sonata,Prod,2
2024-02-01,2023-24,Hyundai Sonata,Sale,55
2024-03-01,2023-24,Hyundai Sonata,Prod,115
2024-03-01,2023-24,Hyundai Sonata,Sale,70
2024-04-01,2023-24,Hyundai Sonata,Prod,5
2024-04-01,2023-24,Hyundai Sonata,Sale,95
2024-05-01,2023-24,Hyundai Sonata,Prod,0
2024-05-01,2023-24,Hyundai Sonata,Sale,63
2024-06-01,2023-24,Hyundai Sonata,Prod,23
2024-06-01,2023-24,Hyundai Sonata,Sale,112
2024-07-01,2024-25,Hyundai Sonata,Prod,27
2024-07-01,2024-25,Hyundai Sonata,Sale,34
2024-08-01,2024-25,Hyundai Sonata,Prod,70
2024-08-01,2024-25,Hyundai Sonata,Sale,63
2024-09-01,2024-25,Hyundai Sonata,Prod,112
2024-09-01,2024-25,Hyundai Sonata,Sale,58
2024-10-01,2024-25,Hyundai Sonata,Prod,60
2024-10-01,2024-25,Hyundai Sonata,Sale,43
2024-11-01,2024-25,Hyundai Sonata,Prod,28
2024-11-01,2024-25,Hyundai Sonata,Sale,31
2024-12-01,2024-25,Hyundai Sonata,Prod,75
2024-12-01,2024-25,Hyundai Sonata,Sale,38
2025-01-01,2024-25,Hyundai Sonata,Prod,137
2025-01-01,2024-25,Hyundai Sonata,Sale,167
2025-02-01,2024-25,Hyundai Sonata,Prod,114
2025-02-01,2024-25,Hyundai Sonata,Sale,148
2025-03-01,2024-25,Hyundai Sonata,Prod,63
2025-03-01,2024-25,Hyundai Sonata,Sale,104
2025-04-01,2024-25,Hyundai Sonata,Prod,183
2025-04-01,2024-25,Hyundai Sonata,Sale,196
2025-05-01,2024-25,Hyundai Sonata,Prod,123
2025-05-01,2024-25,Hyundai Sonata,Sale,122
2025-06-01,2024-25,Hyundai Sonata,Prod,133
2025-06-01,2024-25,Hyundai Sonata,Sale,100
2020-07-01,2020-21,ISUZU,Prod,122
2020-07-01,2020-21,ISUZU,Prod,6
2020-07-01,2020-21,ISUZU,Sale,109
2020-07-01,2020-21,ISUZU,Sale,6
2020-08-01,2020-21,ISUZU,Prod,150
2020-08-01,2020-21,ISUZU,Prod,0
2020-08-01,2020-21,ISUZU,Sale,113
2020-08-01,2020-21,ISUZU,Sale,7
2020-09-01,2020-21,ISUZU,Prod,86
2020-09-01,2020-21,ISUZU,Prod,6
2020-09-01,2020-21,ISUZU,Sale,169
2020-09-01,2020-21,ISUZU,Sale,1
2020-10-01,2020-21,ISUZU,Prod,140
2020-10-01,2020-21,ISUZU,Prod,6
2020-10-01,2020-21,ISUZU,Sale,177
2020-10-01,2020-21,ISUZU,Sale,13
2020-11-01,2020-21,ISUZU,Prod,91
2020-11-01,2020-21,ISUZU,Prod,24
2020-11-01,2020-21,ISUZU,Sale,110
2020-11-01,2020-21,ISUZU,Sale,28
2020-12-01,2020-21,ISUZU,Prod,43
2020-12-01,2020-21,ISUZU,Prod,23
2020-12-01,2020-21,ISUZU,Sale,111
2020-12-01,2020-21,ISUZU,Sale,28
2021-01-01,2020-21,ISUZU,Prod,36
2021-01-01,2020-21,ISUZU,Prod,0
2021-01-01,2020-21,ISUZU,Sale,123
2021-01-01,2020-21,ISUZU,Sale,2
2021-02-01,2020-21,ISUZU,Prod,150
2021-02-01,2020-21,ISUZU,Prod,0
2021-02-01,2020-21,ISUZU,Sale,97
2021-02-01,2020-21,ISUZU,Sale,7
2021-03-01,2020-21,ISUZU,Prod,339
2021-03-01,2020-21,ISUZU,Prod,0
2021-03-01,2020-21,ISUZU,Sale,325
2021-03-01,2020-21,ISUZU,Sale,0
2021-04-01,2020-21,ISUZU,Prod,118
2021-04-01,2020-21,ISUZU,Prod,0
2021-04-01,2020-21,ISUZU,Sale,161
2021-04-01,2020-21,ISUZU,Sale,3
2021-05-01,2020-21,ISUZU,Prod,228
2021-05-01,2020-21,ISUZU,Prod,0
2021-05-01,2020-21,ISUZU,Sale,221
2021-05-01,2020-21,ISUZU,Sale,4
2021-06-01,2020-21,ISUZU,Prod,324
2021-06-01,2020-21,ISUZU,Prod,18
2021-06-01,2020-21,ISUZU,Sale,191
2021-06-01,2020-21,ISUZU,Sale,14
2021-07-01,2021-22,ISUZU,Prod,198
2021-07-01,2021-22,ISUZU,Prod,0
2021-07-01,2021-22,ISUZU,Sale,227
2021-07-01,2021-22,ISUZU,Sale,13
2021-08-01,2021-22,ISUZU,Prod,276
2021-08-01,2021-22,ISUZU,Prod,12
2021-08-01,2021-22,ISUZU,Sale,289
2021-08-01,2021-22,ISUZU,Sale,11
2021-09-01,2021-22,ISUZU,Prod,258
2021-09-01,2021-22,ISUZU,Prod,0
2021-09-01,2021-22,ISUZU,Sale,202
2021-09-01,2021-22,ISUZU,Sale,3
2021-10-01,2021-22,ISUZU,Prod,222
2021-10-01,2021-22,ISUZU,Prod,0
2021-10-01,2021-22,ISUZU,Sale,222
2021-10-01,2021-22,ISUZU,Sale,3
2021-11-01,2021-22,ISUZU,Prod,174
2021-11-01,2021-22,ISUZU,Prod,6
2021-11-01,2021-22,ISUZU,Sale,254
2021-11-01,2021-22,ISUZU,Sale,1
2021-12-01,2021-22,ISUZU,Prod,297
2021-12-01,2021-22,ISUZU,Prod,12
2021-12-01,2021-22,ISUZU,Sale,160
2021-12-01,2021-22,ISUZU,Sale,4
2022-01-01,2021-22,ISUZU,Prod,360
2022-01-01,2021-22,ISUZU,Prod,30
2022-01-01,2021-22,ISUZU,Sale,387
2022-01-01,2021-22,ISUZU,Sale,18
2022-02-01,2021-22,ISUZU,Prod,318
2022-02-01,2021-22,ISUZU,Prod,6
2022-02-01,2021-22,ISUZU,Sale,276
2022-02-01,2021-22,ISUZU,Sale,0
2022-03-01,2021-22,ISUZU,Prod,257
2022-03-01,2021-22,ISUZU,Prod,18
2022-03-01,2021-22,ISUZU,Sale,223
2022-03-01,2021-22,ISUZU,Sale,12
2022-04-01,2021-22,ISUZU,Prod,264
2022-04-01,2021-22,ISUZU,Prod,6
2022-04-01,2021-22,ISUZU,Sale,210
2022-04-01,2021-22,ISUZU,Sale,7
2022-05-01,2021-22,ISUZU,Prod,192
2022-05-01,2021-22,ISUZU,Prod,30
2022-05-01,2021-22,ISUZU,Sale,204
2022-05-01,2021-22,ISUZU,Sale,16
2022-06-01,2021-22,ISUZU,Prod,228
2022-06-01,2021-22,ISUZU,Prod,12
2022-06-01,2021-22,ISUZU,Sale,239
2022-06-01,2021-22,ISUZU,Sale,35
2022-07-01,2022-23,ISUZU,Prod,137
2022-07-01,2022-23,ISUZU,Prod,6
2022-07-01,2022-23,ISUZU,Sale,131
2022-07-01,2022-23,ISUZU,Sale,4
2022-08-01,2022-23,ISUZU,Prod,162
2022-08-01,2022-23,ISUZU,Prod,32
2022-08-01,2022-23,ISUZU,Sale,170
2022-08-01,2022-23,ISUZU,Sale,0
2022-09-01,2022-23,ISUZU,Prod,186
2022-09-01,2022-23,ISUZU,Prod,24
2022-09-01,2022-23,ISUZU,Sale,184
2022-09-01,2022-23,ISUZU,Sale,5
2022-10-01,2022-23,ISUZU,Prod,135
2022-10-01,2022-23,ISUZU,Prod,24
2022-10-01,2022-23,ISUZU,Sale,95
2022-10-01,2022-23,ISUZU,Sale,8
2022-11-01,2022-23,ISUZU,Prod,120
2022-11-01,2022-23,ISUZU,Prod,18
2022-11-01,2022-23,ISUZU,Sale,142
2022-11-01,2022-23,ISUZU,Sale,13
2022-12-01,2022-23,ISUZU,Prod,138
2022-12-01,2022-23,ISUZU,Prod,19
2022-12-01,2022-23,ISUZU,Sale,67
2022-12-01,2022-23,ISUZU,Sale,20
2023-01-01,2022-23,ISUZU,Prod,120
2023-01-01,2022-23,ISUZU,Prod,6
2023-01-01,2022-23,ISUZU,Sale,208
2023-01-01,2022-23,ISUZU,Sale,1
2023-02-01,2022-23,ISUZU,Prod,142
2023-02-01,2022-23,ISUZU,Prod,12
2023-02-01,2022-23,ISUZU,Sale,270
2023-02-01,2022-23,ISUZU,Sale,74
2023-03-01,2022-23,ISUZU,Prod,112
2023-03-01,2022-23,ISUZU,Prod,16
2023-03-01,2022-23,ISUZU,Sale,66
2023-03-01,2022-23,ISUZU,Sale,4
2023-04-01,2022-23,ISUZU,Prod,16
2023-04-01,2022-23,ISUZU,Prod,0
2023-04-01,2022-23,ISUZU,Sale,29
2023-04-01,2022-23,ISUZU,Sale,1
2023-05-01,2022-23,ISUZU,Prod,48
2023-05-01,2022-23,ISUZU,Prod,0
2023-05-01,2022-23,ISUZU,Sale,64
2023-05-01,2022-23,ISUZU,Sale,3
2023-06-01,2022-23,ISUZU,Prod,30
2023-06-01,2022-23,ISUZU,Prod,0
2023-06-01,2022-23,ISUZU,Sale,37
2023-06-01,2022-23,ISUZU,Sale,4
2023-07-01,2023-24,ISUZU,Prod,26
2023-07-01,2023-24,ISUZU,Prod,0
2023-07-01,2023-24,ISUZU,Sale,43
2023-07-01,2023-24,ISUZU,Sale,20
2023-08-01,2023-24,ISUZU,Prod,91
2023-08-01,2023-24,ISUZU,Prod,6
2023-08-01,2023-24,ISUZU,Sale,66
2023-08-01,2023-24,ISUZU,Sale,4
2023-09-01,2023-24,ISUZU,Prod,35
2023-09-01,2023-24,ISUZU,Prod,6
2023-09-01,2023-24,ISUZU,Sale,59
2023-09-01,2023-24,ISUZU,Sale,12
2023-10-01,2023-24,ISUZU,Prod,122
2023-10-01,2023-24,ISUZU,Prod,0
2023-10-01,2023-24,ISUZU,Sale,112
2023-10-01,2023-24,ISUZU,Sale,1
2023-11-01,2023-24,ISUZU,Prod,72
2023-11-01,2023-24,ISUZU,Prod,0
2023-11-01,2023-24,ISUZU,Sale,61
2023-11-01,2023-24,ISUZU,Sale,3
2023-12-01,2023-24,ISUZU,Prod,82
2023-12-01,2023-24,ISUZU,Prod,0
2023-12-01,2023-24,ISUZU,Sale,41
2023-12-01,2023-24,ISUZU,Sale,16
2024-01-01,2023-24,ISUZU,Prod,24
2024-01-01,2023-24,ISUZU,Prod,6
2024-01-01,2023-24,ISUZU,Sale,90
2024-01-01,2023-24,ISUZU,Sale,4
2024-02-01,2023-24,ISUZU,Prod,249
2024-02-01,2023-24,ISUZU,Prod,18
2024-02-01,2023-24,ISUZU,Sale,197
2024-02-01,2023-24,ISUZU,Sale,7
2024-03-01,2023-24,ISUZU,Prod,216
2024-03-01,2023-24,ISUZU,Prod,0
2024-03-01,2023-24,ISUZU,Sale,212
2024-03-01,2023-24,ISUZU,Sale,8
2024-04-01,2023-24,ISUZU,Prod,123
2024-04-01,2023-24,ISUZU,Prod,6
2024-04-01,2023-24,ISUZU,Sale,131
2024-04-01,2023-24,ISUZU,Sale,6
2024-05-01,2023-24,ISUZU,Prod,130
2024-05-01,2023-24,ISUZU,Prod,6
2024-05-01,2023-24,ISUZU,Sale,111
2024-05-01,2023-24,ISUZU,Sale,8
2024-06-01,2023-24,ISUZU,Prod,114
2024-06-01,2023-24,ISUZU,Prod,12
2024-06-01,2023-24,ISUZU,Sale,120
2024-06-01,2023-24,ISUZU,Sale,1
2024-07-01,2024-25,ISUZU,Prod,180
2024-07-01,2024-25,ISUZU,Prod,12
2024-07-01,2024-25,ISUZU,Sale,162
2024-07-01,2024-25,ISUZU,Sale,9
2024-08-01,2024-25,ISUZU,Prod,161
2024-08-01,2024-25,ISUZU,Prod,6
2024-08-01,2024-25,ISUZU,Sale,180
2024-08-01,2024-25,ISUZU,Sale,10
2024-09-01,2024-25,ISUZU,Prod,192
2024-09-01,2024-25,ISUZU,Prod,12
2024-09-01,2024-25,ISUZU,Sale,195
2024-09-01,2024-25,ISUZU,Sale,5
2024-10-01,2024-25,ISUZU,Prod,226
2024-10-01,2024-25,ISUZU,Prod,18
2024-10-01,2024-25,ISUZU,Sale,193
2024-10-01,2024-25,ISUZU,Sale,7
2024-11-01,2024-25,ISUZU,Prod,149
2024-11-01,2024-25,ISUZU,Prod,0
2024-11-01,2024-25,ISUZU,Sale,199
2024-11-01,2024-25,ISUZU,Sale,1
2024-12-01,2024-25,ISUZU,Prod,263
2024-12-01,2024-25,ISUZU,Prod,37
2024-12-01,2024-25,ISUZU,Sale,60
2024-12-01,2024-25,ISUZU,Sale,40
2025-01-01,2024-25,ISUZU,Prod,256
2025-01-01,2024-25,ISUZU,Prod,24
2025-01-01,2024-25,ISUZU,Sale,400
2025-01-01,2024-25,ISUZU,Sale,0
2025-02-01,2024-25,ISUZU,Prod,303
2025-02-01,2024-25,ISUZU,Prod,34
2025-02-01,2024-25,ISUZU,Sale,271
2025-02-01,2024-25,ISUZU,Sale,8
2025-03-01,2024-25,ISUZU,Prod,141
2025-03-01,2024-25,ISUZU,Prod,12
2025-03-01,2024-25,ISUZU,Sale,193
2025-03-01,2024-25,ISUZU,Sale,63
2025-04-01,2024-25,ISUZU,Prod,318
2025-04-01,2024-25,ISUZU,Prod,12
2025-04-01,2024-25,ISUZU,Sale,264
2025-04-01,2024-25,ISUZU,Sale,19
2025-05-01,2024-25,ISUZU,Prod,293
2025-05-01,2024-25,ISUZU,Prod,24
2025-05-01,2024-25,ISUZU,Sale,327
2025-05-01,2024-25,ISUZU,Sale,35
2025-06-01,2024-25,ISUZU,Prod,374
2025-06-01,2024-25,ISUZU,Prod,18
2025-06-01,2024-25,ISUZU,Sale,447
2025-06-01,2024-25,ISUZU,Sale,19
2021-07-01,2021-22,ISUZU  D-MAX,Prod,30
2021-07-01,2021-22,ISUZU  D-MAX,Sale,36
2021-08-01,2021-22,ISUZU  D-MAX,Prod,45
2021-08-01,2021-22,ISUZU  D-MAX,Sale,30
2021-09-01,2021-22,ISUZU  D-MAX,Prod,75
2021-09-01,2021-22,ISUZU  D-MAX,Sale,65
2021-10-01,2021-22,ISUZU  D-MAX,Prod,45
2021-10-01,2021-22,ISUZU  D-MAX,Sale,24
2021-11-01,2021-22,ISUZU  D-MAX,Prod,45
2021-11-01,2021-22,ISUZU  D-MAX,Sale,40
2021-12-01,2021-22,ISUZU  D-MAX,Prod,30
2021-12-01,2021-22,ISUZU  D-MAX,Sale,58
2022-01-01,2021-22,ISUZU  D-MAX,Prod,30
2022-01-01,2021-22,ISUZU  D-MAX,Sale,18
2022-02-01,2021-22,ISUZU  D-MAX,Prod,45
2022-02-01,2021-22,ISUZU  D-MAX,Sale,23
2022-03-01,2021-22,ISUZU  D-MAX,Prod,30
2022-03-01,2021-22,ISUZU  D-MAX,Sale,16
2022-04-01,2021-22,ISUZU  D-MAX,Prod,15
2022-04-01,2021-22,ISUZU  D-MAX,Sale,40
2022-05-01,2021-22,ISUZU  D-MAX,Prod,0
2022-05-01,2021-22,ISUZU  D-MAX,Sale,38
2022-06-01,2021-22,ISUZU  D-MAX,Prod,90
2022-06-01,2021-22,ISUZU  D-MAX,Sale,85
2022-07-01,2022-23,ISUZU  D-MAX,Prod,0
2022-07-01,2022-23,ISUZU  D-MAX,Sale,0
2022-08-01,2022-23,ISUZU  D-MAX,Prod,0
2022-08-01,2022-23,ISUZU  D-MAX,Sale,5
2022-09-01,2022-23,ISUZU  D-MAX,Prod,15
2022-09-01,2022-23,ISUZU  D-MAX,Sale,27
2022-10-01,2022-23,ISUZU  D-MAX,Prod,45
2022-10-01,2022-23,ISUZU  D-MAX,Sale,30
2022-11-01,2022-23,ISUZU  D-MAX,Prod,45
2022-11-01,2022-23,ISUZU  D-MAX,Sale,42
2022-12-01,2022-23,ISUZU  D-MAX,Prod,15
2022-12-01,2022-23,ISUZU  D-MAX,Sale,28
2023-01-01,2022-23,ISUZU  D-MAX,Prod,0
2023-01-01,2022-23,ISUZU  D-MAX,Sale,13
2023-02-01,2022-23,ISUZU  D-MAX,Prod,0
2023-02-01,2022-23,ISUZU  D-MAX,Sale,8
2023-03-01,2022-23,ISUZU  D-MAX,Prod,30
2023-03-01,2022-23,ISUZU  D-MAX,Sale,1
2023-04-01,2022-23,ISUZU  D-MAX,Prod,0
2023-04-01,2022-23,ISUZU  D-MAX,Sale,18
2023-05-01,2022-23,ISUZU  D-MAX,Prod,0
2023-05-01,2022-23,ISUZU  D-MAX,Sale,22
2023-06-01,2022-23,ISUZU  D-MAX,Prod,0
2023-06-01,2022-23,ISUZU  D-MAX,Sale,0
2023-07-01,2023-24,ISUZU  D-MAX,Prod,30
2023-07-01,2023-24,ISUZU  D-MAX,Sale,15
2023-08-01,2023-24,ISUZU  D-MAX,Prod,30
2023-08-01,2023-24,ISUZU  D-MAX,Sale,5
2023-09-01,2023-24,ISUZU  D-MAX,Prod,0
2023-09-01,2023-24,ISUZU  D-MAX,Sale,6
2023-10-01,2023-24,ISUZU  D-MAX,Prod,15
2023-10-01,2023-24,ISUZU  D-MAX,Sale,0
2023-11-01,2023-24,ISUZU  D-MAX,Prod,30
2023-11-01,2023-24,ISUZU  D-MAX,Sale,16
2023-12-01,2023-24,ISUZU  D-MAX,Prod,30
2023-12-01,2023-24,ISUZU  D-MAX,Sale,34
2024-01-01,2023-24,ISUZU  D-MAX,Prod,15
2024-01-01,2023-24,ISUZU  D-MAX,Sale,13
2024-02-01,2023-24,ISUZU  D-MAX,Prod,45
2024-02-01,2023-24,ISUZU  D-MAX,Sale,8
2024-03-01,2023-24,ISUZU  D-MAX,Prod,30
2024-03-01,2023-24,ISUZU  D-MAX,Sale,8
2024-04-01,2023-24,ISUZU  D-MAX,Prod,0
2024-04-01,2023-24,ISUZU  D-MAX,Sale,2
2024-05-01,2023-24,ISUZU  D-MAX,Prod,15
2024-05-01,2023-24,ISUZU  D-MAX,Sale,11
2024-06-01,2023-24,ISUZU  D-MAX,Prod,12
2024-06-01,2023-24,ISUZU  D-MAX,Sale,36
2024-07-01,2024-25,ISUZU  D-MAX,Prod,3
2024-07-01,2024-25,ISUZU  D-MAX,Sale,10
2024-08-01,2024-25,ISUZU  D-MAX,Prod,0
2024-08-01,2024-25,ISUZU  D-MAX,Sale,13
2024-09-01,2024-25,ISUZU  D-MAX,Prod,0
2024-09-01,2024-25,ISUZU  D-MAX,Sale,5
2024-10-01,2024-25,ISUZU  D-MAX,Prod,0
2024-10-01,2024-25,ISUZU  D-MAX,Sale,8
2024-11-01,2024-25,ISUZU  D-MAX,Prod,0
2024-11-01,2024-25,ISUZU  D-MAX,Sale,0
2024-12-01,2024-25,ISUZU  D-MAX,Prod,0
2024-12-01,2024-25,ISUZU  D-MAX,Sale,0
2025-01-01,2024-25,ISUZU  D-MAX,Prod,0
2025-01-01,2024-25,ISUZU  D-MAX,Sale,0
2025-02-01,2024-25,ISUZU  D-MAX,Prod,0
2025-02-01,2024-25,ISUZU  D-MAX,Sale,0
2025-03-01,2024-25,ISUZU  D-MAX,Prod,0
2025-03-01,2024-25,ISUZU  D-MAX,Sale,0
2025-04-01,2024-25,ISUZU  D-MAX,Prod,0
2025-04-01,2024-25,ISUZU  D-MAX,Sale,0
2025-05-01,2024-25,ISUZU  D-MAX,Prod,0
2025-05-01,2024-25,ISUZU  D-MAX,Sale,0
2025-06-01,2024-25,ISUZU  D-MAX,Prod,0
2025-06-01,2024-25,ISUZU  D-MAX,Sale,0
2007-07-01,2007-08,Isuzu,Prod,24
2007-07-01,2007-08,Isuzu,Prod,14
2007-07-01,2007-08,Isuzu,Sale,39
2007-07-01,2007-08,Isuzu,Sale,30
2007-08-01,2007-08,Isuzu,Prod,60
2007-08-01,2007-08,Isuzu,Prod,34
2007-08-01,2007-08,Isuzu,Sale,64
2007-08-01,2007-08,Isuzu,Sale,13
2007-09-01,2007-08,Isuzu,Prod,32
2007-09-01,2007-08,Isuzu,Prod,0
2007-09-01,2007-08,Isuzu,Sale,80
2007-09-01,2007-08,Isuzu,Sale,14
2007-10-01,2007-08,Isuzu,Prod,46
2007-10-01,2007-08,Isuzu,Prod,18
2007-10-01,2007-08,Isuzu,Sale,13
2007-10-01,2007-08,Isuzu,Sale,0
2007-11-01,2007-08,Isuzu,Prod,120
2007-11-01,2007-08,Isuzu,Prod,12
2007-11-01,2007-08,Isuzu,Sale,79
2007-11-01,2007-08,Isuzu,Sale,24
2007-12-01,2007-08,Isuzu,Prod,30
2007-12-01,2007-08,Isuzu,Prod,0
2007-12-01,2007-08,Isuzu,Sale,90
2007-12-01,2007-08,Isuzu,Sale,6
2008-01-01,2007-08,Isuzu,Prod,78
2008-01-01,2007-08,Isuzu,Prod,32
2008-01-01,2007-08,Isuzu,Sale,58
2008-01-01,2007-08,Isuzu,Sale,17
2008-02-01,2007-08,Isuzu,Prod,78
2008-02-01,2007-08,Isuzu,Prod,18
2008-02-01,2007-08,Isuzu,Sale,91
2008-02-01,2007-08,Isuzu,Sale,5
2008-03-01,2007-08,Isuzu,Prod,84
2008-03-01,2007-08,Isuzu,Prod,12
2008-03-01,2007-08,Isuzu,Sale,96
2008-03-01,2007-08,Isuzu,Sale,11
2008-04-01,2007-08,Isuzu,Prod,90
2008-04-01,2007-08,Isuzu,Prod,12
2008-04-01,2007-08,Isuzu,Sale,81
2008-04-01,2007-08,Isuzu,Sale,12
2008-05-01,2007-08,Isuzu,Prod,72
2008-05-01,2007-08,Isuzu,Prod,18
2008-05-01,2007-08,Isuzu,Sale,98
2008-05-01,2007-08,Isuzu,Sale,22
2008-06-01,2007-08,Isuzu,Prod,108
2008-06-01,2007-08,Isuzu,Prod,12
2008-06-01,2007-08,Isuzu,Sale,124
2008-06-01,2007-08,Isuzu,Sale,47
2008-07-01,2008-09,Isuzu,Prod,68
2008-07-01,2008-09,Isuzu,Prod,24
2008-07-01,2008-09,Isuzu,Sale,40
2008-07-01,2008-09,Isuzu,Sale,11
2008-08-01,2008-09,Isuzu,Prod,35
2008-08-01,2008-09,Isuzu,Prod,6
2008-08-01,2008-09,Isuzu,Sale,36
2008-08-01,2008-09,Isuzu,Sale,2
2008-09-01,2008-09,Isuzu,Prod,23
2008-09-01,2008-09,Isuzu,Prod,18
2008-09-01,2008-09,Isuzu,Sale,15
2008-09-01,2008-09,Isuzu,Sale,1
2008-10-01,2008-09,Isuzu,Prod,18
2008-10-01,2008-09,Isuzu,Prod,0
2008-10-01,2008-09,Isuzu,Sale,24
2008-10-01,2008-09,Isuzu,Sale,12
2008-11-01,2008-09,Isuzu,Prod,26
2008-11-01,2008-09,Isuzu,Prod,0
2008-11-01,2008-09,Isuzu,Sale,20
2008-11-01,2008-09,Isuzu,Sale,12
2008-12-01,2008-09,Isuzu,Prod,83
2008-12-01,2008-09,Isuzu,Prod,0
2008-12-01,2008-09,Isuzu,Sale,26
2008-12-01,2008-09,Isuzu,Sale,7
2009-01-01,2008-09,Isuzu,Prod,1
2009-01-01,2008-09,Isuzu,Prod,0
2009-01-01,2008-09,Isuzu,Sale,75
2009-01-01,2008-09,Isuzu,Sale,1
2009-02-01,2008-09,Isuzu,Prod,6
2009-02-01,2008-09,Isuzu,Prod,12
2009-02-01,2008-09,Isuzu,Sale,49
2009-02-01,2008-09,Isuzu,Sale,13
2009-03-01,2008-09,Isuzu,Prod,47
2009-03-01,2008-09,Isuzu,Prod,0
2009-03-01,2008-09,Isuzu,Sale,51
2009-03-01,2008-09,Isuzu,Sale,16
2009-04-01,2008-09,Isuzu,Prod,62
2009-04-01,2008-09,Isuzu,Prod,28
2009-04-01,2008-09,Isuzu,Sale,34
2009-04-01,2008-09,Isuzu,Sale,12
2009-05-01,2008-09,Isuzu,Prod,49
2009-05-01,2008-09,Isuzu,Prod,30
2009-05-01,2008-09,Isuzu,Sale,55
2009-05-01,2008-09,Isuzu,Sale,29
2009-06-01,2008-09,Isuzu,Prod,63
2009-06-01,2008-09,Isuzu,Prod,18
2009-06-01,2008-09,Isuzu,Sale,70
2009-06-01,2008-09,Isuzu,Sale,19
2009-07-01,2009-10,Isuzu,Prod,34
2009-07-01,2009-10,Isuzu,Prod,30
2009-07-01,2009-10,Isuzu,Sale,56
2009-07-01,2009-10,Isuzu,Sale,4
2009-08-01,2009-10,Isuzu,Prod,45
2009-08-01,2009-10,Isuzu,Prod,6
2009-08-01,2009-10,Isuzu,Sale,27
2009-08-01,2009-10,Isuzu,Sale,18
2009-09-01,2009-10,Isuzu,Prod,13
2009-09-01,2009-10,Isuzu,Prod,0
2009-09-01,2009-10,Isuzu,Sale,5
2009-09-01,2009-10,Isuzu,Sale,8
2009-10-01,2009-10,Isuzu,Prod,48
2009-10-01,2009-10,Isuzu,Prod,12
2009-10-01,2009-10,Isuzu,Sale,8
2009-10-01,2009-10,Isuzu,Sale,10
2009-11-01,2009-10,Isuzu,Prod,18
2009-11-01,2009-10,Isuzu,Prod,6
2009-11-01,2009-10,Isuzu,Sale,19
2009-11-01,2009-10,Isuzu,Sale,4
2009-12-01,2009-10,Isuzu,Prod,4
2009-12-01,2009-10,Isuzu,Prod,0
2009-12-01,2009-10,Isuzu,Sale,94
2009-12-01,2009-10,Isuzu,Sale,2
2010-01-01,2009-10,Isuzu,Prod,12
2010-01-01,2009-10,Isuzu,Prod,0
2010-01-01,2009-10,Isuzu,Sale,78
2010-01-01,2009-10,Isuzu,Sale,1
2010-02-01,2009-10,Isuzu,Prod,3
2010-02-01,2009-10,Isuzu,Prod,0
2010-02-01,2009-10,Isuzu,Sale,81
2010-02-01,2009-10,Isuzu,Sale,0
2010-03-01,2009-10,Isuzu,Prod,48
2010-03-01,2009-10,Isuzu,Prod,8
2010-03-01,2009-10,Isuzu,Sale,48
2010-03-01,2009-10,Isuzu,Sale,2
2010-04-01,2009-10,Isuzu,Prod,66
2010-04-01,2009-10,Isuzu,Prod,4
2010-04-01,2009-10,Isuzu,Sale,51
2010-04-01,2009-10,Isuzu,Sale,6
2010-05-01,2009-10,Isuzu,Prod,36
2010-05-01,2009-10,Isuzu,Prod,0
2010-05-01,2009-10,Isuzu,Sale,54
2010-05-01,2009-10,Isuzu,Sale,7
2010-06-01,2009-10,Isuzu,Prod,23
2010-06-01,2009-10,Isuzu,Prod,29
2010-06-01,2009-10,Isuzu,Sale,38
2010-06-01,2009-10,Isuzu,Sale,27
2010-07-01,2010-11,Isuzu,Prod,57
2010-07-01,2010-11,Isuzu,Prod,19
2010-07-01,2010-11,Isuzu,Sale,46
2010-07-01,2010-11,Isuzu,Sale,9
2010-08-01,2010-11,Isuzu,Prod,24
2010-08-01,2010-11,Isuzu,Prod,12
2010-08-01,2010-11,Isuzu,Sale,34
2010-08-01,2010-11,Isuzu,Sale,6
2010-09-01,2010-11,Isuzu,Prod,43
2010-09-01,2010-11,Isuzu,Prod,6
2010-09-01,2010-11,Isuzu,Sale,39
2010-09-01,2010-11,Isuzu,Sale,8
2010-10-01,2010-11,Isuzu,Prod,31
2010-10-01,2010-11,Isuzu,Prod,0
2010-10-01,2010-11,Isuzu,Sale,11
2010-10-01,2010-11,Isuzu,Sale,8
2010-11-01,2010-11,Isuzu,Prod,13
2010-11-01,2010-11,Isuzu,Prod,13
2010-11-01,2010-11,Isuzu,Sale,20
2010-11-01,2010-11,Isuzu,Sale,15
2010-12-01,2010-11,Isuzu,Prod,41
2010-12-01,2010-11,Isuzu,Prod,6
2010-12-01,2010-11,Isuzu,Sale,22
2010-12-01,2010-11,Isuzu,Sale,9
2011-01-01,2010-11,Isuzu,Prod,9
2011-01-01,2010-11,Isuzu,Prod,0
2011-01-01,2010-11,Isuzu,Sale,26
2011-01-01,2010-11,Isuzu,Sale,6
2011-02-01,2010-11,Isuzu,Prod,44
2011-02-01,2010-11,Isuzu,Prod,0
2011-02-01,2010-11,Isuzu,Sale,26
2011-02-01,2010-11,Isuzu,Sale,4
2011-03-01,2010-11,Isuzu,Prod,23
2011-03-01,2010-11,Isuzu,Prod,6
2011-03-01,2010-11,Isuzu,Sale,41
2011-03-01,2010-11,Isuzu,Sale,6
2011-04-01,2010-11,Isuzu,Prod,41
2011-04-01,2010-11,Isuzu,Prod,15
2011-04-01,2010-11,Isuzu,Sale,39
2011-04-01,2010-11,Isuzu,Sale,3
2011-05-01,2010-11,Isuzu,Prod,53
2011-05-01,2010-11,Isuzu,Prod,11
2011-05-01,2010-11,Isuzu,Sale,22
2011-05-01,2010-11,Isuzu,Sale,23
2011-06-01,2010-11,Isuzu,Prod,0
2011-06-01,2010-11,Isuzu,Prod,7
2011-06-01,2010-11,Isuzu,Sale,55
2011-06-01,2010-11,Isuzu,Sale,9
2011-07-01,2011-12,Isuzu,Prod,4
2011-07-01,2011-12,Isuzu,Prod,0
2011-07-01,2011-12,Isuzu,Sale,0
2011-07-01,2011-12,Isuzu,Sale,2
2011-08-01,2011-12,Isuzu,Prod,19
2011-08-01,2011-12,Isuzu,Prod,12
2011-08-01,2011-12,Isuzu,Sale,10
2011-08-01,2011-12,Isuzu,Sale,6
2011-09-01,2011-12,Isuzu,Prod,66
2011-09-01,2011-12,Isuzu,Prod,6
2011-09-01,2011-12,Isuzu,Sale,26
2011-09-01,2011-12,Isuzu,Sale,4
2011-10-01,2011-12,Isuzu,Prod,75
2011-10-01,2011-12,Isuzu,Prod,0
2011-10-01,2011-12,Isuzu,Sale,23
2011-10-01,2011-12,Isuzu,Sale,1
2011-11-01,2011-12,Isuzu,Prod,17
2011-11-01,2011-12,Isuzu,Prod,6
2011-11-01,2011-12,Isuzu,Sale,12
2011-11-01,2011-12,Isuzu,Sale,0
2011-12-01,2011-12,Isuzu,Prod,52
2011-12-01,2011-12,Isuzu,Prod,6
2011-12-01,2011-12,Isuzu,Sale,16
2011-12-01,2011-12,Isuzu,Sale,9
2012-01-01,2011-12,Isuzu,Prod,12
2012-01-01,2011-12,Isuzu,Prod,0
2012-01-01,2011-12,Isuzu,Sale,21
2012-01-01,2011-12,Isuzu,Sale,7
2012-02-01,2011-12,Isuzu,Prod,18
2012-02-01,2011-12,Isuzu,Prod,7
2012-02-01,2011-12,Isuzu,Sale,18
2012-02-01,2011-12,Isuzu,Sale,0
2012-03-01,2011-12,Isuzu,Prod,24
2012-03-01,2011-12,Isuzu,Prod,0
2012-03-01,2011-12,Isuzu,Sale,10
2012-03-01,2011-12,Isuzu,Sale,7
2012-04-01,2011-12,Isuzu,Prod,34
2012-04-01,2011-12,Isuzu,Prod,5
2012-04-01,2011-12,Isuzu,Sale,29
2012-04-01,2011-12,Isuzu,Sale,2
2012-05-01,2011-12,Isuzu,Prod,55
2012-05-01,2011-12,Isuzu,Prod,6
2012-05-01,2011-12,Isuzu,Sale,74
2012-05-01,2011-12,Isuzu,Sale,2
2012-06-01,2011-12,Isuzu,Prod,44
2012-06-01,2011-12,Isuzu,Prod,24
2012-06-01,2011-12,Isuzu,Sale,75
2012-06-01,2011-12,Isuzu,Sale,50
2012-07-01,2012-13,Isuzu,Prod,15
2012-07-01,2012-13,Isuzu,Prod,0
2012-07-01,2012-13,Isuzu,Sale,25
2012-07-01,2012-13,Isuzu,Sale,1
2012-08-01,2012-13,Isuzu,Prod,42
2012-08-01,2012-13,Isuzu,Prod,18
2012-08-01,2012-13,Isuzu,Sale,22
2012-08-01,2012-13,Isuzu,Sale,0
2012-09-01,2012-13,Isuzu,Prod,50
2012-09-01,2012-13,Isuzu,Prod,18
2012-09-01,2012-13,Isuzu,Sale,11
2012-09-01,2012-13,Isuzu,Sale,2
2012-10-01,2012-13,Isuzu,Prod,18
2012-10-01,2012-13,Isuzu,Prod,18
2012-10-01,2012-13,Isuzu,Sale,40
2012-10-01,2012-13,Isuzu,Sale,5
2012-11-01,2012-13,Isuzu,Prod,42
2012-11-01,2012-13,Isuzu,Prod,0
2012-11-01,2012-13,Isuzu,Sale,18
2012-11-01,2012-13,Isuzu,Sale,22
2012-12-01,2012-13,Isuzu,Prod,0
2012-12-01,2012-13,Isuzu,Prod,0
2012-12-01,2012-13,Isuzu,Sale,7
2012-12-01,2012-13,Isuzu,Sale,10
2013-01-01,2012-13,Isuzu,Prod,6
2013-01-01,2012-13,Isuzu,Prod,0
2013-01-01,2012-13,Isuzu,Sale,19
2013-01-01,2012-13,Isuzu,Sale,5
2013-02-01,2012-13,Isuzu,Prod,12
2013-02-01,2012-13,Isuzu,Prod,0
2013-02-01,2012-13,Isuzu,Sale,36
2013-02-01,2012-13,Isuzu,Sale,6
2013-03-01,2012-13,Isuzu,Prod,44
2013-03-01,2012-13,Isuzu,Prod,20
2013-03-01,2012-13,Isuzu,Sale,34
2013-03-01,2012-13,Isuzu,Sale,17
2013-04-01,2012-13,Isuzu,Prod,40
2013-04-01,2012-13,Isuzu,Prod,24
2013-04-01,2012-13,Isuzu,Sale,6
2013-04-01,2012-13,Isuzu,Sale,10
2013-05-01,2012-13,Isuzu,Prod,8
2013-05-01,2012-13,Isuzu,Prod,0
2013-05-01,2012-13,Isuzu,Sale,14
2013-05-01,2012-13,Isuzu,Sale,16
2013-06-01,2012-13,Isuzu,Prod,22
2013-06-01,2012-13,Isuzu,Prod,0
2013-06-01,2012-13,Isuzu,Sale,65
2013-06-01,2012-13,Isuzu,Sale,2
2013-07-01,2013-14,Isuzu,Prod,54
2013-07-01,2013-14,Isuzu,Prod,6
2013-07-01,2013-14,Isuzu,Sale,22
2013-07-01,2013-14,Isuzu,Sale,3
2013-08-01,2013-14,Isuzu,Prod,30
2013-08-01,2013-14,Isuzu,Prod,0
2013-08-01,2013-14,Isuzu,Sale,15
2013-08-01,2013-14,Isuzu,Sale,1
2013-09-01,2013-14,Isuzu,Prod,12
2013-09-01,2013-14,Isuzu,Prod,19
2013-09-01,2013-14,Isuzu,Sale,34
2013-09-01,2013-14,Isuzu,Sale,13
2013-10-01,2013-14,Isuzu,Prod,42
2013-10-01,2013-14,Isuzu,Prod,12
2013-10-01,2013-14,Isuzu,Sale,19
2013-10-01,2013-14,Isuzu,Sale,10
2013-11-01,2013-14,Isuzu,Prod,50
2013-11-01,2013-14,Isuzu,Prod,0
2013-11-01,2013-14,Isuzu,Sale,40
2013-11-01,2013-14,Isuzu,Sale,4
2013-12-01,2013-14,Isuzu,Prod,37
2013-12-01,2013-14,Isuzu,Prod,0
2013-12-01,2013-14,Isuzu,Sale,55
2013-12-01,2013-14,Isuzu,Sale,0
2014-01-01,2013-14,Isuzu,Prod,75
2014-01-01,2013-14,Isuzu,Prod,6
2014-01-01,2013-14,Isuzu,Sale,80
2014-01-01,2013-14,Isuzu,Sale,5
2014-02-01,2013-14,Isuzu,Prod,72
2014-02-01,2013-14,Isuzu,Prod,0
2014-02-01,2013-14,Isuzu,Sale,43
2014-02-01,2013-14,Isuzu,Sale,7
2014-03-01,2013-14,Isuzu,Prod,44
2014-03-01,2013-14,Isuzu,Prod,0
2014-03-01,2013-14,Isuzu,Sale,54
2014-03-01,2013-14,Isuzu,Sale,1
2014-04-01,2013-14,Isuzu,Prod,33
2014-04-01,2013-14,Isuzu,Prod,0
2014-04-01,2013-14,Isuzu,Sale,58
2014-04-01,2013-14,Isuzu,Sale,4
2014-05-01,2013-14,Isuzu,Prod,70
2014-05-01,2013-14,Isuzu,Prod,0
2014-05-01,2013-14,Isuzu,Sale,69
2014-05-01,2013-14,Isuzu,Sale,1
2014-06-01,2013-14,Isuzu,Prod,78
2014-06-01,2013-14,Isuzu,Prod,18
2014-06-01,2013-14,Isuzu,Sale,91
2014-06-01,2013-14,Isuzu,Sale,21
2014-07-01,2014-15,Isuzu,Prod,73
2014-07-01,2014-15,Isuzu,Prod,6
2014-07-01,2014-15,Isuzu,Sale,41
2014-07-01,2014-15,Isuzu,Sale,0
2014-08-01,2014-15,Isuzu,Prod,67
2014-08-01,2014-15,Isuzu,Prod,6
2014-08-01,2014-15,Isuzu,Sale,50
2014-08-01,2014-15,Isuzu,Sale,0
2014-09-01,2014-15,Isuzu,Prod,126
2014-09-01,2014-15,Isuzu,Prod,12
2014-09-01,2014-15,Isuzu,Sale,133
2014-09-01,2014-15,Isuzu,Sale,17
2014-10-01,2014-15,Isuzu,Prod,80
2014-10-01,2014-15,Isuzu,Prod,0
2014-10-01,2014-15,Isuzu,Sale,50
2014-10-01,2014-15,Isuzu,Sale,0
2014-11-01,2014-15,Isuzu,Prod,33
2014-11-01,2014-15,Isuzu,Prod,6
2014-11-01,2014-15,Isuzu,Sale,48
2014-11-01,2014-15,Isuzu,Sale,2
2014-12-01,2014-15,Isuzu,Prod,62
2014-12-01,2014-15,Isuzu,Prod,8
2014-12-01,2014-15,Isuzu,Sale,54
2014-12-01,2014-15,Isuzu,Sale,11
2015-01-01,2014-15,Isuzu,Prod,75
2015-01-01,2014-15,Isuzu,Prod,12
2015-01-01,2014-15,Isuzu,Sale,66
2015-01-01,2014-15,Isuzu,Sale,4
2015-02-01,2014-15,Isuzu,Prod,20
2015-02-01,2014-15,Isuzu,Prod,0
2015-02-01,2014-15,Isuzu,Sale,57
2015-02-01,2014-15,Isuzu,Sale,3
2015-03-01,2014-15,Isuzu,Prod,92
2015-03-01,2014-15,Isuzu,Prod,0
2015-03-01,2014-15,Isuzu,Sale,79
2015-03-01,2014-15,Isuzu,Sale,1
2015-04-01,2014-15,Isuzu,Prod,48
2015-04-01,2014-15,Isuzu,Prod,12
2015-04-01,2014-15,Isuzu,Sale,70
2015-04-01,2014-15,Isuzu,Sale,1
2015-05-01,2014-15,Isuzu,Prod,168
2015-05-01,2014-15,Isuzu,Prod,18
2015-05-01,2014-15,Isuzu,Sale,98
2015-05-01,2014-15,Isuzu,Sale,10
2015-06-01,2014-15,Isuzu,Prod,78
2015-06-01,2014-15,Isuzu,Prod,0
2015-06-01,2014-15,Isuzu,Sale,192
2015-06-01,2014-15,Isuzu,Sale,33
2015-07-01,2015-16,Isuzu,Prod,54
2015-07-01,2015-16,Isuzu,Prod,6
2015-07-01,2015-16,Isuzu,Sale,48
2015-07-01,2015-16,Isuzu,Sale,2
2015-08-01,2015-16,Isuzu,Prod,102
2015-08-01,2015-16,Isuzu,Prod,30
2015-08-01,2015-16,Isuzu,Sale,91
2015-08-01,2015-16,Isuzu,Sale,9
2015-09-01,2015-16,Isuzu,Prod,108
2015-09-01,2015-16,Isuzu,Prod,6
2015-09-01,2015-16,Isuzu,Sale,123
2015-09-01,2015-16,Isuzu,Sale,10
2015-10-01,2015-16,Isuzu,Prod,129
2015-10-01,2015-16,Isuzu,Prod,12
2015-10-01,2015-16,Isuzu,Sale,92
2015-10-01,2015-16,Isuzu,Sale,9
2015-11-01,2015-16,Isuzu,Prod,126
2015-11-01,2015-16,Isuzu,Prod,12
2015-11-01,2015-16,Isuzu,Sale,80
2015-11-01,2015-16,Isuzu,Sale,21
2015-12-01,2015-16,Isuzu,Prod,99
2015-12-01,2015-16,Isuzu,Prod,18
2015-12-01,2015-16,Isuzu,Sale,91
2015-12-01,2015-16,Isuzu,Sale,13
2016-01-01,2015-16,Isuzu,Prod,91
2016-01-01,2015-16,Isuzu,Prod,6
2016-01-01,2015-16,Isuzu,Sale,102
2016-01-01,2015-16,Isuzu,Sale,18
2016-02-01,2015-16,Isuzu,Prod,168
2016-02-01,2015-16,Isuzu,Prod,30
2016-02-01,2015-16,Isuzu,Sale,115
2016-02-01,2015-16,Isuzu,Sale,10
2016-03-01,2015-16,Isuzu,Prod,86
2016-03-01,2015-16,Isuzu,Prod,6
2016-03-01,2015-16,Isuzu,Sale,131
2016-03-01,2015-16,Isuzu,Sale,9
2016-04-01,2015-16,Isuzu,Prod,166
2016-04-01,2015-16,Isuzu,Prod,30
2016-04-01,2015-16,Isuzu,Sale,135
2016-04-01,2015-16,Isuzu,Sale,25
2016-05-01,2015-16,Isuzu,Prod,135
2016-05-01,2015-16,Isuzu,Prod,30
2016-05-01,2015-16,Isuzu,Sale,176
2016-05-01,2015-16,Isuzu,Sale,26
2016-06-01,2015-16,Isuzu,Prod,201
2016-06-01,2015-16,Isuzu,Prod,12
2016-06-01,2015-16,Isuzu,Sale,214
2016-06-01,2015-16,Isuzu,Sale,16
2016-07-01,2016-17,Isuzu,Prod,133
2016-07-01,2016-17,Isuzu,Prod,12
2016-07-01,2016-17,Isuzu,Sale,192
2016-07-01,2016-17,Isuzu,Sale,10
2016-08-01,2016-17,Isuzu,Prod,188
2016-08-01,2016-17,Isuzu,Prod,24
2016-08-01,2016-17,Isuzu,Sale,176
2016-08-01,2016-17,Isuzu,Sale,8
2016-09-01,2016-17,Isuzu,Prod,201
2016-09-01,2016-17,Isuzu,Prod,36
2016-09-01,2016-17,Isuzu,Sale,117
2016-09-01,2016-17,Isuzu,Sale,13
2016-10-01,2016-17,Isuzu,Prod,258
2016-10-01,2016-17,Isuzu,Prod,54
2016-10-01,2016-17,Isuzu,Sale,141
2016-10-01,2016-17,Isuzu,Sale,29
2016-11-01,2016-17,Isuzu,Prod,336
2016-11-01,2016-17,Isuzu,Prod,30
2016-11-01,2016-17,Isuzu,Sale,181
2016-11-01,2016-17,Isuzu,Sale,20
2016-12-01,2016-17,Isuzu,Prod,282
2016-12-01,2016-17,Isuzu,Prod,36
2016-12-01,2016-17,Isuzu,Sale,204
2016-12-01,2016-17,Isuzu,Sale,23
2017-01-01,2016-17,Isuzu,Prod,182
2017-01-01,2016-17,Isuzu,Prod,18
2017-01-01,2016-17,Isuzu,Sale,265
2017-01-01,2016-17,Isuzu,Sale,38
2017-02-01,2016-17,Isuzu,Prod,148
2017-02-01,2016-17,Isuzu,Prod,12
2017-02-01,2016-17,Isuzu,Sale,231
2017-02-01,2016-17,Isuzu,Sale,19
2017-03-01,2016-17,Isuzu,Prod,168
2017-03-01,2016-17,Isuzu,Prod,12
2017-03-01,2016-17,Isuzu,Sale,242
2017-03-01,2016-17,Isuzu,Sale,8
2017-04-01,2016-17,Isuzu,Prod,318
2017-04-01,2016-17,Isuzu,Prod,0
2017-04-01,2016-17,Isuzu,Sale,295
2017-04-01,2016-17,Isuzu,Sale,29
2017-05-01,2016-17,Isuzu,Prod,396
2017-05-01,2016-17,Isuzu,Prod,24
2017-05-01,2016-17,Isuzu,Sale,282
2017-05-01,2016-17,Isuzu,Sale,43
2017-06-01,2016-17,Isuzu,Prod,252
2017-06-01,2016-17,Isuzu,Prod,0
2017-06-01,2016-17,Isuzu,Sale,314
2017-06-01,2016-17,Isuzu,Sale,23
2017-07-01,2017-18,Isuzu,Prod,255
2017-07-01,2017-18,Isuzu,Prod,12
2017-07-01,2017-18,Isuzu,Sale,306
2017-07-01,2017-18,Isuzu,Sale,0
2017-08-01,2017-18,Isuzu,Prod,386
2017-08-01,2017-18,Isuzu,Prod,18
2017-08-01,2017-18,Isuzu,Sale,298
2017-08-01,2017-18,Isuzu,Sale,2
2017-09-01,2017-18,Isuzu,Prod,409
2017-09-01,2017-18,Isuzu,Prod,30
2017-09-01,2017-18,Isuzu,Sale,277
2017-09-01,2017-18,Isuzu,Sale,3
2017-10-01,2017-18,Isuzu,Prod,282
2017-10-01,2017-18,Isuzu,Prod,17
2017-10-01,2017-18,Isuzu,Sale,288
2017-10-01,2017-18,Isuzu,Sale,12
2017-11-01,2017-18,Isuzu,Prod,239
2017-11-01,2017-18,Isuzu,Prod,0
2017-11-01,2017-18,Isuzu,Sale,270
2017-11-01,2017-18,Isuzu,Sale,3
2017-12-01,2017-18,Isuzu,Prod,235
2017-12-01,2017-18,Isuzu,Prod,0
2017-12-01,2017-18,Isuzu,Sale,228
2017-12-01,2017-18,Isuzu,Sale,23
2018-01-01,2017-18,Isuzu,Prod,336
2018-01-01,2017-18,Isuzu,Prod,0
2018-01-01,2017-18,Isuzu,Sale,397
2018-01-01,2017-18,Isuzu,Sale,4
2018-02-01,2017-18,Isuzu,Prod,264
2018-02-01,2017-18,Isuzu,Prod,0
2018-02-01,2017-18,Isuzu,Sale,286
2018-02-01,2017-18,Isuzu,Sale,16
2018-03-01,2017-18,Isuzu,Prod,363
2018-03-01,2017-18,Isuzu,Prod,28
2018-03-01,2017-18,Isuzu,Sale,340
2018-03-01,2017-18,Isuzu,Sale,10
2018-04-01,2017-18,Isuzu,Prod,314
2018-04-01,2017-18,Isuzu,Prod,12
2018-04-01,2017-18,Isuzu,Sale,395
2018-04-01,2017-18,Isuzu,Sale,11
2018-05-01,2017-18,Isuzu,Prod,330
2018-05-01,2017-18,Isuzu,Prod,12
2018-05-01,2017-18,Isuzu,Sale,380
2018-05-01,2017-18,Isuzu,Sale,21
2018-06-01,2017-18,Isuzu,Prod,373
2018-06-01,2017-18,Isuzu,Prod,30
2018-06-01,2017-18,Isuzu,Sale,413
2018-06-01,2017-18,Isuzu,Sale,17
2018-07-01,2018-19,Isuzu,Prod,360
2018-07-01,2018-19,Isuzu,Prod,36
2018-07-01,2018-19,Isuzu,Sale,261
2018-07-01,2018-19,Isuzu,Sale,39
2018-08-01,2018-19,Isuzu,Prod,234
2018-08-01,2018-19,Isuzu,Prod,36
2018-08-01,2018-19,Isuzu,Sale,255
2018-08-01,2018-19,Isuzu,Sale,46
2018-09-01,2018-19,Isuzu,Prod,372
2018-09-01,2018-19,Isuzu,Prod,24
2018-09-01,2018-19,Isuzu,Sale,285
2018-09-01,2018-19,Isuzu,Sale,5
2018-10-01,2018-19,Isuzu,Prod,384
2018-10-01,2018-19,Isuzu,Prod,24
2018-10-01,2018-19,Isuzu,Sale,298
2018-10-01,2018-19,Isuzu,Sale,5
2018-11-01,2018-19,Isuzu,Prod,265
2018-11-01,2018-19,Isuzu,Prod,24
2018-11-01,2018-19,Isuzu,Sale,276
2018-11-01,2018-19,Isuzu,Sale,4
2018-12-01,2018-19,Isuzu,Prod,234
2018-12-01,2018-19,Isuzu,Prod,18
2018-12-01,2018-19,Isuzu,Sale,116
2018-12-01,2018-19,Isuzu,Sale,73
2019-01-01,2018-19,Isuzu,Prod,264
2019-01-01,2018-19,Isuzu,Prod,0
2019-01-01,2018-19,Isuzu,Sale,251
2019-01-01,2018-19,Isuzu,Sale,1
2019-02-01,2018-19,Isuzu,Prod,210
2019-02-01,2018-19,Isuzu,Prod,0
2019-02-01,2018-19,Isuzu,Sale,246
2019-02-01,2018-19,Isuzu,Sale,5
2019-03-01,2018-19,Isuzu,Prod,179
2019-03-01,2018-19,Isuzu,Prod,0
2019-03-01,2018-19,Isuzu,Sale,245
2019-03-01,2018-19,Isuzu,Sale,6
2019-04-01,2018-19,Isuzu,Prod,185
2019-04-01,2018-19,Isuzu,Prod,31
2019-04-01,2018-19,Isuzu,Sale,189
2019-04-01,2018-19,Isuzu,Sale,12
2019-05-01,2018-19,Isuzu,Prod,180
2019-05-01,2018-19,Isuzu,Prod,12
2019-05-01,2018-19,Isuzu,Sale,192
2019-05-01,2018-19,Isuzu,Sale,10
2019-06-01,2018-19,Isuzu,Prod,114
2019-06-01,2018-19,Isuzu,Prod,12
2019-06-01,2018-19,Isuzu,Sale,187
2019-06-01,2018-19,Isuzu,Sale,13
2019-07-01,2019-20,Isuzu,Prod,185
2019-07-01,2019-20,Isuzu,Prod,0
2019-07-01,2019-20,Isuzu,Sale,252
2019-07-01,2019-20,Isuzu,Sale,56
2019-08-01,2019-20,Isuzu,Prod,77
2019-08-01,2019-20,Isuzu,Prod,11
2019-08-01,2019-20,Isuzu,Sale,68
2019-08-01,2019-20,Isuzu,Sale,7
2019-09-01,2019-20,Isuzu,Prod,84
2019-09-01,2019-20,Isuzu,Prod,6
2019-09-01,2019-20,Isuzu,Sale,68
2019-09-01,2019-20,Isuzu,Sale,3
2019-10-01,2019-20,Isuzu,Prod,190
2019-10-01,2019-20,Isuzu,Prod,24
2019-10-01,2019-20,Isuzu,Sale,80
2019-10-01,2019-20,Isuzu,Sale,5
2019-11-01,2019-20,Isuzu,Prod,159
2019-11-01,2019-20,Isuzu,Prod,12
2019-11-01,2019-20,Isuzu,Sale,163
2019-11-01,2019-20,Isuzu,Sale,12
2019-12-01,2019-20,Isuzu,Prod,150
2019-12-01,2019-20,Isuzu,Prod,0
2019-12-01,2019-20,Isuzu,Sale,146
2019-12-01,2019-20,Isuzu,Sale,16
2020-01-01,2019-20,Isuzu,Prod,169
2020-01-01,2019-20,Isuzu,Prod,0
2020-01-01,2019-20,Isuzu,Sale,208
2020-01-01,2019-20,Isuzu,Sale,10
2020-02-01,2019-20,Isuzu,Prod,217
2020-02-01,2019-20,Isuzu,Prod,18
2020-02-01,2019-20,Isuzu,Sale,195
2020-02-01,2019-20,Isuzu,Sale,6
2020-03-01,2019-20,Isuzu,Prod,158
2020-03-01,2019-20,Isuzu,Prod,0
2020-03-01,2019-20,Isuzu,Sale,165
2020-03-01,2019-20,Isuzu,Sale,2
2020-04-01,2019-20,Isuzu,Prod,0
2020-04-01,2019-20,Isuzu,Prod,0
2020-04-01,2019-20,Isuzu,Sale,22
2020-04-01,2019-20,Isuzu,Sale,3
2020-05-01,2019-20,Isuzu,Prod,0
2020-05-01,2019-20,Isuzu,Prod,0
2020-05-01,2019-20,Isuzu,Sale,56
2020-05-01,2019-20,Isuzu,Sale,0
2020-06-01,2019-20,Isuzu,Prod,92
2020-06-01,2019-20,Isuzu,Prod,24
2020-06-01,2019-20,Isuzu,Sale,159
2020-06-01,2019-20,Isuzu,Sale,0
2017-07-01,2017-18,JAC,Prod,0
2017-07-01,2017-18,JAC,Sale,0
2017-08-01,2017-18,JAC,Prod,0
2017-08-01,2017-18,JAC,Sale,0
2017-09-01,2017-18,JAC,Prod,0
2017-09-01,2017-18,JAC,Sale,0
2017-10-01,2017-18,JAC,Prod,0
2017-10-01,2017-18,JAC,Sale,0
2017-11-01,2017-18,JAC,Prod,0
2017-11-01,2017-18,JAC,Sale,0
2017-12-01,2017-18,JAC,Prod,0
2017-12-01,2017-18,JAC,Sale,0
2018-01-01,2017-18,JAC,Prod,0
2018-01-01,2017-18,JAC,Sale,0
2018-02-01,2017-18,JAC,Prod,0
2018-02-01,2017-18,JAC,Sale,0
2018-03-01,2017-18,JAC,Prod,108
2018-03-01,2017-18,JAC,Sale,4
2018-04-01,2017-18,JAC,Prod,175
2018-04-01,2017-18,JAC,Sale,44
2018-05-01,2017-18,JAC,Prod,75
2018-05-01,2017-18,JAC,Sale,65
2018-06-01,2017-18,JAC,Prod,1
2018-06-01,2017-18,JAC,Sale,47
2018-07-01,2018-19,JAC,Prod,72
2018-07-01,2018-19,JAC,Sale,56
2018-08-01,2018-19,JAC,Prod,0
2018-08-01,2018-19,JAC,Sale,74
2018-09-01,2018-19,JAC,Prod,72
2018-09-01,2018-19,JAC,Sale,75
2018-10-01,2018-19,JAC,Prod,0
2018-10-01,2018-19,JAC,Sale,84
2018-11-01,2018-19,JAC,Prod,36
2018-11-01,2018-19,JAC,Sale,65
2018-12-01,2018-19,JAC,Prod,27
2018-12-01,2018-19,JAC,Sale,22
2019-01-01,2018-19,JAC,Prod,45
2019-01-01,2018-19,JAC,Sale,25
2019-02-01,2018-19,JAC,Prod,91
2019-02-01,2018-19,JAC,Sale,51
2019-03-01,2018-19,JAC,Prod,17
2019-03-01,2018-19,JAC,Sale,50
2019-04-01,2018-19,JAC,Prod,48
2019-04-01,2018-19,JAC,Sale,33
2019-05-01,2018-19,JAC,Prod,24
2019-05-01,2018-19,JAC,Sale,40
2019-06-01,2018-19,JAC,Prod,36
2019-06-01,2018-19,JAC,Sale,36
2019-07-01,2019-20,JAC,Prod,0
2019-07-01,2019-20,JAC,Sale,0
2019-08-01,2019-20,JAC,Prod,18
2019-08-01,2019-20,JAC,Sale,0
2019-09-01,2019-20,JAC,Prod,0
2019-09-01,2019-20,JAC,Sale,0
2019-10-01,2019-20,JAC,Prod,0
2019-10-01,2019-20,JAC,Sale,4
2019-11-01,2019-20,JAC,Prod,0
2019-11-01,2019-20,JAC,Sale,6
2019-12-01,2019-20,JAC,Prod,0
2019-12-01,2019-20,JAC,Sale,3
2020-01-01,2019-20,JAC,Prod,16
2020-01-01,2019-20,JAC,Sale,7
2020-02-01,2019-20,JAC,Prod,10
2020-02-01,2019-20,JAC,Sale,11
2020-03-01,2019-20,JAC,Prod,10
2020-03-01,2019-20,JAC,Sale,2
2020-04-01,2019-20,JAC,Prod,0
2020-04-01,2019-20,JAC,Sale,0
2020-05-01,2019-20,JAC,Prod,0
2020-05-01,2019-20,JAC,Sale,8
2020-06-01,2019-20,JAC,Prod,18
2020-06-01,2019-20,JAC,Sale,3
2020-07-01,2020-21,JAC,Prod,12
2020-07-01,2020-21,JAC,Sale,12
2020-08-01,2020-21,JAC,Prod,24
2020-08-01,2020-21,JAC,Sale,15
2020-09-01,2020-21,JAC,Prod,0
2020-09-01,2020-21,JAC,Sale,27
2020-10-01,2020-21,JAC,Prod,0
2020-10-01,2020-21,JAC,Sale,6
2020-11-01,2020-21,JAC,Prod,35
2020-11-01,2020-21,JAC,Sale,12
2020-12-01,2020-21,JAC,Prod,54
2020-12-01,2020-21,JAC,Sale,21
2021-01-01,2020-21,JAC,Prod,36
2021-01-01,2020-21,JAC,Sale,34
2021-02-01,2020-21,JAC,Prod,0
2021-02-01,2020-21,JAC,Sale,36
2021-03-01,2020-21,JAC,Prod,0
2021-03-01,2020-21,JAC,Sale,19
2021-04-01,2020-21,JAC,Prod,36
2021-04-01,2020-21,JAC,Sale,4
2021-05-01,2020-21,JAC,Prod,36
2021-05-01,2020-21,JAC,Sale,16
2021-06-01,2020-21,JAC,Prod,36
2021-06-01,2020-21,JAC,Sale,21
2021-07-01,2021-22,JAC,Prod,0
2021-07-01,2021-22,JAC,Sale,18
2021-08-01,2021-22,JAC,Prod,18
2021-08-01,2021-22,JAC,Sale,22
2021-09-01,2021-22,JAC,Prod,0
2021-09-01,2021-22,JAC,Sale,22
2021-10-01,2021-22,JAC,Prod,18
2021-10-01,2021-22,JAC,Sale,13
2021-11-01,2021-22,JAC,Prod,72
2021-11-01,2021-22,JAC,Sale,16
2021-12-01,2021-22,JAC,Prod,0
2021-12-01,2021-22,JAC,Sale,21
2022-01-01,2021-22,JAC,Prod,36
2022-01-01,2021-22,JAC,Sale,62
2022-02-01,2021-22,JAC,Prod,36
2022-02-01,2021-22,JAC,Sale,17
2022-03-01,2021-22,JAC,Prod,0
2022-03-01,2021-22,JAC,Sale,25
2022-04-01,2021-22,JAC,Prod,0
2022-04-01,2021-22,JAC,Sale,21
2022-05-01,2021-22,JAC,Prod,36
2022-05-01,2021-22,JAC,Sale,27
2022-06-01,2021-22,JAC,Prod,31
2022-06-01,2021-22,JAC,Sale,25
2022-07-01,2022-23,JAC,Prod,18
2022-07-01,2022-23,JAC,Sale,10
2022-08-01,2022-23,JAC,Prod,18
2022-08-01,2022-23,JAC,Sale,12
2022-09-01,2022-23,JAC,Prod,0
2022-09-01,2022-23,JAC,Sale,6
2022-10-01,2022-23,JAC,Prod,18
2022-10-01,2022-23,JAC,Sale,19
2022-11-01,2022-23,JAC,Prod,18
2022-11-01,2022-23,JAC,Sale,4
2022-12-01,2022-23,JAC,Prod,18
2022-12-01,2022-23,JAC,Sale,40
2023-01-01,2022-23,JAC,Prod,0
2023-01-01,2022-23,JAC,Sale,15
2023-02-01,2022-23,JAC,Prod,14
2023-02-01,2022-23,JAC,Sale,18
2023-03-01,2022-23,JAC,Prod,18
2023-03-01,2022-23,JAC,Sale,22
2023-04-01,2022-23,JAC,Prod,0
2023-04-01,2022-23,JAC,Sale,4
2023-05-01,2022-23,JAC,Prod,19
2023-05-01,2022-23,JAC,Sale,7
2023-06-01,2022-23,JAC,Prod,19
2023-06-01,2022-23,JAC,Sale,7
2023-07-01,2023-24,JAC,Prod,0
2023-07-01,2023-24,JAC,Sale,3
2023-08-01,2023-24,JAC,Prod,0
2023-08-01,2023-24,JAC,Sale,4
2023-09-01,2023-24,JAC,Prod,32
2023-09-01,2023-24,JAC,Sale,22
2023-10-01,2023-24,JAC,Prod,0
2023-10-01,2023-24,JAC,Sale,6
2023-11-01,2023-24,JAC,Prod,0
2023-11-01,2023-24,JAC,Sale,6
2023-12-01,2023-24,JAC,Prod,0
2023-12-01,2023-24,JAC,Sale,8
2024-01-01,2023-24,JAC,Prod,0
2024-01-01,2023-24,JAC,Sale,11
2024-02-01,2023-24,JAC,Prod,32
2024-02-01,2023-24,JAC,Sale,31
2024-03-01,2023-24,JAC,Prod,18
2024-03-01,2023-24,JAC,Sale,19
2024-04-01,2023-24,JAC,Prod,32
2024-04-01,2023-24,JAC,Sale,12
2024-05-01,2023-24,JAC,Prod,18
2024-05-01,2023-24,JAC,Sale,17
2024-06-01,2023-24,JAC,Prod,18
2024-06-01,2023-24,JAC,Sale,25
2024-07-01,2024-25,JAC,Prod,14
2024-07-01,2024-25,JAC,Sale,13
2024-08-01,2024-25,JAC,Prod,0
2024-08-01,2024-25,JAC,Sale,5
2024-09-01,2024-25,JAC,Prod,0
2024-09-01,2024-25,JAC,Sale,8
2024-10-01,2024-25,JAC,Prod,32
2024-10-01,2024-25,JAC,Sale,19
2024-11-01,2024-25,JAC,Prod,18
2024-11-01,2024-25,JAC,Sale,13
2024-12-01,2024-25,JAC,Prod,0
2024-12-01,2024-25,JAC,Sale,14
2025-01-01,2024-25,JAC,Prod,36
2025-01-01,2024-25,JAC,Sale,26
2025-02-01,2024-25,JAC,Prod,14
2025-02-01,2024-25,JAC,Sale,16
2025-03-01,2024-25,JAC,Prod,14
2025-03-01,2024-25,JAC,Sale,10
2025-04-01,2024-25,JAC,Prod,38
2025-04-01,2024-25,JAC,Sale,43
2025-05-01,2024-25,JAC,Prod,18
2025-05-01,2024-25,JAC,Sale,28
2025-06-01,2024-25,JAC,Prod,12
2025-06-01,2024-25,JAC,Sale,3
2021-07-01,2021-22,JAC X-200,Prod,72
2021-07-01,2021-22,JAC X-200,Sale,52
2021-08-01,2021-22,JAC X-200,Prod,36
2021-08-01,2021-22,JAC X-200,Sale,63
2021-09-01,2021-22,JAC X-200,Prod,144
2021-09-01,2021-22,JAC X-200,Sale,91
2021-10-01,2021-22,JAC X-200,Prod,144
2021-10-01,2021-22,JAC X-200,Sale,112
2021-11-01,2021-22,JAC X-200,Prod,86
2021-11-01,2021-22,JAC X-200,Sale,75
2021-12-01,2021-22,JAC X-200,Prod,22
2021-12-01,2021-22,JAC X-200,Sale,86
2022-01-01,2021-22,JAC X-200,Prod,70
2022-01-01,2021-22,JAC X-200,Sale,70
2022-02-01,2021-22,JAC X-200,Prod,70
2022-02-01,2021-22,JAC X-200,Sale,84
2022-03-01,2021-22,JAC X-200,Prod,140
2022-03-01,2021-22,JAC X-200,Sale,79
2022-04-01,2021-22,JAC X-200,Prod,35
2022-04-01,2021-22,JAC X-200,Sale,66
2022-05-01,2021-22,JAC X-200,Prod,70
2022-05-01,2021-22,JAC X-200,Sale,66
2022-06-01,2021-22,JAC X-200,Prod,105
2022-06-01,2021-22,JAC X-200,Sale,87
2022-07-01,2022-23,JAC X-200,Prod,70
2022-07-01,2022-23,JAC X-200,Sale,55
2022-08-01,2022-23,JAC X-200,Prod,35
2022-08-01,2022-23,JAC X-200,Sale,72
2022-09-01,2022-23,JAC X-200,Prod,35
2022-09-01,2022-23,JAC X-200,Sale,56
2022-10-01,2022-23,JAC X-200,Prod,70
2022-10-01,2022-23,JAC X-200,Sale,51
2022-11-01,2022-23,JAC X-200,Prod,70
2022-11-01,2022-23,JAC X-200,Sale,76
2022-12-01,2022-23,JAC X-200,Prod,70
2022-12-01,2022-23,JAC X-200,Sale,35
2023-01-01,2022-23,JAC X-200,Prod,70
2023-01-01,2022-23,JAC X-200,Sale,58
2023-02-01,2022-23,JAC X-200,Prod,0
2023-02-01,2022-23,JAC X-200,Sale,66
2023-03-01,2022-23,JAC X-200,Prod,0
2023-03-01,2022-23,JAC X-200,Sale,21
2023-04-01,2022-23,JAC X-200,Prod,0
2023-04-01,2022-23,JAC X-200,Sale,2
2023-05-01,2022-23,JAC X-200,Prod,0
2023-05-01,2022-23,JAC X-200,Sale,2
2023-06-01,2022-23,JAC X-200,Prod,71
2023-06-01,2022-23,JAC X-200,Sale,62
2023-07-01,2023-24,JAC X-200,Prod,70
2023-07-01,2023-24,JAC X-200,Sale,66
2023-08-01,2023-24,JAC X-200,Prod,0
2023-08-01,2023-24,JAC X-200,Sale,8
2023-09-01,2023-24,JAC X-200,Prod,10
2023-09-01,2023-24,JAC X-200,Sale,13
2023-10-01,2023-24,JAC X-200,Prod,130
2023-10-01,2023-24,JAC X-200,Sale,59
2023-11-01,2023-24,JAC X-200,Prod,31
2023-11-01,2023-24,JAC X-200,Sale,58
2023-12-01,2023-24,JAC X-200,Prod,39
2023-12-01,2023-24,JAC X-200,Sale,77
2024-01-01,2023-24,JAC X-200,Prod,70
2024-01-01,2023-24,JAC X-200,Sale,73
2024-02-01,2023-24,JAC X-200,Prod,70
2024-02-01,2023-24,JAC X-200,Sale,69
2024-03-01,2023-24,JAC X-200,Prod,70
2024-03-01,2023-24,JAC X-200,Sale,72
2024-04-01,2023-24,JAC X-200,Prod,70
2024-04-01,2023-24,JAC X-200,Sale,68
2024-05-01,2023-24,JAC X-200,Prod,139
2024-05-01,2023-24,JAC X-200,Sale,88
2024-06-01,2023-24,JAC X-200,Prod,35
2024-06-01,2023-24,JAC X-200,Sale,76
2024-07-01,2024-25,JAC X-200                                Ghandhara,Prod,130
2024-07-01,2024-25,JAC X-200                                Ghandhara,Sale,102
2024-08-01,2024-25,JAC X-200                                Ghandhara,Prod,115
2024-08-01,2024-25,JAC X-200                                Ghandhara,Sale,95
2024-09-01,2024-25,JAC X-200                                Ghandhara,Prod,0
2024-09-01,2024-25,JAC X-200                                Ghandhara,Sale,48
2024-10-01,2024-25,JAC X-200                                Ghandhara,Prod,141
2024-10-01,2024-25,JAC X-200                                Ghandhara,Sale,125
2024-11-01,2024-25,JAC X-200                                Ghandhara,Prod,70
2024-11-01,2024-25,JAC X-200                                Ghandhara,Sale,87
2024-12-01,2024-25,JAC X-200                                Ghandhara,Prod,70
2024-12-01,2024-25,JAC X-200                                Ghandhara,Sale,51
2025-01-01,2024-25,JAC X-200                                Ghandhara,Prod,105
2025-01-01,2024-25,JAC X-200                                Ghandhara,Sale,131
2025-02-01,2024-25,JAC X-200                                Ghandhara,Prod,175
2025-02-01,2024-25,JAC X-200                                Ghandhara,Sale,121
2025-03-01,2024-25,JAC X-200                                Ghandhara,Prod,105
2025-03-01,2024-25,JAC X-200                                Ghandhara,Sale,76
2025-04-01,2024-25,JAC X-200                                Ghandhara,Prod,105
2025-04-01,2024-25,JAC X-200                                Ghandhara,Sale,158
2025-05-01,2024-25,JAC X-200                                Ghandhara,Prod,105
2025-05-01,2024-25,JAC X-200                                Ghandhara,Sale,117
2025-06-01,2024-25,JAC X-200                                Ghandhara,Prod,175
2025-06-01,2024-25,JAC X-200                                Ghandhara,Sale,163
2019-07-01,2019-20,JAC X200,Prod,71
2019-07-01,2019-20,JAC X200,Sale,51
2019-08-01,2019-20,JAC X200,Prod,36
2019-08-01,2019-20,JAC X200,Sale,56
2019-09-01,2019-20,JAC X200,Prod,0
2019-09-01,2019-20,JAC X200,Sale,31
2019-10-01,2019-20,JAC X200,Prod,72
2019-10-01,2019-20,JAC X200,Sale,29
2019-11-01,2019-20,JAC X200,Prod,36
2019-11-01,2019-20,JAC X200,Sale,30
2019-12-01,2019-20,JAC X200,Prod,36
2019-12-01,2019-20,JAC X200,Sale,17
2020-01-01,2019-20,JAC X200,Prod,36
2020-01-01,2019-20,JAC X200,Sale,67
2020-02-01,2019-20,JAC X200,Prod,35
2020-02-01,2019-20,JAC X200,Sale,44
2020-03-01,2019-20,JAC X200,Prod,0
2020-03-01,2019-20,JAC X200,Sale,8
2020-04-01,2019-20,JAC X200,Prod,0
2020-04-01,2019-20,JAC X200,Sale,6
2020-05-01,2019-20,JAC X200,Prod,0
2020-05-01,2019-20,JAC X200,Sale,10
2020-06-01,2019-20,JAC X200,Prod,37
2020-06-01,2019-20,JAC X200,Sale,43
2020-07-01,2020-21,JAC X200,Prod,72
2020-07-01,2020-21,JAC X200,Sale,52
2020-08-01,2020-21,JAC X200,Prod,0
2020-08-01,2020-21,JAC X200,Sale,42
2020-09-01,2020-21,JAC X200,Prod,72
2020-09-01,2020-21,JAC X200,Sale,66
2020-10-01,2020-21,JAC X200,Prod,0
2020-10-01,2020-21,JAC X200,Sale,6
2020-11-01,2020-21,JAC X200,Prod,108
2020-11-01,2020-21,JAC X200,Sale,76
2020-12-01,2020-21,JAC X200,Prod,108
2020-12-01,2020-21,JAC X200,Sale,66
2021-01-01,2020-21,JAC X200,Prod,24
2021-01-01,2020-21,JAC X200,Sale,55
2021-02-01,2020-21,JAC X200,Prod,84
2021-02-01,2020-21,JAC X200,Sale,64
2021-03-01,2020-21,JAC X200,Prod,0
2021-03-01,2020-21,JAC X200,Sale,61
2021-04-01,2020-21,JAC X200,Prod,96
2021-04-01,2020-21,JAC X200,Sale,59
2021-05-01,2020-21,JAC X200,Prod,11
2021-05-01,2020-21,JAC X200,Sale,45
2021-06-01,2020-21,JAC X200,Prod,145
2021-06-01,2020-21,JAC X200,Sale,140
2020-07-01,2020-21,MASTER,Prod,79
2020-07-01,2020-21,MASTER,Prod,9
2020-07-01,2020-21,MASTER,Sale,68
2020-07-01,2020-21,MASTER,Sale,15
2020-08-01,2020-21,MASTER,Prod,64
2020-08-01,2020-21,MASTER,Prod,15
2020-08-01,2020-21,MASTER,Sale,61
2020-08-01,2020-21,MASTER,Sale,28
2020-09-01,2020-21,MASTER,Prod,102
2020-09-01,2020-21,MASTER,Prod,35
2020-09-01,2020-21,MASTER,Sale,94
2020-09-01,2020-21,MASTER,Sale,26
2020-10-01,2020-21,MASTER,Prod,73
2020-10-01,2020-21,MASTER,Prod,29
2020-10-01,2020-21,MASTER,Sale,72
2020-10-01,2020-21,MASTER,Sale,18
2020-11-01,2020-21,MASTER,Prod,63
2020-11-01,2020-21,MASTER,Prod,27
2020-11-01,2020-21,MASTER,Sale,58
2020-11-01,2020-21,MASTER,Sale,17
2020-12-01,2020-21,MASTER,Prod,62
2020-12-01,2020-21,MASTER,Prod,13
2020-12-01,2020-21,MASTER,Sale,72
2020-12-01,2020-21,MASTER,Sale,10
2021-01-01,2020-21,MASTER,Prod,75
2021-01-01,2020-21,MASTER,Prod,39
2021-01-01,2020-21,MASTER,Sale,63
2021-01-01,2020-21,MASTER,Sale,58
2021-02-01,2020-21,MASTER,Prod,79
2021-02-01,2020-21,MASTER,Prod,35
2021-02-01,2020-21,MASTER,Sale,59
2021-02-01,2020-21,MASTER,Sale,46
2021-03-01,2020-21,MASTER,Prod,113
2021-03-01,2020-21,MASTER,Prod,38
2021-03-01,2020-21,MASTER,Sale,104
2021-03-01,2020-21,MASTER,Sale,47
2021-04-01,2020-21,MASTER,Prod,90
2021-04-01,2020-21,MASTER,Prod,31
2021-04-01,2020-21,MASTER,Sale,71
2021-04-01,2020-21,MASTER,Sale,39
2021-05-01,2020-21,MASTER,Prod,81
2021-05-01,2020-21,MASTER,Prod,22
2021-05-01,2020-21,MASTER,Sale,72
2021-05-01,2020-21,MASTER,Sale,24
2021-06-01,2020-21,MASTER,Prod,197
2021-06-01,2020-21,MASTER,Prod,26
2021-06-01,2020-21,MASTER,Sale,103
2021-06-01,2020-21,MASTER,Sale,27
2021-07-01,2021-22,MASTER,Prod,153
2021-07-01,2021-22,MASTER,Prod,26
2021-07-01,2021-22,MASTER,Sale,231
2021-07-01,2021-22,MASTER,Sale,27
2021-08-01,2021-22,MASTER,Prod,130
2021-08-01,2021-22,MASTER,Prod,18
2021-08-01,2021-22,MASTER,Sale,165
2021-08-01,2021-22,MASTER,Sale,30
2021-09-01,2021-22,MASTER,Prod,237
2021-09-01,2021-22,MASTER,Prod,26
2021-09-01,2021-22,MASTER,Sale,161
2021-09-01,2021-22,MASTER,Sale,19
2021-10-01,2021-22,MASTER,Prod,134
2021-10-01,2021-22,MASTER,Prod,22
2021-10-01,2021-22,MASTER,Sale,134
2021-10-01,2021-22,MASTER,Sale,27
2021-11-01,2021-22,MASTER,Prod,103
2021-11-01,2021-22,MASTER,Prod,28
2021-11-01,2021-22,MASTER,Sale,165
2021-11-01,2021-22,MASTER,Sale,24
2021-12-01,2021-22,MASTER,Prod,69
2021-12-01,2021-22,MASTER,Prod,24
2021-12-01,2021-22,MASTER,Sale,63
2021-12-01,2021-22,MASTER,Sale,14
2022-01-01,2021-22,MASTER,Prod,147
2022-01-01,2021-22,MASTER,Prod,35
2022-01-01,2021-22,MASTER,Sale,149
2022-01-01,2021-22,MASTER,Sale,56
2022-02-01,2021-22,MASTER,Prod,129
2022-02-01,2021-22,MASTER,Prod,34
2022-02-01,2021-22,MASTER,Sale,124
2022-02-01,2021-22,MASTER,Sale,35
2022-03-01,2021-22,MASTER,Prod,121
2022-03-01,2021-22,MASTER,Prod,46
2022-03-01,2021-22,MASTER,Sale,156
2022-03-01,2021-22,MASTER,Sale,39
2022-04-01,2021-22,MASTER,Prod,55
2022-04-01,2021-22,MASTER,Prod,39
2022-04-01,2021-22,MASTER,Sale,105
2022-04-01,2021-22,MASTER,Sale,41
2022-05-01,2021-22,MASTER,Prod,107
2022-05-01,2021-22,MASTER,Prod,25
2022-05-01,2021-22,MASTER,Sale,129
2022-05-01,2021-22,MASTER,Sale,30
2022-06-01,2021-22,MASTER,Prod,97
2022-06-01,2021-22,MASTER,Prod,46
2022-06-01,2021-22,MASTER,Sale,149
2022-06-01,2021-22,MASTER,Sale,71
2022-07-01,2022-23,MASTER,Prod,111
2022-07-01,2022-23,MASTER,Prod,31
2022-07-01,2022-23,MASTER,Sale,35
2022-07-01,2022-23,MASTER,Sale,13
2022-08-01,2022-23,MASTER,Prod,63
2022-08-01,2022-23,MASTER,Prod,29
2022-08-01,2022-23,MASTER,Sale,70
2022-08-01,2022-23,MASTER,Sale,15
2022-09-01,2022-23,MASTER,Prod,101
2022-09-01,2022-23,MASTER,Prod,30
2022-09-01,2022-23,MASTER,Sale,80
2022-09-01,2022-23,MASTER,Sale,33
2022-10-01,2022-23,MASTER,Prod,102
2022-10-01,2022-23,MASTER,Prod,26
2022-10-01,2022-23,MASTER,Sale,84
2022-10-01,2022-23,MASTER,Sale,27
2022-11-01,2022-23,MASTER,Prod,68
2022-11-01,2022-23,MASTER,Prod,21
2022-11-01,2022-23,MASTER,Sale,71
2022-11-01,2022-23,MASTER,Sale,5
2022-12-01,2022-23,MASTER,Prod,59
2022-12-01,2022-23,MASTER,Prod,14
2022-12-01,2022-23,MASTER,Sale,32
2022-12-01,2022-23,MASTER,Sale,10
2023-01-01,2022-23,MASTER,Prod,100
2023-01-01,2022-23,MASTER,Prod,30
2023-01-01,2022-23,MASTER,Sale,104
2023-01-01,2022-23,MASTER,Sale,55
2023-02-01,2022-23,MASTER,Prod,75
2023-02-01,2022-23,MASTER,Prod,24
2023-02-01,2022-23,MASTER,Sale,179
2023-02-01,2022-23,MASTER,Sale,40
2023-03-01,2022-23,MASTER,Prod,76
2023-03-01,2022-23,MASTER,Prod,20
2023-03-01,2022-23,MASTER,Sale,148
2023-03-01,2022-23,MASTER,Sale,11
2023-04-01,2022-23,MASTER,Prod,74
2023-04-01,2022-23,MASTER,Prod,16
2023-04-01,2022-23,MASTER,Sale,82
2023-04-01,2022-23,MASTER,Sale,8
2023-05-01,2022-23,MASTER,Prod,90
2023-05-01,2022-23,MASTER,Prod,15
2023-05-01,2022-23,MASTER,Sale,38
2023-05-01,2022-23,MASTER,Sale,19
2023-06-01,2022-23,MASTER,Prod,69
2023-06-01,2022-23,MASTER,Prod,20
2023-06-01,2022-23,MASTER,Sale,48
2023-06-01,2022-23,MASTER,Sale,27
2023-07-01,2023-24,MASTER,Prod,59
2023-07-01,2023-24,MASTER,Prod,4
2023-07-01,2023-24,MASTER,Sale,101
2023-07-01,2023-24,MASTER,Sale,4
2023-08-01,2023-24,MASTER,Prod,30
2023-08-01,2023-24,MASTER,Prod,11
2023-08-01,2023-24,MASTER,Sale,50
2023-08-01,2023-24,MASTER,Sale,10
2023-09-01,2023-24,MASTER,Prod,56
2023-09-01,2023-24,MASTER,Prod,8
2023-09-01,2023-24,MASTER,Sale,48
2023-09-01,2023-24,MASTER,Sale,7
2023-10-01,2023-24,MASTER,Prod,42
2023-10-01,2023-24,MASTER,Prod,25
2023-10-01,2023-24,MASTER,Sale,19
2023-10-01,2023-24,MASTER,Sale,13
2023-11-01,2023-24,MASTER,Prod,19
2023-11-01,2023-24,MASTER,Prod,6
2023-11-01,2023-24,MASTER,Sale,46
2023-11-01,2023-24,MASTER,Sale,2
2023-12-01,2023-24,MASTER,Prod,17
2023-12-01,2023-24,MASTER,Prod,23
2023-12-01,2023-24,MASTER,Sale,11
2023-12-01,2023-24,MASTER,Sale,0
2024-01-01,2023-24,MASTER,Prod,29
2024-01-01,2023-24,MASTER,Prod,29
2024-01-01,2023-24,MASTER,Sale,64
2024-01-01,2023-24,MASTER,Sale,57
2024-02-01,2023-24,MASTER,Prod,16
2024-02-01,2023-24,MASTER,Prod,20
2024-02-01,2023-24,MASTER,Sale,19
2024-02-01,2023-24,MASTER,Sale,34
2024-03-01,2023-24,MASTER,Prod,54
2024-03-01,2023-24,MASTER,Prod,25
2024-03-01,2023-24,MASTER,Sale,33
2024-03-01,2023-24,MASTER,Sale,28
2024-04-01,2023-24,MASTER,Prod,16
2024-04-01,2023-24,MASTER,Prod,20
2024-04-01,2023-24,MASTER,Sale,34
2024-04-01,2023-24,MASTER,Sale,17
2024-05-01,2023-24,MASTER,Prod,89
2024-05-01,2023-24,MASTER,Prod,32
2024-05-01,2023-24,MASTER,Sale,57
2024-05-01,2023-24,MASTER,Sale,30
2024-06-01,2023-24,MASTER,Prod,97
2024-06-01,2023-24,MASTER,Prod,28
2024-06-01,2023-24,MASTER,Sale,99
2024-06-01,2023-24,MASTER,Sale,29
2024-07-01,2024-25,MASTER,Prod,67
2024-07-01,2024-25,MASTER,Prod,36
2024-07-01,2024-25,MASTER,Sale,47
2024-07-01,2024-25,MASTER,Sale,39
2024-08-01,2024-25,MASTER,Prod,44
2024-08-01,2024-25,MASTER,Prod,47
2024-08-01,2024-25,MASTER,Sale,44
2024-08-01,2024-25,MASTER,Sale,33
2024-09-01,2024-25,MASTER,Prod,49
2024-09-01,2024-25,MASTER,Prod,36
2024-09-01,2024-25,MASTER,Sale,32
2024-09-01,2024-25,MASTER,Sale,31
2024-10-01,2024-25,MASTER,Prod,60
2024-10-01,2024-25,MASTER,Prod,28
2024-10-01,2024-25,MASTER,Sale,79
2024-10-01,2024-25,MASTER,Sale,28
2024-11-01,2024-25,MASTER,Prod,95
2024-11-01,2024-25,MASTER,Prod,20
2024-11-01,2024-25,MASTER,Sale,68
2024-11-01,2024-25,MASTER,Sale,23
2024-12-01,2024-25,MASTER,Prod,57
2024-12-01,2024-25,MASTER,Prod,15
2024-12-01,2024-25,MASTER,Sale,41
2024-12-01,2024-25,MASTER,Sale,13
2025-01-01,2024-25,MASTER,Prod,53
2025-01-01,2024-25,MASTER,Prod,37
2025-01-01,2024-25,MASTER,Sale,106
2025-01-01,2024-25,MASTER,Sale,46
2025-02-01,2024-25,MASTER,Prod,108
2025-02-01,2024-25,MASTER,Prod,35
2025-02-01,2024-25,MASTER,Sale,103
2025-02-01,2024-25,MASTER,Sale,36
2025-03-01,2024-25,MASTER,Prod,100
2025-03-01,2024-25,MASTER,Prod,32
2025-03-01,2024-25,MASTER,Sale,115
2025-03-01,2024-25,MASTER,Sale,34
2025-04-01,2024-25,MASTER,Prod,104
2025-04-01,2024-25,MASTER,Prod,62
2025-04-01,2024-25,MASTER,Sale,102
2025-04-01,2024-25,MASTER,Sale,50
2025-05-01,2024-25,MASTER,Prod,147
2025-05-01,2024-25,MASTER,Prod,46
2025-05-01,2024-25,MASTER,Sale,104
2025-05-01,2024-25,MASTER,Sale,46
2025-06-01,2024-25,MASTER,Prod,140
2025-06-01,2024-25,MASTER,Prod,33
2025-06-01,2024-25,MASTER,Sale,175
2025-06-01,2024-25,MASTER,Sale,25
2007-07-01,2007-08,Massey Ferguson,Prod,1597
2007-07-01,2007-08,Massey Ferguson,Sale,1587
2007-08-01,2007-08,Massey Ferguson,Prod,2274
2007-08-01,2007-08,Massey Ferguson,Sale,2006
2007-09-01,2007-08,Massey Ferguson,Prod,2032
2007-09-01,2007-08,Massey Ferguson,Sale,2132
2007-10-01,2007-08,Massey Ferguson,Prod,2010
2007-10-01,2007-08,Massey Ferguson,Sale,2000
2007-11-01,2007-08,Massey Ferguson,Prod,2261
2007-11-01,2007-08,Massey Ferguson,Sale,2300
2007-12-01,2007-08,Massey Ferguson,Prod,1943
2007-12-01,2007-08,Massey Ferguson,Sale,2021
2008-01-01,2007-08,Massey Ferguson,Prod,2412
2008-01-01,2007-08,Massey Ferguson,Sale,2364
2008-02-01,2007-08,Massey Ferguson,Prod,2006
2008-02-01,2007-08,Massey Ferguson,Sale,2044
2008-03-01,2007-08,Massey Ferguson,Prod,2496
2008-03-01,2007-08,Massey Ferguson,Sale,2300
2008-04-01,2007-08,Massey Ferguson,Prod,2743
2008-04-01,2007-08,Massey Ferguson,Sale,2554
2008-05-01,2007-08,Massey Ferguson,Prod,2725
2008-05-01,2007-08,Massey Ferguson,Sale,2235
2008-06-01,2007-08,Massey Ferguson,Prod,3017
2008-06-01,2007-08,Massey Ferguson,Sale,3753
2008-07-01,2008-09,Massey Ferguson,Prod,1597
2008-07-01,2008-09,Massey Ferguson,Sale,1583
2008-08-01,2008-09,Massey Ferguson,Prod,1928
2008-08-01,2008-09,Massey Ferguson,Sale,2275
2008-09-01,2008-09,Massey Ferguson,Prod,1691
2008-09-01,2008-09,Massey Ferguson,Sale,1475
2008-10-01,2008-09,Massey Ferguson,Prod,1689
2008-10-01,2008-09,Massey Ferguson,Sale,1539
2008-11-01,2008-09,Massey Ferguson,Prod,2738
2008-11-01,2008-09,Massey Ferguson,Sale,2203
2008-12-01,2008-09,Massey Ferguson,Prod,2521
2008-12-01,2008-09,Massey Ferguson,Sale,2672
2009-01-01,2008-09,Massey Ferguson,Prod,2708
2009-01-01,2008-09,Massey Ferguson,Sale,2572
2009-02-01,2008-09,Massey Ferguson,Prod,2513
2009-02-01,2008-09,Massey Ferguson,Sale,2667
2009-03-01,2008-09,Massey Ferguson,Prod,3030
2009-03-01,2008-09,Massey Ferguson,Sale,2902
2009-04-01,2008-09,Massey Ferguson,Prod,3154
2009-04-01,2008-09,Massey Ferguson,Sale,3526
2009-05-01,2008-09,Massey Ferguson,Prod,3008
2009-05-01,2008-09,Massey Ferguson,Sale,3329
2009-06-01,2008-09,Massey Ferguson,Prod,3208
2009-06-01,2008-09,Massey Ferguson,Sale,3491
2009-07-01,2009-10,Massey Ferguson,Prod,3003
2009-07-01,2009-10,Massey Ferguson,Sale,2131
2009-08-01,2009-10,Massey Ferguson,Prod,2703
2009-08-01,2009-10,Massey Ferguson,Sale,2701
2009-09-01,2009-10,Massey Ferguson,Prod,2702
2009-09-01,2009-10,Massey Ferguson,Sale,2319
2009-10-01,2009-10,Massey Ferguson,Prod,3717
2009-10-01,2009-10,Massey Ferguson,Sale,4005
2009-11-01,2009-10,Massey Ferguson,Prod,3600
2009-11-01,2009-10,Massey Ferguson,Sale,4207
2009-12-01,2009-10,Massey Ferguson,Prod,3584
2009-12-01,2009-10,Massey Ferguson,Sale,3745
2010-01-01,2009-10,Massey Ferguson,Prod,3366
2010-01-01,2009-10,Massey Ferguson,Sale,3464
2010-02-01,2009-10,Massey Ferguson,Prod,3502
2010-02-01,2009-10,Massey Ferguson,Sale,3506
2010-03-01,2009-10,Massey Ferguson,Prod,3664
2010-03-01,2009-10,Massey Ferguson,Sale,2857
2010-04-01,2009-10,Massey Ferguson,Prod,3592
2010-04-01,2009-10,Massey Ferguson,Sale,3801
2010-05-01,2009-10,Massey Ferguson,Prod,3560
2010-05-01,2009-10,Massey Ferguson,Sale,3803
2010-06-01,2009-10,Massey Ferguson,Prod,3184
2010-06-01,2009-10,Massey Ferguson,Sale,3541
2010-07-01,2010-11,Massey Ferguson,Prod,2866
2010-07-01,2010-11,Massey Ferguson,Sale,2652
2010-08-01,2010-11,Massey Ferguson,Prod,3138
2010-08-01,2010-11,Massey Ferguson,Sale,3100
2010-09-01,2010-11,Massey Ferguson,Prod,3222
2010-09-01,2010-11,Massey Ferguson,Sale,3194
2010-10-01,2010-11,Massey Ferguson,Prod,4007
2010-10-01,2010-11,Massey Ferguson,Sale,4018
2010-11-01,2010-11,Massey Ferguson,Prod,2098
2010-11-01,2010-11,Massey Ferguson,Sale,2253
2010-12-01,2010-11,Massey Ferguson,Prod,5080
2010-12-01,2010-11,Massey Ferguson,Sale,5293
2011-01-01,2010-11,Massey Ferguson,Prod,3111
2011-01-01,2010-11,Massey Ferguson,Sale,3003
2011-02-01,2010-11,Massey Ferguson,Prod,4109
2011-02-01,2010-11,Massey Ferguson,Sale,4001
2011-03-01,2010-11,Massey Ferguson,Prod,3007
2011-03-01,2010-11,Massey Ferguson,Sale,2202
2011-04-01,2010-11,Massey Ferguson,Prod,3025
2011-04-01,2010-11,Massey Ferguson,Sale,3377
2011-05-01,2010-11,Massey Ferguson,Prod,4304
2011-05-01,2010-11,Massey Ferguson,Sale,3978
2011-06-01,2010-11,Massey Ferguson,Prod,4221
2011-06-01,2010-11,Massey Ferguson,Sale,4945
2011-07-01,2011-12,Massey Ferguson,Prod,1097
2011-07-01,2011-12,Massey Ferguson,Sale,727
2011-08-01,2011-12,Massey Ferguson,Prod,975
2011-08-01,2011-12,Massey Ferguson,Sale,651
2011-09-01,2011-12,Massey Ferguson,Prod,1746
2011-09-01,2011-12,Massey Ferguson,Sale,1887
2011-10-01,2011-12,Massey Ferguson,Prod,2519
2011-10-01,2011-12,Massey Ferguson,Sale,2805
2011-11-01,2011-12,Massey Ferguson,Prod,2460
2011-11-01,2011-12,Massey Ferguson,Sale,2211
2011-12-01,2011-12,Massey Ferguson,Prod,963
2011-12-01,2011-12,Massey Ferguson,Sale,724
2012-01-01,2011-12,Massey Ferguson,Prod,1453
2012-01-01,2011-12,Massey Ferguson,Sale,165
2012-02-01,2011-12,Massey Ferguson,Prod,3606
2012-02-01,2011-12,Massey Ferguson,Sale,5335
2012-03-01,2011-12,Massey Ferguson,Prod,4008
2012-03-01,2011-12,Massey Ferguson,Sale,4000
2012-04-01,2011-12,Massey Ferguson,Prod,4004
2012-04-01,2011-12,Massey Ferguson,Sale,4005
2012-05-01,2011-12,Massey Ferguson,Prod,4307
2012-05-01,2011-12,Massey Ferguson,Sale,4170
2012-06-01,2011-12,Massey Ferguson,Prod,4865
2012-06-01,2011-12,Massey Ferguson,Sale,5325
2012-07-01,2012-13,Massey Ferguson,Prod,2444
2012-07-01,2012-13,Massey Ferguson,Sale,1139
2012-08-01,2012-13,Massey Ferguson,Prod,1447
2012-08-01,2012-13,Massey Ferguson,Sale,1639
2012-09-01,2012-13,Massey Ferguson,Prod,2203
2012-09-01,2012-13,Massey Ferguson,Sale,2004
2012-10-01,2012-13,Massey Ferguson,Prod,3319
2012-10-01,2012-13,Massey Ferguson,Sale,3374
2012-11-01,2012-13,Massey Ferguson,Prod,3343
2012-11-01,2012-13,Massey Ferguson,Sale,3513
2012-12-01,2012-13,Massey Ferguson,Prod,3080
2012-12-01,2012-13,Massey Ferguson,Sale,4374
2013-01-01,2012-13,Massey Ferguson,Prod,2052
2013-01-01,2012-13,Massey Ferguson,Sale,1020
2013-02-01,2012-13,Massey Ferguson,Prod,1949
2013-02-01,2012-13,Massey Ferguson,Sale,2005
2013-03-01,2012-13,Massey Ferguson,Prod,1890
2013-03-01,2012-13,Massey Ferguson,Sale,2577
2013-04-01,2012-13,Massey Ferguson,Prod,2658
2013-04-01,2012-13,Massey Ferguson,Sale,2772
2013-05-01,2012-13,Massey Ferguson,Prod,3479
2013-05-01,2012-13,Massey Ferguson,Sale,2895
2013-06-01,2012-13,Massey Ferguson,Prod,4139
2013-06-01,2012-13,Massey Ferguson,Sale,4734
2013-07-01,2013-14,Massey Ferguson,Prod,1146
2013-07-01,2013-14,Massey Ferguson,Sale,724
2013-08-01,2013-14,Massey Ferguson,Prod,1352
2013-08-01,2013-14,Massey Ferguson,Sale,1422
2013-09-01,2013-14,Massey Ferguson,Prod,2058
2013-09-01,2013-14,Massey Ferguson,Sale,1135
2013-10-01,2013-14,Massey Ferguson,Prod,1604
2013-10-01,2013-14,Massey Ferguson,Sale,1482
2013-11-01,2013-14,Massey Ferguson,Prod,1908
2013-11-01,2013-14,Massey Ferguson,Sale,2505
2013-12-01,2013-14,Massey Ferguson,Prod,3171
2013-12-01,2013-14,Massey Ferguson,Sale,4205
2014-01-01,2013-14,Massey Ferguson,Prod,1040
2014-01-01,2013-14,Massey Ferguson,Sale,189
2014-02-01,2013-14,Massey Ferguson,Prod,647
2014-02-01,2013-14,Massey Ferguson,Sale,1060
2014-03-01,2013-14,Massey Ferguson,Prod,2137
2014-03-01,2013-14,Massey Ferguson,Sale,2066
2014-04-01,2013-14,Massey Ferguson,Prod,2525
2014-04-01,2013-14,Massey Ferguson,Sale,2907
2014-05-01,2013-14,Massey Ferguson,Prod,2706
2014-05-01,2013-14,Massey Ferguson,Sale,2365
2014-06-01,2013-14,Massey Ferguson,Prod,1306
2014-06-01,2013-14,Massey Ferguson,Sale,980
2014-07-01,2014-15,Massey Ferguson,Prod,1008
2014-07-01,2014-15,Massey Ferguson,Sale,1703
2014-08-01,2014-15,Massey Ferguson,Prod,2015
2014-08-01,2014-15,Massey Ferguson,Sale,1927
2014-09-01,2014-15,Massey Ferguson,Prod,5393
2014-09-01,2014-15,Massey Ferguson,Sale,2456
2014-10-01,2014-15,Massey Ferguson,Prod,2453
2014-10-01,2014-15,Massey Ferguson,Sale,2410
2014-11-01,2014-15,Massey Ferguson,Prod,2775
2014-11-01,2014-15,Massey Ferguson,Sale,2751
2014-12-01,2014-15,Massey Ferguson,Prod,2311
2014-12-01,2014-15,Massey Ferguson,Sale,1564
2015-01-01,2014-15,Massey Ferguson,Prod,2315
2015-01-01,2014-15,Massey Ferguson,Sale,2154
2015-02-01,2014-15,Massey Ferguson,Prod,2790
2015-02-01,2014-15,Massey Ferguson,Sale,2435
2015-03-01,2014-15,Massey Ferguson,Prod,1997
2015-03-01,2014-15,Massey Ferguson,Sale,2570
2015-04-01,2014-15,Massey Ferguson,Prod,3314
2015-04-01,2014-15,Massey Ferguson,Sale,3456
2015-05-01,2014-15,Massey Ferguson,Prod,2604
2015-05-01,2014-15,Massey Ferguson,Sale,2729
2015-06-01,2014-15,Massey Ferguson,Prod,2151
2015-06-01,2014-15,Massey Ferguson,Sale,2556
2015-07-01,2015-16,Massey Ferguson,Prod,1606
2015-07-01,2015-16,Massey Ferguson,Sale,743
2015-08-01,2015-16,Massey Ferguson,Prod,1677
2015-08-01,2015-16,Massey Ferguson,Sale,1329
2015-09-01,2015-16,Massey Ferguson,Prod,1246
2015-09-01,2015-16,Massey Ferguson,Sale,2320
2015-10-01,2015-16,Massey Ferguson,Prod,1294
2015-10-01,2015-16,Massey Ferguson,Sale,1329
2015-11-01,2015-16,Massey Ferguson,Prod,1654
2015-11-01,2015-16,Massey Ferguson,Sale,1421
2015-12-01,2015-16,Massey Ferguson,Prod,541
2015-12-01,2015-16,Massey Ferguson,Sale,774
2016-01-01,2015-16,Massey Ferguson,Prod,1003
2016-01-01,2015-16,Massey Ferguson,Sale,1262
2016-02-01,2015-16,Massey Ferguson,Prod,1975
2016-02-01,2015-16,Massey Ferguson,Sale,1806
2016-03-01,2015-16,Massey Ferguson,Prod,2400
2016-03-01,2015-16,Massey Ferguson,Sale,2550
2016-04-01,2015-16,Massey Ferguson,Prod,2657
2016-04-01,2015-16,Massey Ferguson,Sale,2440
2016-05-01,2015-16,Massey Ferguson,Prod,2835
2016-05-01,2015-16,Massey Ferguson,Sale,2234
2016-06-01,2015-16,Massey Ferguson,Prod,2191
2016-06-01,2015-16,Massey Ferguson,Sale,2271
2016-07-01,2016-17,Massey Ferguson,Prod,1125
2016-07-01,2016-17,Massey Ferguson,Sale,1445
2016-08-01,2016-17,Massey Ferguson,Prod,1822
2016-08-01,2016-17,Massey Ferguson,Sale,1610
2016-09-01,2016-17,Massey Ferguson,Prod,1583
2016-09-01,2016-17,Massey Ferguson,Sale,2132
2016-10-01,2016-17,Massey Ferguson,Prod,2455
2016-10-01,2016-17,Massey Ferguson,Sale,2441
2016-11-01,2016-17,Massey Ferguson,Prod,3152
2016-11-01,2016-17,Massey Ferguson,Sale,2968
2016-12-01,2016-17,Massey Ferguson,Prod,3286
2016-12-01,2016-17,Massey Ferguson,Sale,2460
2017-01-01,2016-17,Massey Ferguson,Prod,3463
2017-01-01,2016-17,Massey Ferguson,Sale,3544
2017-02-01,2016-17,Massey Ferguson,Prod,3435
2017-02-01,2016-17,Massey Ferguson,Sale,3550
2017-03-01,2016-17,Massey Ferguson,Prod,3803
2017-03-01,2016-17,Massey Ferguson,Sale,4009
2017-04-01,2016-17,Massey Ferguson,Prod,4132
2017-04-01,2016-17,Massey Ferguson,Sale,4034
2017-05-01,2016-17,Massey Ferguson,Prod,3473
2017-05-01,2016-17,Massey Ferguson,Sale,3413
2017-06-01,2016-17,Massey Ferguson,Prod,2352
2017-06-01,2016-17,Massey Ferguson,Sale,2900
2017-07-01,2017-18,Massey Ferguson,Prod,3169
2017-07-01,2017-18,Massey Ferguson,Sale,3101
2017-08-01,2017-18,Massey Ferguson,Prod,3137
2017-08-01,2017-18,Massey Ferguson,Sale,3225
2017-09-01,2017-18,Massey Ferguson,Prod,3507
2017-09-01,2017-18,Massey Ferguson,Sale,3674
2017-10-01,2017-18,Massey Ferguson,Prod,3401
2017-10-01,2017-18,Massey Ferguson,Sale,3318
2017-11-01,2017-18,Massey Ferguson,Prod,3226
2017-11-01,2017-18,Massey Ferguson,Sale,3103
2017-12-01,2017-18,Massey Ferguson,Prod,3659
2017-12-01,2017-18,Massey Ferguson,Sale,3733
2018-01-01,2017-18,Massey Ferguson,Prod,3628
2018-01-01,2017-18,Massey Ferguson,Sale,3109
2018-02-01,2017-18,Massey Ferguson,Prod,3851
2018-02-01,2017-18,Massey Ferguson,Sale,3509
2018-03-01,2017-18,Massey Ferguson,Prod,3777
2018-03-01,2017-18,Massey Ferguson,Sale,4407
2018-04-01,2017-18,Massey Ferguson,Prod,4685
2018-04-01,2017-18,Massey Ferguson,Sale,5005
2018-05-01,2017-18,Massey Ferguson,Prod,4172
2018-05-01,2017-18,Massey Ferguson,Sale,4165
2018-06-01,2017-18,Massey Ferguson,Prod,2295
2018-06-01,2017-18,Massey Ferguson,Sale,2358
2018-07-01,2018-19,Massey Ferguson,Prod,3279
2018-07-01,2018-19,Massey Ferguson,Sale,3006
2018-08-01,2018-19,Massey Ferguson,Prod,3326
2018-08-01,2018-19,Massey Ferguson,Sale,2980
2018-09-01,2018-19,Massey Ferguson,Prod,3665
2018-09-01,2018-19,Massey Ferguson,Sale,4028
2018-10-01,2018-19,Massey Ferguson,Prod,3829
2018-10-01,2018-19,Massey Ferguson,Sale,3816
2018-11-01,2018-19,Massey Ferguson,Prod,2638
2018-11-01,2018-19,Massey Ferguson,Sale,1915
2018-12-01,2018-19,Massey Ferguson,Prod,825
2018-12-01,2018-19,Massey Ferguson,Sale,365
2019-01-01,2018-19,Massey Ferguson,Prod,636
2019-01-01,2018-19,Massey Ferguson,Sale,1950
2019-02-01,2018-19,Massey Ferguson,Prod,2466
2019-02-01,2018-19,Massey Ferguson,Sale,2412
2019-03-01,2018-19,Massey Ferguson,Prod,3333
2019-03-01,2018-19,Massey Ferguson,Sale,3078
2019-04-01,2018-19,Massey Ferguson,Prod,3367
2019-04-01,2018-19,Massey Ferguson,Sale,3400
2019-05-01,2018-19,Massey Ferguson,Prod,2006
2019-05-01,2018-19,Massey Ferguson,Sale,2321
2019-06-01,2018-19,Massey Ferguson,Prod,2812
2019-06-01,2018-19,Massey Ferguson,Sale,2747
2019-07-01,2019-20,Massey Ferguson,Prod,1919
2019-07-01,2019-20,Massey Ferguson,Sale,1938
2019-08-01,2019-20,Massey Ferguson,Prod,1512
2019-08-01,2019-20,Massey Ferguson,Sale,1228
2019-09-01,2019-20,Massey Ferguson,Prod,1980
2019-09-01,2019-20,Massey Ferguson,Sale,1663
2019-10-01,2019-20,Massey Ferguson,Prod,2354
2019-10-01,2019-20,Massey Ferguson,Sale,1994
2019-11-01,2019-20,Massey Ferguson,Prod,1886
2019-11-01,2019-20,Massey Ferguson,Sale,1400
2019-12-01,2019-20,Massey Ferguson,Prod,687
2019-12-01,2019-20,Massey Ferguson,Sale,1005
2020-01-01,2019-20,Massey Ferguson,Prod,468
2020-01-01,2019-20,Massey Ferguson,Sale,1309
2020-02-01,2019-20,Massey Ferguson,Prod,1967
2020-02-01,2019-20,Massey Ferguson,Sale,2020
2020-03-01,2019-20,Massey Ferguson,Prod,1913
2020-03-01,2019-20,Massey Ferguson,Sale,2054
2020-04-01,2019-20,Massey Ferguson,Prod,895
2020-04-01,2019-20,Massey Ferguson,Sale,1006
2020-05-01,2019-20,Massey Ferguson,Prod,2469
2020-05-01,2019-20,Massey Ferguson,Sale,1711
2020-06-01,2019-20,Massey Ferguson,Prod,2729
2020-06-01,2019-20,Massey Ferguson,Sale,3378
2020-07-01,2020-21,Massey Ferguson,Prod,2225
2020-07-01,2020-21,Massey Ferguson,Sale,2205
2020-08-01,2020-21,Massey Ferguson,Prod,2208
2020-08-01,2020-21,Massey Ferguson,Sale,2205
2020-09-01,2020-21,Massey Ferguson,Prod,2799
2020-09-01,2020-21,Massey Ferguson,Sale,2815
2020-10-01,2020-21,Massey Ferguson,Prod,2891
2020-10-01,2020-21,Massey Ferguson,Sale,3007
2020-11-01,2020-21,Massey Ferguson,Prod,2430
2020-11-01,2020-21,Massey Ferguson,Sale,2331
2020-12-01,2020-21,Massey Ferguson,Prod,3453
2020-12-01,2020-21,Massey Ferguson,Sale,2975
2021-01-01,2020-21,Massey Ferguson,Prod,3374
2021-01-01,2020-21,Massey Ferguson,Sale,3862
2021-02-01,2020-21,Massey Ferguson,Prod,2934
2021-02-01,2020-21,Massey Ferguson,Sale,3008
2021-03-01,2020-21,Massey Ferguson,Prod,3612
2021-03-01,2020-21,Massey Ferguson,Sale,3519
2021-04-01,2020-21,Massey Ferguson,Prod,3189
2021-04-01,2020-21,Massey Ferguson,Sale,3214
2021-05-01,2020-21,Massey Ferguson,Prod,2957
2021-05-01,2020-21,Massey Ferguson,Sale,2910
2021-06-01,2020-21,Massey Ferguson,Prod,3499
2021-06-01,2020-21,Massey Ferguson,Sale,3476
2021-07-01,2021-22,Massey Ferguson,Prod,3240
2021-07-01,2021-22,Massey Ferguson,Sale,2926
2021-08-01,2021-22,Massey Ferguson,Prod,3171
2021-08-01,2021-22,Massey Ferguson,Sale,2014
2021-09-01,2021-22,Massey Ferguson,Prod,1259
2021-09-01,2021-22,Massey Ferguson,Sale,2257
2021-10-01,2021-22,Massey Ferguson,Prod,3177
2021-10-01,2021-22,Massey Ferguson,Sale,3503
2021-11-01,2021-22,Massey Ferguson,Prod,3226
2021-11-01,2021-22,Massey Ferguson,Sale,3254
2021-12-01,2021-22,Massey Ferguson,Prod,3436
2021-12-01,2021-22,Massey Ferguson,Sale,3300
2022-01-01,2021-22,Massey Ferguson,Prod,3628
2022-01-01,2021-22,Massey Ferguson,Sale,3016
2022-02-01,2021-22,Massey Ferguson,Prod,2431
2022-02-01,2021-22,Massey Ferguson,Sale,2505
2022-03-01,2021-22,Massey Ferguson,Prod,2199
2022-03-01,2021-22,Massey Ferguson,Sale,3091
2022-04-01,2021-22,Massey Ferguson,Prod,2788
2022-04-01,2021-22,Massey Ferguson,Sale,2245
2022-05-01,2021-22,Massey Ferguson,Prod,2037
2022-05-01,2021-22,Massey Ferguson,Sale,2505
2022-06-01,2021-22,Massey Ferguson,Prod,4300
2022-06-01,2021-22,Massey Ferguson,Sale,4389
2022-07-01,2022-23,Massey Ferguson,Prod,1127
2022-07-01,2022-23,Massey Ferguson,Sale,1011
2022-08-01,2022-23,Massey Ferguson,Prod,2140
2022-08-01,2022-23,Massey Ferguson,Sale,1545
2022-09-01,2022-23,Massey Ferguson,Prod,268
2022-09-01,2022-23,Massey Ferguson,Sale,638
2022-10-01,2022-23,Massey Ferguson,Prod,1638
2022-10-01,2022-23,Massey Ferguson,Sale,1503
2022-11-01,2022-23,Massey Ferguson,Prod,1244
2022-11-01,2022-23,Massey Ferguson,Sale,1103
2022-12-01,2022-23,Massey Ferguson,Prod,1013
2022-12-01,2022-23,Massey Ferguson,Sale,501
2023-01-01,2022-23,Massey Ferguson,Prod,1572
2023-01-01,2022-23,Massey Ferguson,Sale,2203
2023-02-01,2022-23,Massey Ferguson,Prod,2500
2023-02-01,2022-23,Massey Ferguson,Sale,2602
2023-03-01,2022-23,Massey Ferguson,Prod,3143
2023-03-01,2022-23,Massey Ferguson,Sale,2669
2023-04-01,2022-23,Massey Ferguson,Prod,1445
2023-04-01,2022-23,Massey Ferguson,Sale,1206
2023-05-01,2022-23,Massey Ferguson,Prod,1652
2023-05-01,2022-23,Massey Ferguson,Sale,1505
2023-06-01,2022-23,Massey Ferguson,Prod,1355
2023-06-01,2022-23,Massey Ferguson,Sale,2136
2023-07-01,2023-24,Massey Ferguson,Prod,1506
2023-07-01,2023-24,Massey Ferguson,Sale,1656
2023-08-01,2023-24,Massey Ferguson,Prod,2345
2023-08-01,2023-24,Massey Ferguson,Sale,2412
2023-09-01,2023-24,Massey Ferguson,Prod,3207
2023-09-01,2023-24,Massey Ferguson,Sale,3119
2023-10-01,2023-24,Massey Ferguson,Prod,3312
2023-10-01,2023-24,Massey Ferguson,Sale,3004
2023-11-01,2023-24,Massey Ferguson,Prod,2719
2023-11-01,2023-24,Massey Ferguson,Sale,2809
2023-12-01,2023-24,Massey Ferguson,Prod,2173
2023-12-01,2023-24,Massey Ferguson,Sale,2099
2024-01-01,2023-24,Massey Ferguson,Prod,3023
2024-01-01,2023-24,Massey Ferguson,Sale,3015
2024-02-01,2023-24,Massey Ferguson,Prod,2916
2024-02-01,2023-24,Massey Ferguson,Sale,2369
2024-03-01,2023-24,Massey Ferguson,Prod,2501
2024-03-01,2023-24,Massey Ferguson,Sale,3027
2024-04-01,2023-24,Massey Ferguson,Prod,2338
2024-04-01,2023-24,Massey Ferguson,Sale,2045
2024-05-01,2023-24,Massey Ferguson,Prod,2281
2024-05-01,2023-24,Massey Ferguson,Sale,2347
2024-06-01,2023-24,Massey Ferguson,Prod,2158
2024-06-01,2023-24,Massey Ferguson,Sale,2718
2024-07-01,2024-25,Massey Ferguson                 Millat,Prod,979
2024-07-01,2024-25,Massey Ferguson                 Millat,Sale,605
2024-08-01,2024-25,Massey Ferguson                 Millat,Prod,973
2024-08-01,2024-25,Massey Ferguson                 Millat,Sale,1218
2024-09-01,2024-25,Massey Ferguson                 Millat,Prod,941
2024-09-01,2024-25,Massey Ferguson                 Millat,Sale,743
2024-10-01,2024-25,Massey Ferguson                 Millat,Prod,1935
2024-10-01,2024-25,Massey Ferguson                 Millat,Sale,1439
2024-11-01,2024-25,Massey Ferguson                 Millat,Prod,1975
2024-11-01,2024-25,Massey Ferguson                 Millat,Sale,1416
2024-12-01,2024-25,Massey Ferguson                 Millat,Prod,3225
2024-12-01,2024-25,Massey Ferguson                 Millat,Sale,4686
2025-01-01,2024-25,Massey Ferguson                 Millat,Prod,2377
2025-01-01,2024-25,Massey Ferguson                 Millat,Sale,2350
2025-02-01,2024-25,Massey Ferguson                 Millat,Prod,1636
2025-02-01,2024-25,Massey Ferguson                 Millat,Sale,1124
2025-03-01,2024-25,Massey Ferguson                 Millat,Prod,767
2025-03-01,2024-25,Massey Ferguson                 Millat,Sale,937
2025-04-01,2024-25,Massey Ferguson                 Millat,Prod,907
2025-04-01,2024-25,Massey Ferguson                 Millat,Sale,859
2025-05-01,2024-25,Massey Ferguson                 Millat,Prod,1027
2025-05-01,2024-25,Massey Ferguson                 Millat,Sale,954
2025-06-01,2024-25,Massey Ferguson                 Millat,Prod,1895
2025-06-01,2024-25,Massey Ferguson                 Millat,Sale,2249
2007-07-01,2007-08,Master,Prod,34
2007-07-01,2007-08,Master,Prod,1
2007-07-01,2007-08,Master,Prod,55
2007-07-01,2007-08,Master,Sale,25
2007-07-01,2007-08,Master,Sale,0
2007-07-01,2007-08,Master,Sale,50
2007-08-01,2007-08,Master,Prod,9
2007-08-01,2007-08,Master,Prod,0
2007-08-01,2007-08,Master,Prod,67
2007-08-01,2007-08,Master,Sale,24
2007-08-01,2007-08,Master,Sale,1
2007-08-01,2007-08,Master,Sale,66
2007-09-01,2007-08,Master,Prod,20
2007-09-01,2007-08,Master,Prod,0
2007-09-01,2007-08,Master,Prod,102
2007-09-01,2007-08,Master,Sale,18
2007-09-01,2007-08,Master,Sale,0
2007-09-01,2007-08,Master,Sale,69
2007-10-01,2007-08,Master,Prod,23
2007-10-01,2007-08,Master,Prod,0
2007-10-01,2007-08,Master,Prod,48
2007-10-01,2007-08,Master,Sale,19
2007-10-01,2007-08,Master,Sale,0
2007-10-01,2007-08,Master,Sale,66
2007-11-01,2007-08,Master,Prod,12
2007-11-01,2007-08,Master,Prod,1
2007-11-01,2007-08,Master,Prod,79
2007-11-01,2007-08,Master,Sale,19
2007-11-01,2007-08,Master,Sale,1
2007-11-01,2007-08,Master,Sale,74
2007-12-01,2007-08,Master,Prod,12
2007-12-01,2007-08,Master,Prod,0
2007-12-01,2007-08,Master,Prod,60
2007-12-01,2007-08,Master,Sale,16
2007-12-01,2007-08,Master,Sale,0
2007-12-01,2007-08,Master,Sale,49
2008-01-01,2007-08,Master,Prod,65
2008-01-01,2007-08,Master,Prod,0
2008-01-01,2007-08,Master,Prod,27
2008-01-01,2007-08,Master,Sale,46
2008-01-01,2007-08,Master,Sale,0
2008-01-01,2007-08,Master,Sale,57
2008-02-01,2007-08,Master,Prod,83
2008-02-01,2007-08,Master,Prod,1
2008-02-01,2007-08,Master,Prod,4
2008-02-01,2007-08,Master,Sale,63
2008-02-01,2007-08,Master,Sale,0
2008-02-01,2007-08,Master,Sale,47
2008-03-01,2007-08,Master,Prod,83
2008-03-01,2007-08,Master,Prod,2
2008-03-01,2007-08,Master,Prod,7
2008-03-01,2007-08,Master,Sale,73
2008-03-01,2007-08,Master,Sale,2
2008-03-01,2007-08,Master,Sale,15
2008-04-01,2007-08,Master,Prod,66
2008-04-01,2007-08,Master,Prod,0
2008-04-01,2007-08,Master,Prod,8
2008-04-01,2007-08,Master,Sale,96
2008-04-01,2007-08,Master,Sale,1
2008-04-01,2007-08,Master,Sale,8
2008-05-01,2007-08,Master,Prod,77
2008-05-01,2007-08,Master,Prod,1
2008-05-01,2007-08,Master,Prod,0
2008-05-01,2007-08,Master,Sale,84
2008-05-01,2007-08,Master,Sale,0
2008-05-01,2007-08,Master,Sale,6
2008-06-01,2007-08,Master,Prod,106
2008-06-01,2007-08,Master,Prod,2
2008-06-01,2007-08,Master,Prod,5
2008-06-01,2007-08,Master,Sale,136
2008-06-01,2007-08,Master,Sale,2
2008-06-01,2007-08,Master,Sale,8
2008-07-01,2008-09,Master,Prod,99
2008-07-01,2008-09,Master,Prod,0
2008-07-01,2008-09,Master,Prod,6
2008-07-01,2008-09,Master,Sale,48
2008-07-01,2008-09,Master,Sale,0
2008-07-01,2008-09,Master,Sale,3
2008-08-01,2008-09,Master,Prod,27
2008-08-01,2008-09,Master,Prod,0
2008-08-01,2008-09,Master,Prod,4
2008-08-01,2008-09,Master,Sale,41
2008-08-01,2008-09,Master,Sale,0
2008-08-01,2008-09,Master,Sale,6
2008-09-01,2008-09,Master,Prod,26
2008-09-01,2008-09,Master,Prod,0
2008-09-01,2008-09,Master,Prod,2
2008-09-01,2008-09,Master,Sale,24
2008-09-01,2008-09,Master,Sale,0
2008-09-01,2008-09,Master,Sale,1
2008-10-01,2008-09,Master,Prod,17
2008-10-01,2008-09,Master,Prod,0
2008-10-01,2008-09,Master,Prod,1
2008-10-01,2008-09,Master,Sale,26
2008-10-01,2008-09,Master,Sale,0
2008-10-01,2008-09,Master,Sale,0
2008-11-01,2008-09,Master,Prod,18
2008-11-01,2008-09,Master,Prod,0
2008-11-01,2008-09,Master,Prod,3
2008-11-01,2008-09,Master,Sale,24
2008-11-01,2008-09,Master,Sale,1
2008-11-01,2008-09,Master,Sale,5
2008-12-01,2008-09,Master,Prod,12
2008-12-01,2008-09,Master,Prod,0
2008-12-01,2008-09,Master,Prod,2
2008-12-01,2008-09,Master,Sale,18
2008-12-01,2008-09,Master,Sale,0
2008-12-01,2008-09,Master,Sale,2
2009-01-01,2008-09,Master,Prod,24
2009-01-01,2008-09,Master,Prod,0
2009-01-01,2008-09,Master,Prod,2
2009-01-01,2008-09,Master,Sale,17
2009-01-01,2008-09,Master,Sale,0
2009-01-01,2008-09,Master,Sale,3
2009-02-01,2008-09,Master,Prod,25
2009-02-01,2008-09,Master,Prod,0
2009-02-01,2008-09,Master,Prod,1
2009-02-01,2008-09,Master,Sale,23
2009-02-01,2008-09,Master,Sale,0
2009-02-01,2008-09,Master,Sale,2
2009-03-01,2008-09,Master,Prod,24
2009-03-01,2008-09,Master,Prod,0
2009-03-01,2008-09,Master,Prod,2
2009-03-01,2008-09,Master,Sale,19
2009-03-01,2008-09,Master,Sale,0
2009-03-01,2008-09,Master,Sale,3
2009-04-01,2008-09,Master,Prod,30
2009-04-01,2008-09,Master,Prod,0
2009-04-01,2008-09,Master,Prod,4
2009-04-01,2008-09,Master,Sale,25
2009-04-01,2008-09,Master,Sale,0
2009-04-01,2008-09,Master,Sale,3
2009-05-01,2008-09,Master,Prod,28
2009-05-01,2008-09,Master,Prod,0
2009-05-01,2008-09,Master,Prod,2
2009-05-01,2008-09,Master,Sale,29
2009-05-01,2008-09,Master,Sale,0
2009-05-01,2008-09,Master,Sale,2
2009-06-01,2008-09,Master,Prod,54
2009-06-01,2008-09,Master,Prod,0
2009-06-01,2008-09,Master,Prod,7
2009-06-01,2008-09,Master,Sale,68
2009-06-01,2008-09,Master,Sale,0
2009-06-01,2008-09,Master,Sale,12
2009-07-01,2009-10,Master,Prod,33
2009-07-01,2009-10,Master,Prod,0
2009-07-01,2009-10,Master,Prod,7
2009-07-01,2009-10,Master,Sale,43
2009-07-01,2009-10,Master,Sale,1
2009-07-01,2009-10,Master,Sale,3
2009-08-01,2009-10,Master,Prod,25
2009-08-01,2009-10,Master,Prod,3
2009-08-01,2009-10,Master,Prod,4
2009-08-01,2009-10,Master,Sale,14
2009-08-01,2009-10,Master,Sale,3
2009-08-01,2009-10,Master,Sale,3
2009-09-01,2009-10,Master,Prod,21
2009-09-01,2009-10,Master,Prod,2
2009-09-01,2009-10,Master,Prod,1
2009-09-01,2009-10,Master,Sale,17
2009-09-01,2009-10,Master,Sale,1
2009-09-01,2009-10,Master,Sale,5
2009-10-01,2009-10,Master,Prod,30
2009-10-01,2009-10,Master,Prod,1
2009-10-01,2009-10,Master,Prod,3
2009-10-01,2009-10,Master,Sale,33
2009-10-01,2009-10,Master,Sale,0
2009-10-01,2009-10,Master,Sale,1
2009-11-01,2009-10,Master,Prod,31
2009-11-01,2009-10,Master,Prod,1
2009-11-01,2009-10,Master,Prod,0
2009-11-01,2009-10,Master,Sale,27
2009-11-01,2009-10,Master,Sale,0
2009-11-01,2009-10,Master,Sale,0
2009-12-01,2009-10,Master,Prod,22
2009-12-01,2009-10,Master,Prod,6
2009-12-01,2009-10,Master,Prod,0
2009-12-01,2009-10,Master,Sale,21
2009-12-01,2009-10,Master,Sale,0
2009-12-01,2009-10,Master,Sale,0
2010-01-01,2009-10,Master,Prod,21
2010-01-01,2009-10,Master,Prod,5
2010-01-01,2009-10,Master,Prod,31
2010-01-01,2009-10,Master,Sale,16
2010-01-01,2009-10,Master,Sale,0
2010-01-01,2009-10,Master,Sale,30
2010-02-01,2009-10,Master,Prod,54
2010-02-01,2009-10,Master,Prod,0
2010-02-01,2009-10,Master,Prod,1
2010-02-01,2009-10,Master,Sale,55
2010-02-01,2009-10,Master,Sale,0
2010-02-01,2009-10,Master,Sale,0
2010-03-01,2009-10,Master,Prod,63
2010-03-01,2009-10,Master,Prod,0
2010-03-01,2009-10,Master,Prod,21
2010-03-01,2009-10,Master,Sale,68
2010-03-01,2009-10,Master,Sale,11
2010-03-01,2009-10,Master,Sale,21
2010-04-01,2009-10,Master,Prod,60
2010-04-01,2009-10,Master,Prod,0
2010-04-01,2009-10,Master,Prod,44
2010-04-01,2009-10,Master,Sale,43
2010-04-01,2009-10,Master,Sale,2
2010-04-01,2009-10,Master,Sale,43
2010-05-01,2009-10,Master,Prod,69
2010-05-01,2009-10,Master,Prod,1
2010-05-01,2009-10,Master,Prod,15
2010-05-01,2009-10,Master,Sale,65
2010-05-01,2009-10,Master,Sale,1
2010-05-01,2009-10,Master,Sale,20
2010-06-01,2009-10,Master,Prod,61
2010-06-01,2009-10,Master,Prod,0
2010-06-01,2009-10,Master,Prod,15
2010-06-01,2009-10,Master,Sale,103
2010-06-01,2009-10,Master,Sale,0
2010-06-01,2009-10,Master,Sale,2
2010-07-01,2010-11,Master,Prod,59
2010-07-01,2010-11,Master,Prod,0
2010-07-01,2010-11,Master,Prod,10
2010-07-01,2010-11,Master,Sale,21
2010-07-01,2010-11,Master,Sale,0
2010-07-01,2010-11,Master,Sale,4
2010-08-01,2010-11,Master,Prod,10
2010-08-01,2010-11,Master,Prod,0
2010-08-01,2010-11,Master,Prod,0
2010-08-01,2010-11,Master,Sale,27
2010-08-01,2010-11,Master,Sale,0
2010-08-01,2010-11,Master,Sale,1
2010-09-01,2010-11,Master,Prod,24
2010-09-01,2010-11,Master,Prod,0
2010-09-01,2010-11,Master,Prod,0
2010-09-01,2010-11,Master,Sale,34
2010-09-01,2010-11,Master,Sale,0
2010-09-01,2010-11,Master,Sale,6
2010-10-01,2010-11,Master,Prod,28
2010-10-01,2010-11,Master,Prod,0
2010-10-01,2010-11,Master,Prod,2
2010-10-01,2010-11,Master,Sale,18
2010-10-01,2010-11,Master,Sale,0
2010-10-01,2010-11,Master,Sale,4
2010-11-01,2010-11,Master,Prod,17
2010-11-01,2010-11,Master,Prod,0
2010-11-01,2010-11,Master,Prod,3
2010-11-01,2010-11,Master,Sale,19
2010-11-01,2010-11,Master,Sale,0
2010-11-01,2010-11,Master,Sale,3
2010-12-01,2010-11,Master,Prod,32
2010-12-01,2010-11,Master,Prod,0
2010-12-01,2010-11,Master,Prod,7
2010-12-01,2010-11,Master,Sale,13
2010-12-01,2010-11,Master,Sale,0
2010-12-01,2010-11,Master,Sale,7
2011-01-01,2010-11,Master,Prod,49
2011-01-01,2010-11,Master,Prod,0
2011-01-01,2010-11,Master,Prod,5
2011-01-01,2010-11,Master,Sale,71
2011-01-01,2010-11,Master,Sale,0
2011-01-01,2010-11,Master,Sale,6
2011-02-01,2010-11,Master,Prod,49
2011-02-01,2010-11,Master,Prod,0
2011-02-01,2010-11,Master,Prod,9
2011-02-01,2010-11,Master,Sale,52
2011-02-01,2010-11,Master,Sale,0
2011-02-01,2010-11,Master,Sale,8
2011-03-01,2010-11,Master,Prod,73
2011-03-01,2010-11,Master,Prod,1
2011-03-01,2010-11,Master,Prod,0
2011-03-01,2010-11,Master,Sale,63
2011-03-01,2010-11,Master,Sale,0
2011-03-01,2010-11,Master,Sale,3
2011-04-01,2010-11,Master,Prod,120
2011-04-01,2010-11,Master,Prod,0
2011-04-01,2010-11,Master,Prod,0
2011-04-01,2010-11,Master,Sale,80
2011-04-01,2010-11,Master,Sale,0
2011-04-01,2010-11,Master,Sale,2
2011-05-01,2010-11,Master,Prod,194
2011-05-01,2010-11,Master,Prod,0
2011-05-01,2010-11,Master,Prod,0
2011-05-01,2010-11,Master,Sale,239
2011-05-01,2010-11,Master,Sale,0
2011-05-01,2010-11,Master,Sale,1
2011-06-01,2010-11,Master,Prod,91
2011-06-01,2010-11,Master,Prod,0
2011-06-01,2010-11,Master,Prod,0
2011-06-01,2010-11,Master,Sale,99
2011-06-01,2010-11,Master,Sale,0
2011-06-01,2010-11,Master,Sale,0
2011-07-01,2011-12,Master,Prod,21
2011-07-01,2011-12,Master,Prod,0
2011-07-01,2011-12,Master,Prod,3
2011-07-01,2011-12,Master,Sale,26
2011-07-01,2011-12,Master,Sale,0
2011-07-01,2011-12,Master,Sale,0
2011-08-01,2011-12,Master,Prod,44
2011-08-01,2011-12,Master,Prod,1
2011-08-01,2011-12,Master,Prod,0
2011-08-01,2011-12,Master,Sale,30
2011-08-01,2011-12,Master,Sale,2
2011-08-01,2011-12,Master,Sale,0
2011-09-01,2011-12,Master,Prod,67
2011-09-01,2011-12,Master,Prod,1
2011-09-01,2011-12,Master,Prod,2
2011-09-01,2011-12,Master,Sale,54
2011-09-01,2011-12,Master,Sale,0
2011-09-01,2011-12,Master,Sale,0
2011-10-01,2011-12,Master,Prod,39
2011-10-01,2011-12,Master,Prod,0
2011-10-01,2011-12,Master,Prod,6
2011-10-01,2011-12,Master,Sale,23
2011-10-01,2011-12,Master,Sale,0
2011-10-01,2011-12,Master,Sale,8
2011-11-01,2011-12,Master,Prod,49
2011-11-01,2011-12,Master,Prod,0
2011-11-01,2011-12,Master,Prod,3
2011-11-01,2011-12,Master,Sale,36
2011-11-01,2011-12,Master,Sale,0
2011-11-01,2011-12,Master,Sale,2
2011-12-01,2011-12,Master,Prod,47
2011-12-01,2011-12,Master,Prod,0
2011-12-01,2011-12,Master,Prod,1
2011-12-01,2011-12,Master,Sale,58
2011-12-01,2011-12,Master,Sale,0
2011-12-01,2011-12,Master,Sale,3
2012-01-01,2011-12,Master,Prod,106
2012-01-01,2011-12,Master,Prod,0
2012-01-01,2011-12,Master,Prod,1
2012-01-01,2011-12,Master,Sale,94
2012-01-01,2011-12,Master,Sale,0
2012-01-01,2011-12,Master,Sale,1
2012-02-01,2011-12,Master,Prod,62
2012-02-01,2011-12,Master,Prod,0
2012-02-01,2011-12,Master,Prod,8
2012-02-01,2011-12,Master,Sale,95
2012-02-01,2011-12,Master,Sale,0
2012-02-01,2011-12,Master,Sale,9
2012-03-01,2011-12,Master,Prod,49
2012-03-01,2011-12,Master,Prod,0
2012-03-01,2011-12,Master,Prod,0
2012-03-01,2011-12,Master,Sale,62
2012-03-01,2011-12,Master,Sale,0
2012-03-01,2011-12,Master,Sale,0
2012-04-01,2011-12,Master,Prod,83
2012-04-01,2011-12,Master,Prod,0
2012-04-01,2011-12,Master,Prod,7
2012-04-01,2011-12,Master,Sale,80
2012-04-01,2011-12,Master,Sale,0
2012-04-01,2011-12,Master,Sale,5
2012-05-01,2011-12,Master,Prod,55
2012-05-01,2011-12,Master,Prod,0
2012-05-01,2011-12,Master,Prod,7
2012-05-01,2011-12,Master,Sale,66
2012-05-01,2011-12,Master,Sale,1
2012-05-01,2011-12,Master,Sale,7
2012-06-01,2011-12,Master,Prod,90
2012-06-01,2011-12,Master,Prod,20
2012-06-01,2011-12,Master,Prod,8
2012-06-01,2011-12,Master,Sale,69
2012-06-01,2011-12,Master,Sale,20
2012-06-01,2011-12,Master,Sale,9
2012-07-01,2012-13,Master,Prod,26
2012-07-01,2012-13,Master,Prod,0
2012-07-01,2012-13,Master,Prod,2
2012-07-01,2012-13,Master,Sale,32
2012-07-01,2012-13,Master,Sale,0
2012-07-01,2012-13,Master,Sale,1
2012-08-01,2012-13,Master,Prod,17
2012-08-01,2012-13,Master,Prod,0
2012-08-01,2012-13,Master,Prod,0
2012-08-01,2012-13,Master,Sale,20
2012-08-01,2012-13,Master,Sale,0
2012-08-01,2012-13,Master,Sale,2
2012-09-01,2012-13,Master,Prod,21
2012-09-01,2012-13,Master,Prod,0
2012-09-01,2012-13,Master,Prod,5
2012-09-01,2012-13,Master,Sale,19
2012-09-01,2012-13,Master,Sale,0
2012-09-01,2012-13,Master,Sale,3
2012-10-01,2012-13,Master,Prod,31
2012-10-01,2012-13,Master,Prod,0
2012-10-01,2012-13,Master,Prod,3
2012-10-01,2012-13,Master,Sale,28
2012-10-01,2012-13,Master,Sale,0
2012-10-01,2012-13,Master,Sale,1
2012-11-01,2012-13,Master,Prod,30
2012-11-01,2012-13,Master,Prod,3
2012-11-01,2012-13,Master,Prod,2
2012-11-01,2012-13,Master,Sale,30
2012-11-01,2012-13,Master,Sale,3
2012-11-01,2012-13,Master,Sale,2
2012-12-01,2012-13,Master,Prod,46
2012-12-01,2012-13,Master,Prod,1
2012-12-01,2012-13,Master,Prod,3
2012-12-01,2012-13,Master,Sale,28
2012-12-01,2012-13,Master,Sale,0
2012-12-01,2012-13,Master,Sale,3
2013-01-01,2012-13,Master,Prod,72
2013-01-01,2012-13,Master,Prod,0
2013-01-01,2012-13,Master,Prod,3
2013-01-01,2012-13,Master,Sale,65
2013-01-01,2012-13,Master,Sale,1
2013-01-01,2012-13,Master,Sale,4
2013-02-01,2012-13,Master,Prod,99
2013-02-01,2012-13,Master,Prod,0
2013-02-01,2012-13,Master,Prod,3
2013-02-01,2012-13,Master,Sale,85
2013-02-01,2012-13,Master,Sale,0
2013-02-01,2012-13,Master,Sale,0
2013-03-01,2012-13,Master,Prod,65
2013-03-01,2012-13,Master,Prod,0
2013-03-01,2012-13,Master,Prod,1
2013-03-01,2012-13,Master,Sale,57
2013-03-01,2012-13,Master,Sale,0
2013-03-01,2012-13,Master,Sale,1
2013-04-01,2012-13,Master,Prod,75
2013-04-01,2012-13,Master,Prod,0
2013-04-01,2012-13,Master,Prod,2
2013-04-01,2012-13,Master,Sale,58
2013-04-01,2012-13,Master,Sale,0
2013-04-01,2012-13,Master,Sale,5
2013-05-01,2012-13,Master,Prod,40
2013-05-01,2012-13,Master,Prod,0
2013-05-01,2012-13,Master,Prod,7
2013-05-01,2012-13,Master,Sale,54
2013-05-01,2012-13,Master,Sale,0
2013-05-01,2012-13,Master,Sale,3
2013-06-01,2012-13,Master,Prod,126
2013-06-01,2012-13,Master,Prod,0
2013-06-01,2012-13,Master,Prod,2
2013-06-01,2012-13,Master,Sale,107
2013-06-01,2012-13,Master,Sale,0
2013-06-01,2012-13,Master,Sale,1
2013-07-01,2013-14,Master,Prod,30
2013-07-01,2013-14,Master,Prod,0
2013-07-01,2013-14,Master,Prod,1
2013-07-01,2013-14,Master,Sale,24
2013-07-01,2013-14,Master,Sale,0
2013-07-01,2013-14,Master,Sale,0
2013-08-01,2013-14,Master,Prod,16
2013-08-01,2013-14,Master,Prod,5
2013-08-01,2013-14,Master,Prod,0
2013-08-01,2013-14,Master,Sale,26
2013-08-01,2013-14,Master,Sale,0
2013-08-01,2013-14,Master,Sale,2
2013-09-01,2013-14,Master,Prod,48
2013-09-01,2013-14,Master,Prod,4
2013-09-01,2013-14,Master,Prod,1
2013-09-01,2013-14,Master,Sale,36
2013-09-01,2013-14,Master,Sale,3
2013-09-01,2013-14,Master,Sale,3
2013-10-01,2013-14,Master,Prod,41
2013-10-01,2013-14,Master,Prod,4
2013-10-01,2013-14,Master,Prod,4
2013-10-01,2013-14,Master,Sale,39
2013-10-01,2013-14,Master,Sale,0
2013-10-01,2013-14,Master,Sale,1
2013-11-01,2013-14,Master,Prod,40
2013-11-01,2013-14,Master,Prod,0
2013-11-01,2013-14,Master,Prod,0
2013-11-01,2013-14,Master,Sale,33
2013-11-01,2013-14,Master,Sale,0
2013-11-01,2013-14,Master,Sale,0
2013-12-01,2013-14,Master,Prod,48
2013-12-01,2013-14,Master,Prod,0
2013-12-01,2013-14,Master,Prod,0
2013-12-01,2013-14,Master,Sale,62
2013-12-01,2013-14,Master,Sale,0
2013-12-01,2013-14,Master,Sale,2
2014-01-01,2013-14,Master,Prod,40
2014-01-01,2013-14,Master,Prod,0
2014-01-01,2013-14,Master,Prod,0
2014-01-01,2013-14,Master,Sale,46
2014-01-01,2013-14,Master,Sale,0
2014-01-01,2013-14,Master,Sale,3
2014-02-01,2013-14,Master,Prod,43
2014-02-01,2013-14,Master,Prod,0
2014-02-01,2013-14,Master,Prod,0
2014-02-01,2013-14,Master,Sale,65
2014-02-01,2013-14,Master,Sale,1
2014-02-01,2013-14,Master,Sale,0
2014-03-01,2013-14,Master,Prod,63
2014-03-01,2013-14,Master,Prod,0
2014-03-01,2013-14,Master,Prod,3
2014-03-01,2013-14,Master,Sale,36
2014-03-01,2013-14,Master,Sale,0
2014-03-01,2013-14,Master,Sale,3
2014-04-01,2013-14,Master,Prod,97
2014-04-01,2013-14,Master,Prod,0
2014-04-01,2013-14,Master,Prod,1
2014-04-01,2013-14,Master,Sale,53
2014-04-01,2013-14,Master,Sale,1
2014-04-01,2013-14,Master,Sale,0
2014-05-01,2013-14,Master,Prod,37
2014-05-01,2013-14,Master,Prod,0
2014-05-01,2013-14,Master,Prod,1
2014-05-01,2013-14,Master,Sale,50
2014-05-01,2013-14,Master,Sale,0
2014-05-01,2013-14,Master,Sale,2
2014-06-01,2013-14,Master,Prod,138
2014-06-01,2013-14,Master,Prod,1
2014-06-01,2013-14,Master,Prod,0
2014-06-01,2013-14,Master,Sale,180
2014-06-01,2013-14,Master,Sale,0
2014-06-01,2013-14,Master,Sale,0
2014-07-01,2014-15,Master,Prod,37
2014-07-01,2014-15,Master,Prod,1
2014-07-01,2014-15,Master,Prod,0
2014-07-01,2014-15,Master,Sale,35
2014-07-01,2014-15,Master,Sale,2
2014-07-01,2014-15,Master,Sale,1
2014-08-01,2014-15,Master,Prod,95
2014-08-01,2014-15,Master,Prod,7
2014-08-01,2014-15,Master,Prod,2
2014-08-01,2014-15,Master,Sale,47
2014-08-01,2014-15,Master,Sale,3
2014-08-01,2014-15,Master,Sale,1
2014-09-01,2014-15,Master,Prod,86
2014-09-01,2014-15,Master,Prod,2
2014-09-01,2014-15,Master,Prod,2
2014-09-01,2014-15,Master,Sale,96
2014-09-01,2014-15,Master,Sale,2
2014-09-01,2014-15,Master,Sale,4
2014-10-01,2014-15,Master,Prod,24
2014-10-01,2014-15,Master,Prod,0
2014-10-01,2014-15,Master,Prod,0
2014-10-01,2014-15,Master,Sale,58
2014-10-01,2014-15,Master,Sale,0
2014-10-01,2014-15,Master,Sale,0
2014-11-01,2014-15,Master,Prod,24
2014-11-01,2014-15,Master,Prod,0
2014-11-01,2014-15,Master,Prod,2
2014-11-01,2014-15,Master,Sale,47
2014-11-01,2014-15,Master,Sale,1
2014-11-01,2014-15,Master,Sale,0
2014-12-01,2014-15,Master,Prod,56
2014-12-01,2014-15,Master,Prod,0
2014-12-01,2014-15,Master,Prod,0
2014-12-01,2014-15,Master,Sale,55
2014-12-01,2014-15,Master,Sale,0
2014-12-01,2014-15,Master,Sale,0
2015-01-01,2014-15,Master,Prod,94
2015-01-01,2014-15,Master,Prod,1
2015-01-01,2014-15,Master,Prod,0
2015-01-01,2014-15,Master,Sale,83
2015-01-01,2014-15,Master,Sale,4
2015-01-01,2014-15,Master,Sale,1
2015-02-01,2014-15,Master,Prod,75
2015-02-01,2014-15,Master,Prod,0
2015-02-01,2014-15,Master,Prod,0
2015-02-01,2014-15,Master,Sale,78
2015-02-01,2014-15,Master,Sale,0
2015-02-01,2014-15,Master,Sale,0
2015-03-01,2014-15,Master,Prod,82
2015-03-01,2014-15,Master,Prod,0
2015-03-01,2014-15,Master,Prod,0
2015-03-01,2014-15,Master,Sale,50
2015-03-01,2014-15,Master,Sale,0
2015-03-01,2014-15,Master,Sale,0
2015-04-01,2014-15,Master,Prod,67
2015-04-01,2014-15,Master,Prod,0
2015-04-01,2014-15,Master,Prod,0
2015-04-01,2014-15,Master,Sale,81
2015-04-01,2014-15,Master,Sale,0
2015-04-01,2014-15,Master,Sale,0
2015-05-01,2014-15,Master,Prod,85
2015-05-01,2014-15,Master,Prod,0
2015-05-01,2014-15,Master,Prod,0
2015-05-01,2014-15,Master,Sale,81
2015-05-01,2014-15,Master,Sale,0
2015-05-01,2014-15,Master,Sale,0
2015-06-01,2014-15,Master,Prod,59
2015-06-01,2014-15,Master,Prod,0
2015-06-01,2014-15,Master,Prod,0
2015-06-01,2014-15,Master,Sale,100
2015-06-01,2014-15,Master,Sale,0
2015-06-01,2014-15,Master,Sale,1
2015-07-01,2015-16,Master,Prod,45
2015-07-01,2015-16,Master,Prod,0
2015-07-01,2015-16,Master,Prod,0
2015-07-01,2015-16,Master,Sale,49
2015-07-01,2015-16,Master,Sale,0
2015-07-01,2015-16,Master,Sale,0
2015-08-01,2015-16,Master,Prod,78
2015-08-01,2015-16,Master,Prod,0
2015-08-01,2015-16,Master,Prod,0
2015-08-01,2015-16,Master,Sale,81
2015-08-01,2015-16,Master,Sale,1
2015-08-01,2015-16,Master,Sale,0
2015-09-01,2015-16,Master,Prod,62
2015-09-01,2015-16,Master,Prod,0
2015-09-01,2015-16,Master,Prod,0
2015-09-01,2015-16,Master,Sale,38
2015-09-01,2015-16,Master,Sale,0
2015-09-01,2015-16,Master,Sale,1
2015-10-01,2015-16,Master,Prod,46
2015-10-01,2015-16,Master,Prod,3
2015-10-01,2015-16,Master,Prod,0
2015-10-01,2015-16,Master,Sale,60
2015-10-01,2015-16,Master,Sale,0
2015-10-01,2015-16,Master,Sale,0
2015-11-01,2015-16,Master,Prod,47
2015-11-01,2015-16,Master,Prod,0
2015-11-01,2015-16,Master,Prod,0
2015-11-01,2015-16,Master,Sale,62
2015-11-01,2015-16,Master,Sale,0
2015-11-01,2015-16,Master,Sale,0
2015-12-01,2015-16,Master,Prod,64
2015-12-01,2015-16,Master,Prod,0
2015-12-01,2015-16,Master,Prod,0
2015-12-01,2015-16,Master,Sale,36
2015-12-01,2015-16,Master,Sale,0
2015-12-01,2015-16,Master,Sale,0
2016-01-01,2015-16,Master,Prod,100
2016-01-01,2015-16,Master,Prod,4
2016-01-01,2015-16,Master,Prod,0
2016-01-01,2015-16,Master,Sale,95
2016-01-01,2015-16,Master,Sale,2
2016-01-01,2015-16,Master,Sale,0
2016-02-01,2015-16,Master,Prod,101
2016-02-01,2015-16,Master,Prod,1
2016-02-01,2015-16,Master,Prod,0
2016-02-01,2015-16,Master,Sale,85
2016-02-01,2015-16,Master,Sale,0
2016-02-01,2015-16,Master,Sale,0
2016-03-01,2015-16,Master,Prod,96
2016-03-01,2015-16,Master,Prod,6
2016-03-01,2015-16,Master,Prod,0
2016-03-01,2015-16,Master,Sale,59
2016-03-01,2015-16,Master,Sale,8
2016-03-01,2015-16,Master,Sale,0
2016-04-01,2015-16,Master,Prod,84
2016-04-01,2015-16,Master,Prod,4
2016-04-01,2015-16,Master,Prod,0
2016-04-01,2015-16,Master,Sale,75
2016-04-01,2015-16,Master,Sale,1
2016-04-01,2015-16,Master,Sale,0
2016-05-01,2015-16,Master,Prod,102
2016-05-01,2015-16,Master,Prod,8
2016-05-01,2015-16,Master,Prod,0
2016-05-01,2015-16,Master,Sale,111
2016-05-01,2015-16,Master,Sale,2
2016-05-01,2015-16,Master,Sale,0
2016-06-01,2015-16,Master,Prod,104
2016-06-01,2015-16,Master,Prod,6
2016-06-01,2015-16,Master,Prod,0
2016-06-01,2015-16,Master,Sale,139
2016-06-01,2015-16,Master,Sale,14
2016-06-01,2015-16,Master,Sale,0
2016-07-01,2016-17,Master,Prod,52
2016-07-01,2016-17,Master,Prod,9
2016-07-01,2016-17,Master,Prod,0
2016-07-01,2016-17,Master,Sale,70
2016-07-01,2016-17,Master,Sale,7
2016-07-01,2016-17,Master,Sale,0
2016-08-01,2016-17,Master,Prod,83
2016-08-01,2016-17,Master,Prod,7
2016-08-01,2016-17,Master,Prod,0
2016-08-01,2016-17,Master,Sale,79
2016-08-01,2016-17,Master,Sale,10
2016-08-01,2016-17,Master,Sale,0
2016-09-01,2016-17,Master,Prod,95
2016-09-01,2016-17,Master,Prod,14
2016-09-01,2016-17,Master,Prod,0
2016-09-01,2016-17,Master,Sale,71
2016-09-01,2016-17,Master,Sale,9
2016-09-01,2016-17,Master,Sale,0
2016-10-01,2016-17,Master,Prod,88
2016-10-01,2016-17,Master,Prod,10
2016-10-01,2016-17,Master,Prod,0
2016-10-01,2016-17,Master,Sale,78
2016-10-01,2016-17,Master,Sale,9
2016-10-01,2016-17,Master,Sale,0
2016-11-01,2016-17,Master,Prod,104
2016-11-01,2016-17,Master,Prod,21
2016-11-01,2016-17,Master,Prod,0
2016-11-01,2016-17,Master,Sale,104
2016-11-01,2016-17,Master,Sale,17
2016-11-01,2016-17,Master,Sale,0
2016-12-01,2016-17,Master,Prod,93
2016-12-01,2016-17,Master,Prod,12
2016-12-01,2016-17,Master,Prod,0
2016-12-01,2016-17,Master,Sale,76
2016-12-01,2016-17,Master,Sale,9
2016-12-01,2016-17,Master,Sale,0
2017-01-01,2016-17,Master,Prod,74
2017-01-01,2016-17,Master,Prod,7
2017-01-01,2016-17,Master,Prod,0
2017-01-01,2016-17,Master,Sale,103
2017-01-01,2016-17,Master,Sale,18
2017-01-01,2016-17,Master,Sale,0
2017-02-01,2016-17,Master,Prod,76
2017-02-01,2016-17,Master,Prod,5
2017-02-01,2016-17,Master,Prod,0
2017-02-01,2016-17,Master,Sale,93
2017-02-01,2016-17,Master,Sale,12
2017-02-01,2016-17,Master,Sale,0
2017-03-01,2016-17,Master,Prod,126
2017-03-01,2016-17,Master,Prod,16
2017-03-01,2016-17,Master,Prod,0
2017-03-01,2016-17,Master,Sale,118
2017-03-01,2016-17,Master,Sale,13
2017-03-01,2016-17,Master,Sale,0
2017-04-01,2016-17,Master,Prod,108
2017-04-01,2016-17,Master,Prod,24
2017-04-01,2016-17,Master,Prod,0
2017-04-01,2016-17,Master,Sale,115
2017-04-01,2016-17,Master,Sale,22
2017-04-01,2016-17,Master,Sale,0
2017-05-01,2016-17,Master,Prod,135
2017-05-01,2016-17,Master,Prod,24
2017-05-01,2016-17,Master,Prod,0
2017-05-01,2016-17,Master,Sale,149
2017-05-01,2016-17,Master,Sale,21
2017-05-01,2016-17,Master,Sale,0
2017-06-01,2016-17,Master,Prod,106
2017-06-01,2016-17,Master,Prod,29
2017-06-01,2016-17,Master,Prod,0
2017-06-01,2016-17,Master,Sale,59
2017-06-01,2016-17,Master,Sale,11
2017-06-01,2016-17,Master,Sale,0
2017-07-01,2017-18,Master,Prod,141
2017-07-01,2017-18,Master,Prod,23
2017-07-01,2017-18,Master,Prod,0
2017-07-01,2017-18,Master,Sale,126
2017-07-01,2017-18,Master,Sale,40
2017-07-01,2017-18,Master,Sale,0
2017-08-01,2017-18,Master,Prod,138
2017-08-01,2017-18,Master,Prod,35
2017-08-01,2017-18,Master,Prod,0
2017-08-01,2017-18,Master,Sale,133
2017-08-01,2017-18,Master,Sale,28
2017-08-01,2017-18,Master,Sale,0
2017-09-01,2017-18,Master,Prod,150
2017-09-01,2017-18,Master,Prod,20
2017-09-01,2017-18,Master,Prod,0
2017-09-01,2017-18,Master,Sale,133
2017-09-01,2017-18,Master,Sale,20
2017-09-01,2017-18,Master,Sale,0
2017-10-01,2017-18,Master,Prod,127
2017-10-01,2017-18,Master,Prod,27
2017-10-01,2017-18,Master,Prod,0
2017-10-01,2017-18,Master,Sale,114
2017-10-01,2017-18,Master,Sale,14
2017-10-01,2017-18,Master,Sale,0
2017-11-01,2017-18,Master,Prod,127
2017-11-01,2017-18,Master,Prod,15
2017-11-01,2017-18,Master,Prod,0
2017-11-01,2017-18,Master,Sale,115
2017-11-01,2017-18,Master,Sale,5
2017-11-01,2017-18,Master,Sale,0
2017-12-01,2017-18,Master,Prod,104
2017-12-01,2017-18,Master,Prod,30
2017-12-01,2017-18,Master,Prod,0
2017-12-01,2017-18,Master,Sale,55
2017-12-01,2017-18,Master,Sale,7
2017-12-01,2017-18,Master,Sale,0
2018-01-01,2017-18,Master,Prod,116
2018-01-01,2017-18,Master,Prod,18
2018-01-01,2017-18,Master,Prod,0
2018-01-01,2017-18,Master,Sale,132
2018-01-01,2017-18,Master,Sale,38
2018-01-01,2017-18,Master,Sale,0
2018-02-01,2017-18,Master,Prod,115
2018-02-01,2017-18,Master,Prod,34
2018-02-01,2017-18,Master,Prod,0
2018-02-01,2017-18,Master,Sale,99
2018-02-01,2017-18,Master,Sale,26
2018-02-01,2017-18,Master,Sale,0
2018-03-01,2017-18,Master,Prod,109
2018-03-01,2017-18,Master,Prod,20
2018-03-01,2017-18,Master,Prod,0
2018-03-01,2017-18,Master,Sale,172
2018-03-01,2017-18,Master,Sale,39
2018-03-01,2017-18,Master,Sale,0
2018-04-01,2017-18,Master,Prod,191
2018-04-01,2017-18,Master,Prod,33
2018-04-01,2017-18,Master,Prod,0
2018-04-01,2017-18,Master,Sale,217
2018-04-01,2017-18,Master,Sale,32
2018-04-01,2017-18,Master,Sale,0
2018-05-01,2017-18,Master,Prod,122
2018-05-01,2017-18,Master,Prod,30
2018-05-01,2017-18,Master,Prod,0
2018-05-01,2017-18,Master,Sale,136
2018-05-01,2017-18,Master,Sale,39
2018-05-01,2017-18,Master,Sale,0
2018-06-01,2017-18,Master,Prod,139
2018-06-01,2017-18,Master,Prod,19
2018-06-01,2017-18,Master,Prod,0
2018-06-01,2017-18,Master,Sale,129
2018-06-01,2017-18,Master,Sale,18
2018-06-01,2017-18,Master,Sale,0
2018-07-01,2018-19,Master,Prod,192
2018-07-01,2018-19,Master,Prod,20
2018-07-01,2018-19,Master,Sale,110
2018-07-01,2018-19,Master,Sale,24
2018-08-01,2018-19,Master,Prod,116
2018-08-01,2018-19,Master,Prod,25
2018-08-01,2018-19,Master,Sale,100
2018-08-01,2018-19,Master,Sale,30
2018-09-01,2018-19,Master,Prod,63
2018-09-01,2018-19,Master,Prod,20
2018-09-01,2018-19,Master,Sale,75
2018-09-01,2018-19,Master,Sale,20
2018-10-01,2018-19,Master,Prod,85
2018-10-01,2018-19,Master,Prod,15
2018-10-01,2018-19,Master,Sale,116
2018-10-01,2018-19,Master,Sale,17
2018-11-01,2018-19,Master,Prod,114
2018-11-01,2018-19,Master,Prod,15
2018-11-01,2018-19,Master,Sale,102
2018-11-01,2018-19,Master,Sale,13
2018-12-01,2018-19,Master,Prod,110
2018-12-01,2018-19,Master,Prod,10
2018-12-01,2018-19,Master,Sale,37
2018-12-01,2018-19,Master,Sale,9
2019-01-01,2018-19,Master,Prod,162
2019-01-01,2018-19,Master,Prod,21
2019-01-01,2018-19,Master,Sale,174
2019-01-01,2018-19,Master,Sale,33
2019-02-01,2018-19,Master,Prod,96
2019-02-01,2018-19,Master,Prod,20
2019-02-01,2018-19,Master,Sale,128
2019-02-01,2018-19,Master,Sale,19
2019-03-01,2018-19,Master,Prod,95
2019-03-01,2018-19,Master,Prod,15
2019-03-01,2018-19,Master,Sale,113
2019-03-01,2018-19,Master,Sale,21
2019-04-01,2018-19,Master,Prod,124
2019-04-01,2018-19,Master,Prod,19
2019-04-01,2018-19,Master,Sale,139
2019-04-01,2018-19,Master,Sale,22
2019-05-01,2018-19,Master,Prod,85
2019-05-01,2018-19,Master,Prod,40
2019-05-01,2018-19,Master,Sale,84
2019-05-01,2018-19,Master,Sale,35
2019-06-01,2018-19,Master,Prod,60
2019-06-01,2018-19,Master,Prod,34
2019-06-01,2018-19,Master,Sale,41
2019-06-01,2018-19,Master,Sale,31
2019-07-01,2019-20,Master,Prod,56
2019-07-01,2019-20,Master,Prod,25
2019-07-01,2019-20,Master,Sale,54
2019-07-01,2019-20,Master,Sale,23
2019-08-01,2019-20,Master,Prod,8
2019-08-01,2019-20,Master,Prod,16
2019-08-01,2019-20,Master,Sale,37
2019-08-01,2019-20,Master,Sale,11
2019-09-01,2019-20,Master,Prod,23
2019-09-01,2019-20,Master,Prod,13
2019-09-01,2019-20,Master,Sale,30
2019-09-01,2019-20,Master,Sale,5
2019-10-01,2019-20,Master,Prod,28
2019-10-01,2019-20,Master,Prod,14
2019-10-01,2019-20,Master,Sale,27
2019-10-01,2019-20,Master,Sale,29
2019-11-01,2019-20,Master,Prod,36
2019-11-01,2019-20,Master,Prod,10
2019-11-01,2019-20,Master,Sale,35
2019-11-01,2019-20,Master,Sale,15
2019-12-01,2019-20,Master,Prod,17
2019-12-01,2019-20,Master,Prod,15
2019-12-01,2019-20,Master,Sale,15
2019-12-01,2019-20,Master,Sale,10
2020-01-01,2019-20,Master,Prod,52
2020-01-01,2019-20,Master,Prod,22
2020-01-01,2019-20,Master,Sale,80
2020-01-01,2019-20,Master,Sale,30
2020-02-01,2019-20,Master,Prod,46
2020-02-01,2019-20,Master,Prod,30
2020-02-01,2019-20,Master,Sale,47
2020-02-01,2019-20,Master,Sale,31
2020-03-01,2019-20,Master,Prod,37
2020-03-01,2019-20,Master,Prod,16
2020-03-01,2019-20,Master,Sale,42
2020-03-01,2019-20,Master,Sale,11
2020-04-01,2019-20,Master,Prod,0
2020-04-01,2019-20,Master,Prod,0
2020-04-01,2019-20,Master,Sale,0
2020-04-01,2019-20,Master,Sale,0
2020-05-01,2019-20,Master,Prod,0
2020-05-01,2019-20,Master,Prod,0
2020-05-01,2019-20,Master,Sale,9
2020-05-01,2019-20,Master,Sale,0
2020-06-01,2019-20,Master,Prod,53
2020-06-01,2019-20,Master,Prod,16
2020-06-01,2019-20,Master,Sale,48
2020-06-01,2019-20,Master,Sale,12
2007-07-01,2007-08,Nissan,Prod,66
2007-07-01,2007-08,Nissan,Prod,6
2007-07-01,2007-08,Nissan,Sale,70
2007-07-01,2007-08,Nissan,Sale,1
2007-08-01,2007-08,Nissan,Prod,6
2007-08-01,2007-08,Nissan,Prod,6
2007-08-01,2007-08,Nissan,Sale,66
2007-08-01,2007-08,Nissan,Sale,8
2007-09-01,2007-08,Nissan,Prod,60
2007-09-01,2007-08,Nissan,Prod,0
2007-09-01,2007-08,Nissan,Sale,71
2007-09-01,2007-08,Nissan,Sale,0
2007-10-01,2007-08,Nissan,Prod,41
2007-10-01,2007-08,Nissan,Prod,6
2007-10-01,2007-08,Nissan,Sale,73
2007-10-01,2007-08,Nissan,Sale,1
2007-11-01,2007-08,Nissan,Prod,78
2007-11-01,2007-08,Nissan,Prod,6
2007-11-01,2007-08,Nissan,Sale,89
2007-11-01,2007-08,Nissan,Sale,12
2007-12-01,2007-08,Nissan,Prod,71
2007-12-01,2007-08,Nissan,Prod,6
2007-12-01,2007-08,Nissan,Sale,106
2007-12-01,2007-08,Nissan,Sale,2
2008-01-01,2007-08,Nissan,Prod,94
2008-01-01,2007-08,Nissan,Prod,6
2008-01-01,2007-08,Nissan,Sale,162
2008-01-01,2007-08,Nissan,Sale,3
2008-02-01,2007-08,Nissan,Prod,87
2008-02-01,2007-08,Nissan,Prod,6
2008-02-01,2007-08,Nissan,Sale,75
2008-02-01,2007-08,Nissan,Sale,0
2008-03-01,2007-08,Nissan,Prod,90
2008-03-01,2007-08,Nissan,Prod,6
2008-03-01,2007-08,Nissan,Sale,116
2008-03-01,2007-08,Nissan,Sale,1
2008-04-01,2007-08,Nissan,Prod,94
2008-04-01,2007-08,Nissan,Prod,0
2008-04-01,2007-08,Nissan,Sale,109
2008-04-01,2007-08,Nissan,Sale,2
2008-05-01,2007-08,Nissan,Prod,140
2008-05-01,2007-08,Nissan,Prod,0
2008-05-01,2007-08,Nissan,Sale,133
2008-05-01,2007-08,Nissan,Sale,12
2008-06-01,2007-08,Nissan,Prod,99
2008-06-01,2007-08,Nissan,Prod,6
2008-06-01,2007-08,Nissan,Sale,96
2008-06-01,2007-08,Nissan,Sale,1
2008-07-01,2008-09,Nissan,Prod,116
2008-07-01,2008-09,Nissan,Prod,0
2008-07-01,2008-09,Nissan,Sale,79
2008-07-01,2008-09,Nissan,Sale,0
2008-08-01,2008-09,Nissan,Prod,48
2008-08-01,2008-09,Nissan,Prod,0
2008-08-01,2008-09,Nissan,Sale,34
2008-08-01,2008-09,Nissan,Sale,0
2008-09-01,2008-09,Nissan,Prod,54
2008-09-01,2008-09,Nissan,Prod,0
2008-09-01,2008-09,Nissan,Sale,11
2008-09-01,2008-09,Nissan,Sale,0
2008-10-01,2008-09,Nissan,Prod,18
2008-10-01,2008-09,Nissan,Prod,0
2008-10-01,2008-09,Nissan,Sale,24
2008-10-01,2008-09,Nissan,Sale,0
2008-11-01,2008-09,Nissan,Prod,19
2008-11-01,2008-09,Nissan,Prod,0
2008-11-01,2008-09,Nissan,Sale,28
2008-11-01,2008-09,Nissan,Sale,6
2008-12-01,2008-09,Nissan,Prod,36
2008-12-01,2008-09,Nissan,Prod,0
2008-12-01,2008-09,Nissan,Sale,36
2008-12-01,2008-09,Nissan,Sale,0
2009-01-01,2008-09,Nissan,Prod,16
2009-01-01,2008-09,Nissan,Prod,0
2009-01-01,2008-09,Nissan,Sale,65
2009-01-01,2008-09,Nissan,Sale,0
2009-02-01,2008-09,Nissan,Prod,32
2009-02-01,2008-09,Nissan,Prod,0
2009-02-01,2008-09,Nissan,Sale,30
2009-02-01,2008-09,Nissan,Sale,0
2009-03-01,2008-09,Nissan,Prod,50
2009-03-01,2008-09,Nissan,Prod,0
2009-03-01,2008-09,Nissan,Sale,37
2009-03-01,2008-09,Nissan,Sale,0
2009-04-01,2008-09,Nissan,Prod,44
2009-04-01,2008-09,Nissan,Prod,0
2009-04-01,2008-09,Nissan,Sale,37
2009-04-01,2008-09,Nissan,Sale,5
2009-05-01,2008-09,Nissan,Prod,50
2009-05-01,2008-09,Nissan,Prod,0
2009-05-01,2008-09,Nissan,Sale,74
2009-05-01,2008-09,Nissan,Sale,0
2009-06-01,2008-09,Nissan,Prod,84
2009-06-01,2008-09,Nissan,Prod,0
2009-06-01,2008-09,Nissan,Sale,96
2009-06-01,2008-09,Nissan,Sale,7
2009-07-01,2009-10,Nissan,Prod,54
2009-07-01,2009-10,Nissan,Prod,6
2009-07-01,2009-10,Nissan,Sale,50
2009-07-01,2009-10,Nissan,Sale,0
2009-08-01,2009-10,Nissan,Prod,43
2009-08-01,2009-10,Nissan,Prod,0
2009-08-01,2009-10,Nissan,Sale,40
2009-08-01,2009-10,Nissan,Sale,0
2009-09-01,2009-10,Nissan,Prod,35
2009-09-01,2009-10,Nissan,Prod,0
2009-09-01,2009-10,Nissan,Sale,38
2009-09-01,2009-10,Nissan,Sale,0
2009-10-01,2009-10,Nissan,Prod,24
2009-10-01,2009-10,Nissan,Prod,0
2009-10-01,2009-10,Nissan,Sale,25
2009-10-01,2009-10,Nissan,Sale,0
2009-11-01,2009-10,Nissan,Prod,60
2009-11-01,2009-10,Nissan,Prod,0
2009-11-01,2009-10,Nissan,Sale,27
2009-11-01,2009-10,Nissan,Sale,0
2009-12-01,2009-10,Nissan,Prod,22
2009-12-01,2009-10,Nissan,Prod,0
2009-12-01,2009-10,Nissan,Sale,45
2009-12-01,2009-10,Nissan,Sale,0
2010-01-01,2009-10,Nissan,Prod,66
2010-01-01,2009-10,Nissan,Prod,0
2010-01-01,2009-10,Nissan,Sale,69
2010-01-01,2009-10,Nissan,Sale,2
2010-02-01,2009-10,Nissan,Prod,49
2010-02-01,2009-10,Nissan,Prod,6
2010-02-01,2009-10,Nissan,Sale,73
2010-02-01,2009-10,Nissan,Sale,3
2010-03-01,2009-10,Nissan,Prod,67
2010-03-01,2009-10,Nissan,Prod,12
2010-03-01,2009-10,Nissan,Sale,43
2010-03-01,2009-10,Nissan,Sale,8
2010-04-01,2009-10,Nissan,Prod,17
2010-04-01,2009-10,Nissan,Prod,6
2010-04-01,2009-10,Nissan,Sale,23
2010-04-01,2009-10,Nissan,Sale,10
2010-05-01,2009-10,Nissan,Prod,31
2010-05-01,2009-10,Nissan,Prod,0
2010-05-01,2009-10,Nissan,Sale,33
2010-05-01,2009-10,Nissan,Sale,7
2010-06-01,2009-10,Nissan,Prod,47
2010-06-01,2009-10,Nissan,Prod,0
2010-06-01,2009-10,Nissan,Sale,53
2010-06-01,2009-10,Nissan,Sale,0
2010-07-01,2010-11,Nissan,Prod,48
2010-07-01,2010-11,Nissan,Prod,0
2010-07-01,2010-11,Nissan,Sale,35
2010-07-01,2010-11,Nissan,Sale,0
2010-08-01,2010-11,Nissan,Prod,50
2010-08-01,2010-11,Nissan,Prod,0
2010-08-01,2010-11,Nissan,Sale,30
2010-08-01,2010-11,Nissan,Sale,0
2010-09-01,2010-11,Nissan,Prod,15
2010-09-01,2010-11,Nissan,Prod,0
2010-09-01,2010-11,Nissan,Sale,37
2010-09-01,2010-11,Nissan,Sale,0
2010-10-01,2010-11,Nissan,Prod,95
2010-10-01,2010-11,Nissan,Prod,0
2010-10-01,2010-11,Nissan,Sale,52
2010-10-01,2010-11,Nissan,Sale,0
2010-11-01,2010-11,Nissan,Prod,15
2010-11-01,2010-11,Nissan,Prod,0
2010-11-01,2010-11,Nissan,Sale,20
2010-11-01,2010-11,Nissan,Sale,0
2010-12-01,2010-11,Nissan,Prod,8
2010-12-01,2010-11,Nissan,Prod,0
2010-12-01,2010-11,Nissan,Sale,73
2010-12-01,2010-11,Nissan,Sale,0
2011-01-01,2010-11,Nissan,Prod,24
2011-01-01,2010-11,Nissan,Prod,0
2011-01-01,2010-11,Nissan,Sale,20
2011-01-01,2010-11,Nissan,Sale,0
2011-02-01,2010-11,Nissan,Prod,36
2011-02-01,2010-11,Nissan,Prod,0
2011-02-01,2010-11,Nissan,Sale,41
2011-02-01,2010-11,Nissan,Sale,0
2011-03-01,2010-11,Nissan,Prod,42
2011-03-01,2010-11,Nissan,Prod,0
2011-03-01,2010-11,Nissan,Sale,41
2011-03-01,2010-11,Nissan,Sale,0
2011-04-01,2010-11,Nissan,Prod,42
2011-04-01,2010-11,Nissan,Prod,0
2011-04-01,2010-11,Nissan,Sale,40
2011-04-01,2010-11,Nissan,Sale,0
2011-05-01,2010-11,Nissan,Prod,65
2011-05-01,2010-11,Nissan,Prod,0
2011-05-01,2010-11,Nissan,Sale,55
2011-05-01,2010-11,Nissan,Sale,0
2011-06-01,2010-11,Nissan,Prod,29
2011-06-01,2010-11,Nissan,Prod,0
2011-06-01,2010-11,Nissan,Sale,43
2011-06-01,2010-11,Nissan,Sale,0
2011-07-01,2011-12,Nissan,Prod,24
2011-07-01,2011-12,Nissan,Prod,0
2011-07-01,2011-12,Nissan,Sale,5
2011-07-01,2011-12,Nissan,Sale,0
2011-08-01,2011-12,Nissan,Prod,9
2011-08-01,2011-12,Nissan,Prod,0
2011-08-01,2011-12,Nissan,Sale,14
2011-08-01,2011-12,Nissan,Sale,0
2011-09-01,2011-12,Nissan,Prod,6
2011-09-01,2011-12,Nissan,Prod,0
2011-09-01,2011-12,Nissan,Sale,14
2011-09-01,2011-12,Nissan,Sale,0
2011-10-01,2011-12,Nissan,Prod,9
2011-10-01,2011-12,Nissan,Prod,0
2011-10-01,2011-12,Nissan,Sale,11
2011-10-01,2011-12,Nissan,Sale,0
2011-11-01,2011-12,Nissan,Prod,12
2011-11-01,2011-12,Nissan,Prod,0
2011-11-01,2011-12,Nissan,Sale,6
2011-11-01,2011-12,Nissan,Sale,0
2011-12-01,2011-12,Nissan,Prod,21
2011-12-01,2011-12,Nissan,Prod,0
2011-12-01,2011-12,Nissan,Sale,8
2011-12-01,2011-12,Nissan,Sale,0
2012-01-01,2011-12,Nissan,Prod,22
2012-01-01,2011-12,Nissan,Prod,0
2012-01-01,2011-12,Nissan,Sale,45
2012-01-01,2011-12,Nissan,Sale,0
2012-02-01,2011-12,Nissan,Prod,29
2012-02-01,2011-12,Nissan,Prod,6
2012-02-01,2011-12,Nissan,Sale,28
2012-02-01,2011-12,Nissan,Sale,6
2012-03-01,2011-12,Nissan,Prod,26
2012-03-01,2011-12,Nissan,Prod,0
2012-03-01,2011-12,Nissan,Sale,24
2012-03-01,2011-12,Nissan,Sale,0
2012-04-01,2011-12,Nissan,Prod,22
2012-04-01,2011-12,Nissan,Prod,0
2012-04-01,2011-12,Nissan,Sale,22
2012-04-01,2011-12,Nissan,Sale,0
2012-05-01,2011-12,Nissan,Prod,25
2012-05-01,2011-12,Nissan,Prod,0
2012-05-01,2011-12,Nissan,Sale,23
2012-05-01,2011-12,Nissan,Sale,0
2012-06-01,2011-12,Nissan,Prod,23
2012-06-01,2011-12,Nissan,Prod,0
2012-06-01,2011-12,Nissan,Sale,24
2012-06-01,2011-12,Nissan,Sale,0
2012-07-01,2012-13,Nissan,Prod,16
2012-07-01,2012-13,Nissan,Prod,0
2012-07-01,2012-13,Nissan,Sale,20
2012-07-01,2012-13,Nissan,Sale,0
2012-08-01,2012-13,Nissan,Prod,18
2012-08-01,2012-13,Nissan,Prod,0
2012-08-01,2012-13,Nissan,Sale,11
2012-08-01,2012-13,Nissan,Sale,0
2012-09-01,2012-13,Nissan,Prod,12
2012-09-01,2012-13,Nissan,Prod,0
2012-09-01,2012-13,Nissan,Sale,15
2012-09-01,2012-13,Nissan,Sale,0
2012-10-01,2012-13,Nissan,Prod,18
2012-10-01,2012-13,Nissan,Prod,0
2012-10-01,2012-13,Nissan,Sale,15
2012-10-01,2012-13,Nissan,Sale,0
2012-11-01,2012-13,Nissan,Prod,0
2012-11-01,2012-13,Nissan,Prod,0
2012-11-01,2012-13,Nissan,Sale,10
2012-11-01,2012-13,Nissan,Sale,0
2012-12-01,2012-13,Nissan,Prod,6
2012-12-01,2012-13,Nissan,Prod,0
2012-12-01,2012-13,Nissan,Sale,11
2012-12-01,2012-13,Nissan,Sale,0
2013-01-01,2012-13,Nissan,Prod,30
2013-01-01,2012-13,Nissan,Prod,0
2013-01-01,2012-13,Nissan,Sale,30
2013-01-01,2012-13,Nissan,Sale,0
2013-02-01,2012-13,Nissan,Prod,24
2013-02-01,2012-13,Nissan,Prod,0
2013-02-01,2012-13,Nissan,Sale,24
2013-02-01,2012-13,Nissan,Sale,0
2013-03-01,2012-13,Nissan,Prod,30
2013-03-01,2012-13,Nissan,Prod,0
2013-03-01,2012-13,Nissan,Sale,30
2013-03-01,2012-13,Nissan,Sale,0
2013-04-01,2012-13,Nissan,Prod,24
2013-04-01,2012-13,Nissan,Prod,0
2013-04-01,2012-13,Nissan,Sale,24
2013-04-01,2012-13,Nissan,Sale,0
2013-05-01,2012-13,Nissan,Prod,6
2013-05-01,2012-13,Nissan,Prod,0
2013-05-01,2012-13,Nissan,Sale,12
2013-05-01,2012-13,Nissan,Sale,0
2013-06-01,2012-13,Nissan,Prod,24
2013-06-01,2012-13,Nissan,Prod,0
2013-06-01,2012-13,Nissan,Sale,24
2013-06-01,2012-13,Nissan,Sale,0
2013-07-01,2013-14,Nissan,Prod,12
2013-07-01,2013-14,Nissan,Prod,0
2013-07-01,2013-14,Nissan,Sale,12
2013-07-01,2013-14,Nissan,Sale,0
2013-08-01,2013-14,Nissan,Prod,24
2013-08-01,2013-14,Nissan,Prod,0
2013-08-01,2013-14,Nissan,Sale,24
2013-08-01,2013-14,Nissan,Sale,0
2013-09-01,2013-14,Nissan,Prod,30
2013-09-01,2013-14,Nissan,Prod,6
2013-09-01,2013-14,Nissan,Sale,27
2013-09-01,2013-14,Nissan,Sale,6
2013-10-01,2013-14,Nissan,Prod,36
2013-10-01,2013-14,Nissan,Prod,0
2013-10-01,2013-14,Nissan,Sale,32
2013-10-01,2013-14,Nissan,Sale,0
2013-11-01,2013-14,Nissan,Prod,24
2013-11-01,2013-14,Nissan,Prod,0
2013-11-01,2013-14,Nissan,Sale,24
2013-11-01,2013-14,Nissan,Sale,0
2013-12-01,2013-14,Nissan,Prod,30
2013-12-01,2013-14,Nissan,Prod,0
2013-12-01,2013-14,Nissan,Sale,30
2013-12-01,2013-14,Nissan,Sale,0
2014-01-01,2013-14,Nissan,Prod,12
2014-01-01,2013-14,Nissan,Prod,0
2014-01-01,2013-14,Nissan,Sale,18
2014-01-01,2013-14,Nissan,Sale,0
2014-02-01,2013-14,Nissan,Prod,48
2014-02-01,2013-14,Nissan,Prod,0
2014-02-01,2013-14,Nissan,Sale,48
2014-02-01,2013-14,Nissan,Sale,0
2014-03-01,2013-14,Nissan,Prod,48
2014-03-01,2013-14,Nissan,Prod,0
2014-03-01,2013-14,Nissan,Sale,49
2014-03-01,2013-14,Nissan,Sale,0
2014-04-01,2013-14,Nissan,Prod,12
2014-04-01,2013-14,Nissan,Prod,0
2014-04-01,2013-14,Nissan,Sale,12
2014-04-01,2013-14,Nissan,Sale,0
2014-05-01,2013-14,Nissan,Prod,60
2014-05-01,2013-14,Nissan,Prod,0
2014-05-01,2013-14,Nissan,Sale,55
2014-05-01,2013-14,Nissan,Sale,0
2014-06-01,2013-14,Nissan,Prod,42
2014-06-01,2013-14,Nissan,Prod,0
2014-06-01,2013-14,Nissan,Sale,47
2014-06-01,2013-14,Nissan,Sale,0
2014-07-01,2014-15,Nissan,Prod,30
2014-07-01,2014-15,Nissan,Prod,0
2014-07-01,2014-15,Nissan,Sale,24
2014-07-01,2014-15,Nissan,Sale,0
2014-08-01,2014-15,Nissan,Prod,84
2014-08-01,2014-15,Nissan,Prod,0
2014-08-01,2014-15,Nissan,Sale,72
2014-08-01,2014-15,Nissan,Sale,0
2014-09-01,2014-15,Nissan,Prod,80
2014-09-01,2014-15,Nissan,Prod,0
2014-09-01,2014-15,Nissan,Sale,63
2014-09-01,2014-15,Nissan,Sale,0
2014-10-01,2014-15,Nissan,Prod,46
2014-10-01,2014-15,Nissan,Prod,0
2014-10-01,2014-15,Nissan,Sale,44
2014-10-01,2014-15,Nissan,Sale,0
2014-11-01,2014-15,Nissan,Prod,30
2014-11-01,2014-15,Nissan,Prod,0
2014-11-01,2014-15,Nissan,Sale,36
2014-11-01,2014-15,Nissan,Sale,0
2014-12-01,2014-15,Nissan,Prod,66
2014-12-01,2014-15,Nissan,Prod,0
2014-12-01,2014-15,Nissan,Sale,59
2014-12-01,2014-15,Nissan,Sale,0
2015-01-01,2014-15,Nissan,Prod,96
2015-01-01,2014-15,Nissan,Prod,0
2015-01-01,2014-15,Nissan,Sale,125
2015-01-01,2014-15,Nissan,Sale,0
2015-02-01,2014-15,Nissan,Prod,84
2015-02-01,2014-15,Nissan,Prod,0
2015-02-01,2014-15,Nissan,Sale,86
2015-02-01,2014-15,Nissan,Sale,0
2015-03-01,2014-15,Nissan,Prod,90
2015-03-01,2014-15,Nissan,Prod,0
2015-03-01,2014-15,Nissan,Sale,91
2015-03-01,2014-15,Nissan,Sale,0
2015-04-01,2014-15,Nissan,Prod,101
2015-04-01,2014-15,Nissan,Prod,0
2015-04-01,2014-15,Nissan,Sale,92
2015-04-01,2014-15,Nissan,Sale,0
2015-05-01,2014-15,Nissan,Prod,108
2015-05-01,2014-15,Nissan,Prod,0
2015-05-01,2014-15,Nissan,Sale,118
2015-05-01,2014-15,Nissan,Sale,0
2015-06-01,2014-15,Nissan,Prod,42
2015-06-01,2014-15,Nissan,Prod,0
2015-06-01,2014-15,Nissan,Sale,42
2015-06-01,2014-15,Nissan,Sale,0
2015-07-01,2015-16,Nissan,Prod,66
2015-07-01,2015-16,Nissan,Prod,0
2015-07-01,2015-16,Nissan,Sale,66
2015-07-01,2015-16,Nissan,Sale,0
2015-08-01,2015-16,Nissan,Prod,72
2015-08-01,2015-16,Nissan,Prod,0
2015-08-01,2015-16,Nissan,Sale,72
2015-08-01,2015-16,Nissan,Sale,0
2015-09-01,2015-16,Nissan,Prod,30
2015-09-01,2015-16,Nissan,Prod,0
2015-09-01,2015-16,Nissan,Sale,30
2015-09-01,2015-16,Nissan,Sale,0
2015-10-01,2015-16,Nissan,Prod,30
2015-10-01,2015-16,Nissan,Prod,0
2015-10-01,2015-16,Nissan,Sale,30
2015-10-01,2015-16,Nissan,Sale,0
2015-11-01,2015-16,Nissan,Prod,54
2015-11-01,2015-16,Nissan,Prod,0
2015-11-01,2015-16,Nissan,Sale,54
2015-11-01,2015-16,Nissan,Sale,0
2015-12-01,2015-16,Nissan,Prod,84
2015-12-01,2015-16,Nissan,Prod,0
2015-12-01,2015-16,Nissan,Sale,84
2015-12-01,2015-16,Nissan,Sale,0
2016-01-01,2015-16,Nissan,Prod,72
2016-01-01,2015-16,Nissan,Prod,0
2016-01-01,2015-16,Nissan,Sale,72
2016-01-01,2015-16,Nissan,Sale,0
2016-02-01,2015-16,Nissan,Prod,102
2016-02-01,2015-16,Nissan,Prod,0
2016-02-01,2015-16,Nissan,Sale,102
2016-02-01,2015-16,Nissan,Sale,0
2016-03-01,2015-16,Nissan,Prod,72
2016-03-01,2015-16,Nissan,Prod,0
2016-03-01,2015-16,Nissan,Sale,72
2016-03-01,2015-16,Nissan,Sale,0
2016-04-01,2015-16,Nissan,Prod,84
2016-04-01,2015-16,Nissan,Prod,0
2016-04-01,2015-16,Nissan,Sale,84
2016-04-01,2015-16,Nissan,Sale,0
2016-05-01,2015-16,Nissan,Prod,90
2016-05-01,2015-16,Nissan,Prod,0
2016-05-01,2015-16,Nissan,Sale,90
2016-05-01,2015-16,Nissan,Sale,0
2016-06-01,2015-16,Nissan,Prod,48
2016-06-01,2015-16,Nissan,Prod,0
2016-06-01,2015-16,Nissan,Sale,48
2016-06-01,2015-16,Nissan,Sale,0
2016-07-01,2016-17,Nissan,Prod,99
2016-07-01,2016-17,Nissan,Prod,0
2016-07-01,2016-17,Nissan,Sale,99
2016-07-01,2016-17,Nissan,Sale,0
2016-08-01,2016-17,Nissan,Prod,69
2016-08-01,2016-17,Nissan,Prod,0
2016-08-01,2016-17,Nissan,Sale,69
2016-08-01,2016-17,Nissan,Sale,0
2016-09-01,2016-17,Nissan,Prod,48
2016-09-01,2016-17,Nissan,Prod,0
2016-09-01,2016-17,Nissan,Sale,48
2016-09-01,2016-17,Nissan,Sale,0
2016-10-01,2016-17,Nissan,Prod,96
2016-10-01,2016-17,Nissan,Prod,0
2016-10-01,2016-17,Nissan,Sale,63
2016-10-01,2016-17,Nissan,Sale,0
2016-11-01,2016-17,Nissan,Prod,50
2016-11-01,2016-17,Nissan,Prod,0
2016-11-01,2016-17,Nissan,Sale,64
2016-11-01,2016-17,Nissan,Sale,0
2016-12-01,2016-17,Nissan,Prod,101
2016-12-01,2016-17,Nissan,Prod,0
2016-12-01,2016-17,Nissan,Sale,65
2016-12-01,2016-17,Nissan,Sale,0
2017-01-01,2016-17,Nissan,Prod,66
2017-01-01,2016-17,Nissan,Prod,0
2017-01-01,2016-17,Nissan,Sale,80
2017-01-01,2016-17,Nissan,Sale,0
2017-02-01,2016-17,Nissan,Prod,42
2017-02-01,2016-17,Nissan,Prod,0
2017-02-01,2016-17,Nissan,Sale,64
2017-02-01,2016-17,Nissan,Sale,0
2017-03-01,2016-17,Nissan,Prod,79
2017-03-01,2016-17,Nissan,Prod,0
2017-03-01,2016-17,Nissan,Sale,50
2017-03-01,2016-17,Nissan,Sale,0
2017-04-01,2016-17,Nissan,Prod,60
2017-04-01,2016-17,Nissan,Prod,0
2017-04-01,2016-17,Nissan,Sale,48
2017-04-01,2016-17,Nissan,Sale,0
2017-05-01,2016-17,Nissan,Prod,12
2017-05-01,2016-17,Nissan,Prod,0
2017-05-01,2016-17,Nissan,Sale,41
2017-05-01,2016-17,Nissan,Sale,0
2017-06-01,2016-17,Nissan,Prod,0
2017-06-01,2016-17,Nissan,Prod,0
2017-06-01,2016-17,Nissan,Sale,11
2017-06-01,2016-17,Nissan,Sale,0
2017-07-01,2017-18,Nissan,Prod,1
2017-07-01,2017-18,Nissan,Prod,0
2017-07-01,2017-18,Nissan,Sale,18
2017-07-01,2017-18,Nissan,Sale,0
2017-08-01,2017-18,Nissan,Prod,0
2017-08-01,2017-18,Nissan,Prod,0
2017-08-01,2017-18,Nissan,Sale,0
2017-08-01,2017-18,Nissan,Sale,0
2017-09-01,2017-18,Nissan,Prod,0
2017-09-01,2017-18,Nissan,Prod,0
2017-09-01,2017-18,Nissan,Sale,0
2017-09-01,2017-18,Nissan,Sale,0
2017-10-01,2017-18,Nissan,Prod,0
2017-10-01,2017-18,Nissan,Prod,0
2017-10-01,2017-18,Nissan,Sale,0
2017-10-01,2017-18,Nissan,Sale,0
2017-11-01,2017-18,Nissan,Prod,0
2017-11-01,2017-18,Nissan,Prod,0
2017-11-01,2017-18,Nissan,Sale,0
2017-11-01,2017-18,Nissan,Sale,0
2017-12-01,2017-18,Nissan,Prod,0
2017-12-01,2017-18,Nissan,Prod,0
2017-12-01,2017-18,Nissan,Sale,0
2017-12-01,2017-18,Nissan,Sale,0
2018-01-01,2017-18,Nissan,Prod,0
2018-01-01,2017-18,Nissan,Prod,0
2018-01-01,2017-18,Nissan,Sale,0
2018-01-01,2017-18,Nissan,Sale,0
2018-02-01,2017-18,Nissan,Prod,0
2018-02-01,2017-18,Nissan,Prod,0
2018-02-01,2017-18,Nissan,Sale,0
2018-02-01,2017-18,Nissan,Sale,0
2018-03-01,2017-18,Nissan,Prod,0
2018-03-01,2017-18,Nissan,Prod,0
2018-03-01,2017-18,Nissan,Sale,0
2018-03-01,2017-18,Nissan,Sale,0
2018-04-01,2017-18,Nissan,Prod,0
2018-04-01,2017-18,Nissan,Prod,0
2018-04-01,2017-18,Nissan,Sale,0
2018-04-01,2017-18,Nissan,Sale,0
2018-05-01,2017-18,Nissan,Prod,0
2018-05-01,2017-18,Nissan,Prod,0
2018-05-01,2017-18,Nissan,Sale,0
2018-05-01,2017-18,Nissan,Sale,0
2018-06-01,2017-18,Nissan,Prod,0
2018-06-01,2017-18,Nissan,Prod,0
2018-06-01,2017-18,Nissan,Sale,0
2018-06-01,2017-18,Nissan,Sale,0
2018-07-01,2018-19,Nissan,Prod,0
2018-07-01,2018-19,Nissan,Prod,0
2018-07-01,2018-19,Nissan,Sale,0
2018-07-01,2018-19,Nissan,Sale,0
2018-08-01,2018-19,Nissan,Prod,0
2018-08-01,2018-19,Nissan,Prod,0
2018-08-01,2018-19,Nissan,Sale,0
2018-08-01,2018-19,Nissan,Sale,0
2018-09-01,2018-19,Nissan,Prod,0
2018-09-01,2018-19,Nissan,Prod,0
2018-09-01,2018-19,Nissan,Sale,0
2018-09-01,2018-19,Nissan,Sale,0
2018-10-01,2018-19,Nissan,Prod,0
2018-10-01,2018-19,Nissan,Prod,0
2018-10-01,2018-19,Nissan,Sale,0
2018-10-01,2018-19,Nissan,Sale,0
2018-11-01,2018-19,Nissan,Prod,0
2018-11-01,2018-19,Nissan,Prod,0
2018-11-01,2018-19,Nissan,Sale,0
2018-11-01,2018-19,Nissan,Sale,0
2018-12-01,2018-19,Nissan,Prod,0
2018-12-01,2018-19,Nissan,Prod,0
2018-12-01,2018-19,Nissan,Sale,0
2018-12-01,2018-19,Nissan,Sale,0
2019-01-01,2018-19,Nissan,Prod,0
2019-01-01,2018-19,Nissan,Prod,0
2019-01-01,2018-19,Nissan,Sale,0
2019-01-01,2018-19,Nissan,Sale,0
2019-02-01,2018-19,Nissan,Prod,0
2019-02-01,2018-19,Nissan,Prod,0
2019-02-01,2018-19,Nissan,Sale,0
2019-02-01,2018-19,Nissan,Sale,0
2019-03-01,2018-19,Nissan,Prod,0
2019-03-01,2018-19,Nissan,Prod,0
2019-03-01,2018-19,Nissan,Sale,0
2019-03-01,2018-19,Nissan,Sale,0
2019-04-01,2018-19,Nissan,Prod,0
2019-04-01,2018-19,Nissan,Prod,0
2019-04-01,2018-19,Nissan,Sale,0
2019-04-01,2018-19,Nissan,Sale,0
2019-05-01,2018-19,Nissan,Prod,0
2019-05-01,2018-19,Nissan,Prod,0
2019-05-01,2018-19,Nissan,Sale,0
2019-05-01,2018-19,Nissan,Sale,0
2019-06-01,2018-19,Nissan,Prod,0
2019-06-01,2018-19,Nissan,Prod,0
2019-06-01,2018-19,Nissan,Sale,0
2019-06-01,2018-19,Nissan,Sale,0
2019-07-01,2019-20,Nissan,Prod,0
2019-07-01,2019-20,Nissan,Prod,0
2019-07-01,2019-20,Nissan,Sale,0
2019-07-01,2019-20,Nissan,Sale,0
2019-08-01,2019-20,Nissan,Prod,0
2019-08-01,2019-20,Nissan,Prod,0
2019-08-01,2019-20,Nissan,Sale,0
2019-08-01,2019-20,Nissan,Sale,0
2019-09-01,2019-20,Nissan,Prod,0
2019-09-01,2019-20,Nissan,Prod,0
2019-09-01,2019-20,Nissan,Sale,0
2019-09-01,2019-20,Nissan,Sale,0
2019-10-01,2019-20,Nissan,Prod,0
2019-10-01,2019-20,Nissan,Prod,0
2019-10-01,2019-20,Nissan,Sale,0
2019-10-01,2019-20,Nissan,Sale,0
2019-11-01,2019-20,Nissan,Prod,0
2019-11-01,2019-20,Nissan,Prod,0
2019-11-01,2019-20,Nissan,Sale,0
2019-11-01,2019-20,Nissan,Sale,0
2019-12-01,2019-20,Nissan,Prod,0
2019-12-01,2019-20,Nissan,Prod,0
2019-12-01,2019-20,Nissan,Sale,0
2019-12-01,2019-20,Nissan,Sale,0
2020-01-01,2019-20,Nissan,Prod,0
2020-01-01,2019-20,Nissan,Prod,0
2020-01-01,2019-20,Nissan,Sale,0
2020-01-01,2019-20,Nissan,Sale,0
2020-02-01,2019-20,Nissan,Prod,0
2020-02-01,2019-20,Nissan,Prod,0
2020-02-01,2019-20,Nissan,Sale,0
2020-02-01,2019-20,Nissan,Sale,0
2020-03-01,2019-20,Nissan,Prod,0
2020-03-01,2019-20,Nissan,Prod,0
2020-03-01,2019-20,Nissan,Sale,0
2020-03-01,2019-20,Nissan,Sale,0
2020-04-01,2019-20,Nissan,Prod,0
2020-04-01,2019-20,Nissan,Prod,0
2020-04-01,2019-20,Nissan,Sale,0
2020-04-01,2019-20,Nissan,Sale,0
2020-05-01,2019-20,Nissan,Prod,0
2020-05-01,2019-20,Nissan,Prod,0
2020-05-01,2019-20,Nissan,Sale,0
2020-05-01,2019-20,Nissan,Sale,0
2020-06-01,2019-20,Nissan,Prod,0
2020-06-01,2019-20,Nissan,Prod,0
2020-06-01,2019-20,Nissan,Sale,0
2020-06-01,2019-20,Nissan,Sale,0
2013-07-01,2013-14,Orient  IMT Tractor,Prod,64
2013-07-01,2013-14,Orient  IMT Tractor,Sale,0
2013-08-01,2013-14,Orient  IMT Tractor,Prod,88
2013-08-01,2013-14,Orient  IMT Tractor,Sale,11
2013-09-01,2013-14,Orient  IMT Tractor,Prod,89
2013-09-01,2013-14,Orient  IMT Tractor,Sale,53
2013-10-01,2013-14,Orient  IMT Tractor,Prod,92
2013-10-01,2013-14,Orient  IMT Tractor,Sale,41
2013-11-01,2013-14,Orient  IMT Tractor,Prod,96
2013-11-01,2013-14,Orient  IMT Tractor,Sale,47
2013-12-01,2013-14,Orient  IMT Tractor,Prod,153
2013-12-01,2013-14,Orient  IMT Tractor,Sale,529
2014-01-01,2013-14,Orient  IMT Tractor,Prod,50
2014-01-01,2013-14,Orient  IMT Tractor,Sale,3
2014-02-01,2013-14,Orient  IMT Tractor,Prod,43
2014-02-01,2013-14,Orient  IMT Tractor,Sale,3
2014-03-01,2013-14,Orient  IMT Tractor,Prod,39
2014-03-01,2013-14,Orient  IMT Tractor,Sale,8
2014-04-01,2013-14,Orient  IMT Tractor,Prod,63
2014-04-01,2013-14,Orient  IMT Tractor,Sale,56
2014-05-01,2013-14,Orient  IMT Tractor,Prod,107
2014-05-01,2013-14,Orient  IMT Tractor,Sale,31
2014-06-01,2013-14,Orient  IMT Tractor,Prod,117
2014-06-01,2013-14,Orient  IMT Tractor,Sale,154
2014-07-01,2014-15,Orient  IMT Tractor,Prod,78
2014-07-01,2014-15,Orient  IMT Tractor,Sale,8
2014-08-01,2014-15,Orient  IMT Tractor,Prod,99
2014-08-01,2014-15,Orient  IMT Tractor,Sale,22
2014-09-01,2014-15,Orient  IMT Tractor,Prod,115
2014-09-01,2014-15,Orient  IMT Tractor,Sale,63
2014-10-01,2014-15,Orient  IMT Tractor,Prod,63
2014-10-01,2014-15,Orient  IMT Tractor,Sale,73
2014-11-01,2014-15,Orient  IMT Tractor,Prod,70
2014-11-01,2014-15,Orient  IMT Tractor,Sale,91
2014-12-01,2014-15,Orient  IMT Tractor,Prod,103
2014-12-01,2014-15,Orient  IMT Tractor,Sale,76
2015-01-01,2014-15,Orient  IMT Tractor,Prod,70
2015-01-01,2014-15,Orient  IMT Tractor,Sale,76
2015-02-01,2014-15,Orient  IMT Tractor,Prod,70
2015-02-01,2014-15,Orient  IMT Tractor,Sale,77
2015-03-01,2014-15,Orient  IMT Tractor,Prod,110
2015-03-01,2014-15,Orient  IMT Tractor,Sale,145
2015-04-01,2014-15,Orient  IMT Tractor,Prod,122
2015-04-01,2014-15,Orient  IMT Tractor,Sale,147
2015-05-01,2014-15,Orient  IMT Tractor,Prod,110
2015-05-01,2014-15,Orient  IMT Tractor,Sale,148
2015-06-01,2014-15,Orient  IMT Tractor,Prod,100
2015-06-01,2014-15,Orient  IMT Tractor,Sale,85
2015-07-01,2015-16,Orient  IMT Tractor,Prod,70
2015-07-01,2015-16,Orient  IMT Tractor,Sale,71
2015-08-01,2015-16,Orient  IMT Tractor,Prod,71
2015-08-01,2015-16,Orient  IMT Tractor,Sale,85
2015-09-01,2015-16,Orient  IMT Tractor,Prod,77
2015-09-01,2015-16,Orient  IMT Tractor,Sale,66
2015-10-01,2015-16,Orient  IMT Tractor,Prod,59
2015-10-01,2015-16,Orient  IMT Tractor,Sale,73
2015-11-01,2015-16,Orient  IMT Tractor,Prod,70
2015-11-01,2015-16,Orient  IMT Tractor,Sale,105
2015-12-01,2015-16,Orient  IMT Tractor,Prod,100
2015-12-01,2015-16,Orient  IMT Tractor,Sale,39
2016-01-01,2015-16,Orient  IMT Tractor,Prod,100
2016-01-01,2015-16,Orient  IMT Tractor,Sale,106
2016-02-01,2015-16,Orient  IMT Tractor,Prod,101
2016-02-01,2015-16,Orient  IMT Tractor,Sale,104
2016-03-01,2015-16,Orient  IMT Tractor,Prod,89
2016-03-01,2015-16,Orient  IMT Tractor,Sale,39
2016-04-01,2015-16,Orient  IMT Tractor,Prod,160
2016-04-01,2015-16,Orient  IMT Tractor,Sale,42
2016-05-01,2015-16,Orient  IMT Tractor,Prod,100
2016-05-01,2015-16,Orient  IMT Tractor,Sale,16
2016-06-01,2015-16,Orient  IMT Tractor,Prod,63
2016-06-01,2015-16,Orient  IMT Tractor,Sale,6
2016-07-01,2016-17,Orient  IMT Tractor,Prod,48
2016-07-01,2016-17,Orient  IMT Tractor,Sale,0
2016-08-01,2016-17,Orient  IMT Tractor,Prod,3
2016-08-01,2016-17,Orient  IMT Tractor,Sale,5
2016-09-01,2016-17,Orient  IMT Tractor,Prod,0
2016-09-01,2016-17,Orient  IMT Tractor,Sale,240
2016-10-01,2016-17,Orient  IMT Tractor,Prod,0
2016-10-01,2016-17,Orient  IMT Tractor,Sale,87
2016-11-01,2016-17,Orient  IMT Tractor,Prod,23
2016-11-01,2016-17,Orient  IMT Tractor,Sale,37
2016-12-01,2016-17,Orient  IMT Tractor,Prod,10
2016-12-01,2016-17,Orient  IMT Tractor,Sale,37
2017-01-01,2016-17,Orient  IMT Tractor,Prod,19
2017-01-01,2016-17,Orient  IMT Tractor,Sale,74
2017-02-01,2016-17,Orient  IMT Tractor,Prod,4
2017-02-01,2016-17,Orient  IMT Tractor,Sale,15
2017-03-01,2016-17,Orient  IMT Tractor,Prod,32
2017-03-01,2016-17,Orient  IMT Tractor,Sale,40
2017-04-01,2016-17,Orient  IMT Tractor,Prod,53
2017-04-01,2016-17,Orient  IMT Tractor,Sale,49
2017-05-01,2016-17,Orient  IMT Tractor,Prod,60
2017-05-01,2016-17,Orient  IMT Tractor,Sale,39
2017-06-01,2016-17,Orient  IMT Tractor,Prod,59
2017-06-01,2016-17,Orient  IMT Tractor,Sale,30
2017-07-01,2017-18,Orient  IMT Tractor,Prod,65
2017-07-01,2017-18,Orient  IMT Tractor,Sale,13
2017-08-01,2017-18,Orient  IMT Tractor,Prod,42
2017-08-01,2017-18,Orient  IMT Tractor,Sale,11
2017-09-01,2017-18,Orient  IMT Tractor,Prod,24
2017-09-01,2017-18,Orient  IMT Tractor,Sale,14
2017-10-01,2017-18,Orient  IMT Tractor,Prod,17
2017-10-01,2017-18,Orient  IMT Tractor,Sale,16
2017-11-01,2017-18,Orient  IMT Tractor,Prod,20
2017-11-01,2017-18,Orient  IMT Tractor,Sale,21
2017-12-01,2017-18,Orient  IMT Tractor,Prod,10
2017-12-01,2017-18,Orient  IMT Tractor,Sale,20
2018-01-01,2017-18,Orient  IMT Tractor,Prod,21
2018-01-01,2017-18,Orient  IMT Tractor,Sale,39
2018-02-01,2017-18,Orient  IMT Tractor,Prod,52
2018-02-01,2017-18,Orient  IMT Tractor,Sale,35
2018-03-01,2017-18,Orient  IMT Tractor,Prod,55
2018-03-01,2017-18,Orient  IMT Tractor,Sale,24
2018-04-01,2017-18,Orient  IMT Tractor,Prod,64
2018-04-01,2017-18,Orient  IMT Tractor,Sale,33
2018-05-01,2017-18,Orient  IMT Tractor,Prod,46
2018-05-01,2017-18,Orient  IMT Tractor,Sale,83
2018-06-01,2017-18,Orient  IMT Tractor,Prod,100
2018-06-01,2017-18,Orient  IMT Tractor,Sale,32
2018-07-01,2018-19,Orient  IMT Tractor,Prod,100
2018-07-01,2018-19,Orient  IMT Tractor,Sale,52
2018-08-01,2018-19,Orient  IMT Tractor,Prod,15
2018-08-01,2018-19,Orient  IMT Tractor,Sale,10
2018-09-01,2018-19,Orient  IMT Tractor,Prod,0
2018-09-01,2018-19,Orient  IMT Tractor,Sale,53
2018-10-01,2018-19,Orient  IMT Tractor,Prod,3
2018-10-01,2018-19,Orient  IMT Tractor,Sale,16
2018-11-01,2018-19,Orient  IMT Tractor,Prod,0
2018-11-01,2018-19,Orient  IMT Tractor,Sale,85
2018-12-01,2018-19,Orient  IMT Tractor,Prod,0
2018-12-01,2018-19,Orient  IMT Tractor,Sale,2
2019-01-01,2018-19,Orient  IMT Tractor,Prod,26
2019-01-01,2018-19,Orient  IMT Tractor,Sale,44
2019-02-01,2018-19,Orient  IMT Tractor,Prod,35
2019-02-01,2018-19,Orient  IMT Tractor,Sale,36
2019-03-01,2018-19,Orient  IMT Tractor,Prod,25
2019-03-01,2018-19,Orient  IMT Tractor,Sale,23
2019-04-01,2018-19,Orient  IMT Tractor,Prod,30
2019-04-01,2018-19,Orient  IMT Tractor,Sale,29
2019-05-01,2018-19,Orient  IMT Tractor,Prod,15
2019-05-01,2018-19,Orient  IMT Tractor,Sale,28
2019-06-01,2018-19,Orient  IMT Tractor,Prod,16
2019-06-01,2018-19,Orient  IMT Tractor,Sale,16
2019-07-01,2019-20,Orient  IMT Tractor,Prod,28
2019-07-01,2019-20,Orient  IMT Tractor,Sale,29
2019-08-01,2019-20,Orient  IMT Tractor,Prod,21
2019-08-01,2019-20,Orient  IMT Tractor,Sale,13
2019-09-01,2019-20,Orient  IMT Tractor,Prod,18
2019-09-01,2019-20,Orient  IMT Tractor,Sale,54
2019-10-01,2019-20,Orient  IMT Tractor,Prod,22
2019-10-01,2019-20,Orient  IMT Tractor,Sale,14
2019-11-01,2019-20,Orient  IMT Tractor,Prod,3
2019-11-01,2019-20,Orient  IMT Tractor,Sale,7
2019-12-01,2019-20,Orient  IMT Tractor,Prod,7
2019-12-01,2019-20,Orient  IMT Tractor,Sale,8
2020-01-01,2019-20,Orient  IMT Tractor,Prod,5
2020-01-01,2019-20,Orient  IMT Tractor,Sale,22
2020-02-01,2019-20,Orient  IMT Tractor,Prod,17
2020-02-01,2019-20,Orient  IMT Tractor,Sale,15
2020-03-01,2019-20,Orient  IMT Tractor,Prod,1
2020-03-01,2019-20,Orient  IMT Tractor,Sale,7
2020-04-01,2019-20,Orient  IMT Tractor,Prod,0
2020-04-01,2019-20,Orient  IMT Tractor,Sale,14
2020-05-01,2019-20,Orient  IMT Tractor,Prod,8
2020-05-01,2019-20,Orient  IMT Tractor,Sale,2
2020-06-01,2019-20,Orient  IMT Tractor,Prod,8
2020-06-01,2019-20,Orient  IMT Tractor,Sale,11
2020-07-01,2020-21,Orient  IMT Tractor,Prod,8
2020-07-01,2020-21,Orient  IMT Tractor,Sale,7
2020-08-01,2020-21,Orient  IMT Tractor,Prod,3
2020-08-01,2020-21,Orient  IMT Tractor,Sale,6
2020-09-01,2020-21,Orient  IMT Tractor,Prod,23
2020-09-01,2020-21,Orient  IMT Tractor,Sale,16
2020-10-01,2020-21,Orient  IMT Tractor,Prod,51
2020-10-01,2020-21,Orient  IMT Tractor,Sale,34
2020-11-01,2020-21,Orient  IMT Tractor,Prod,55
2020-11-01,2020-21,Orient  IMT Tractor,Sale,28
2020-12-01,2020-21,Orient  IMT Tractor,Prod,44
2020-12-01,2020-21,Orient  IMT Tractor,Sale,26
2021-01-01,2020-21,Orient  IMT Tractor,Prod,35
2021-01-01,2020-21,Orient  IMT Tractor,Sale,38
2021-02-01,2020-21,Orient  IMT Tractor,Prod,39
2021-02-01,2020-21,Orient  IMT Tractor,Sale,26
2021-03-01,2020-21,Orient  IMT Tractor,Prod,23
2021-03-01,2020-21,Orient  IMT Tractor,Sale,16
2021-04-01,2020-21,Orient  IMT Tractor,Prod,15
2021-04-01,2020-21,Orient  IMT Tractor,Sale,43
2021-05-01,2020-21,Orient  IMT Tractor,Prod,3
2021-05-01,2020-21,Orient  IMT Tractor,Sale,13
2021-06-01,2020-21,Orient  IMT Tractor,Prod,0
2021-06-01,2020-21,Orient  IMT Tractor,Sale,11
2021-07-01,2021-22,Orient  IMT Tractor,Prod,0
2021-07-01,2021-22,Orient  IMT Tractor,Sale,0
2021-08-01,2021-22,Orient  IMT Tractor,Prod,0
2021-08-01,2021-22,Orient  IMT Tractor,Sale,0
2021-09-01,2021-22,Orient  IMT Tractor,Prod,0
2021-09-01,2021-22,Orient  IMT Tractor,Sale,0
2021-10-01,2021-22,Orient  IMT Tractor,Prod,0
2021-10-01,2021-22,Orient  IMT Tractor,Sale,0
2021-11-01,2021-22,Orient  IMT Tractor,Prod,0
2021-11-01,2021-22,Orient  IMT Tractor,Sale,0
2021-12-01,2021-22,Orient  IMT Tractor,Prod,0
2021-12-01,2021-22,Orient  IMT Tractor,Sale,0
2022-01-01,2021-22,Orient  IMT Tractor,Prod,0
2022-01-01,2021-22,Orient  IMT Tractor,Sale,0
2022-02-01,2021-22,Orient  IMT Tractor,Prod,0
2022-02-01,2021-22,Orient  IMT Tractor,Sale,0
2022-03-01,2021-22,Orient  IMT Tractor,Prod,0
2022-03-01,2021-22,Orient  IMT Tractor,Sale,0
2022-04-01,2021-22,Orient  IMT Tractor,Prod,0
2022-04-01,2021-22,Orient  IMT Tractor,Sale,0
2022-05-01,2021-22,Orient  IMT Tractor,Prod,0
2022-05-01,2021-22,Orient  IMT Tractor,Sale,0
2022-06-01,2021-22,Orient  IMT Tractor,Prod,0
2022-06-01,2021-22,Orient  IMT Tractor,Sale,0
2022-07-01,2022-23,Orient  IMT Tractor,Prod,0
2022-07-01,2022-23,Orient  IMT Tractor,Sale,0
2022-08-01,2022-23,Orient  IMT Tractor,Prod,0
2022-08-01,2022-23,Orient  IMT Tractor,Sale,0
2022-09-01,2022-23,Orient  IMT Tractor,Prod,0
2022-09-01,2022-23,Orient  IMT Tractor,Sale,0
2022-10-01,2022-23,Orient  IMT Tractor,Prod,0
2022-10-01,2022-23,Orient  IMT Tractor,Sale,0
2022-11-01,2022-23,Orient  IMT Tractor,Prod,0
2022-11-01,2022-23,Orient  IMT Tractor,Sale,0
2022-12-01,2022-23,Orient  IMT Tractor,Prod,0
2022-12-01,2022-23,Orient  IMT Tractor,Sale,0
2023-01-01,2022-23,Orient  IMT Tractor,Prod,0
2023-01-01,2022-23,Orient  IMT Tractor,Sale,0
2023-02-01,2022-23,Orient  IMT Tractor,Prod,0
2023-02-01,2022-23,Orient  IMT Tractor,Sale,0
2023-03-01,2022-23,Orient  IMT Tractor,Prod,0
2023-03-01,2022-23,Orient  IMT Tractor,Sale,0
2023-04-01,2022-23,Orient  IMT Tractor,Prod,0
2023-04-01,2022-23,Orient  IMT Tractor,Sale,0
2023-05-01,2022-23,Orient  IMT Tractor,Prod,0
2023-05-01,2022-23,Orient  IMT Tractor,Sale,0
2023-06-01,2022-23,Orient  IMT Tractor,Prod,0
2023-06-01,2022-23,Orient  IMT Tractor,Sale,0
2007-07-01,2007-08,Qingqi,Prod,100
2007-07-01,2007-08,Qingqi,Sale,1670
2007-08-01,2007-08,Qingqi,Prod,0
2007-08-01,2007-08,Qingqi,Sale,51
2007-09-01,2007-08,Qingqi,Prod,100
2007-09-01,2007-08,Qingqi,Sale,73
2007-10-01,2007-08,Qingqi,Prod,60
2007-10-01,2007-08,Qingqi,Sale,78
2007-11-01,2007-08,Qingqi,Prod,90
2007-11-01,2007-08,Qingqi,Sale,75
2007-12-01,2007-08,Qingqi,Prod,40
2007-12-01,2007-08,Qingqi,Sale,76
2008-01-01,2007-08,Qingqi,Prod,40
2008-01-01,2007-08,Qingqi,Sale,53
2008-02-01,2007-08,Qingqi,Prod,100
2008-02-01,2007-08,Qingqi,Sale,120
2008-03-01,2007-08,Qingqi,Prod,67
2008-03-01,2007-08,Qingqi,Sale,81
2008-04-01,2007-08,Qingqi,Prod,148
2008-04-01,2007-08,Qingqi,Sale,131
2008-05-01,2007-08,Qingqi,Prod,69
2008-05-01,2007-08,Qingqi,Sale,52
2008-06-01,2007-08,Qingqi,Prod,71
2008-06-01,2007-08,Qingqi,Sale,63
2008-07-01,2008-09,Qingqi,Prod,50
2008-07-01,2008-09,Qingqi,Sale,43
2008-08-01,2008-09,Qingqi,Prod,60
2008-08-01,2008-09,Qingqi,Sale,54
2008-09-01,2008-09,Qingqi,Prod,60
2008-09-01,2008-09,Qingqi,Sale,85
2008-10-01,2008-09,Qingqi,Prod,47
2008-10-01,2008-09,Qingqi,Sale,105
2008-11-01,2008-09,Qingqi,Prod,108
2008-11-01,2008-09,Qingqi,Sale,93
2008-12-01,2008-09,Qingqi,Prod,75
2008-12-01,2008-09,Qingqi,Sale,56
2009-01-01,2008-09,Qingqi,Prod,82
2009-01-01,2008-09,Qingqi,Sale,96
2009-02-01,2008-09,Qingqi,Prod,89
2009-02-01,2008-09,Qingqi,Sale,96
2009-03-01,2008-09,Qingqi,Prod,182
2009-03-01,2008-09,Qingqi,Sale,148
2009-04-01,2008-09,Qingqi,Prod,101
2009-04-01,2008-09,Qingqi,Sale,144
2009-05-01,2008-09,Qingqi,Prod,140
2009-05-01,2008-09,Qingqi,Sale,137
2009-06-01,2008-09,Qingqi,Prod,114
2009-06-01,2008-09,Qingqi,Sale,99
2009-07-01,2009-10,Qingqi,Prod,83
2009-07-01,2009-10,Qingqi,Sale,73
2009-08-01,2009-10,Qingqi,Prod,103
2009-08-01,2009-10,Qingqi,Sale,110
2009-09-01,2009-10,Qingqi,Prod,111
2009-09-01,2009-10,Qingqi,Sale,106
2009-10-01,2009-10,Qingqi,Prod,118
2009-10-01,2009-10,Qingqi,Sale,107
2009-11-01,2009-10,Qingqi,Prod,103
2009-11-01,2009-10,Qingqi,Sale,100
2009-12-01,2009-10,Qingqi,Prod,178
2009-12-01,2009-10,Qingqi,Sale,204
2010-01-01,2009-10,Qingqi,Prod,558
2010-01-01,2009-10,Qingqi,Sale,320
2010-02-01,2009-10,Qingqi,Prod,130
2010-02-01,2009-10,Qingqi,Sale,201
2010-03-01,2009-10,Qingqi,Prod,311
2010-03-01,2009-10,Qingqi,Sale,211
2010-04-01,2009-10,Qingqi,Prod,167
2010-04-01,2009-10,Qingqi,Sale,277
2010-05-01,2009-10,Qingqi,Prod,345
2010-05-01,2009-10,Qingqi,Sale,196
2010-06-01,2009-10,Qingqi,Prod,206
2010-06-01,2009-10,Qingqi,Sale,331
2010-07-01,2010-11,Qingqi,Prod,100
2010-07-01,2010-11,Qingqi,Sale,166
2010-08-01,2010-11,Qingqi,Prod,276
2010-08-01,2010-11,Qingqi,Sale,167
2010-09-01,2010-11,Qingqi,Prod,283
2010-09-01,2010-11,Qingqi,Sale,251
2010-10-01,2010-11,Qingqi,Prod,366
2010-10-01,2010-11,Qingqi,Sale,372
2010-11-01,2010-11,Qingqi,Prod,220
2010-11-01,2010-11,Qingqi,Sale,268
2010-12-01,2010-11,Qingqi,Prod,150
2010-12-01,2010-11,Qingqi,Sale,198
2011-01-01,2010-11,Qingqi,Prod,397
2011-01-01,2010-11,Qingqi,Sale,274
2011-02-01,2010-11,Qingqi,Prod,98
2011-02-01,2010-11,Qingqi,Sale,196
2011-03-01,2010-11,Qingqi,Prod,66
2011-03-01,2010-11,Qingqi,Sale,112
2011-04-01,2010-11,Qingqi,Prod,646
2011-04-01,2010-11,Qingqi,Sale,363
2011-05-01,2010-11,Qingqi,Prod,80
2011-05-01,2010-11,Qingqi,Sale,225
2011-06-01,2010-11,Qingqi,Prod,298
2011-06-01,2010-11,Qingqi,Sale,254
2011-07-01,2011-12,Qingqi,Prod,235
2011-07-01,2011-12,Qingqi,Sale,239
2011-08-01,2011-12,Qingqi,Prod,327
2011-08-01,2011-12,Qingqi,Sale,188
2011-09-01,2011-12,Qingqi,Prod,200
2011-09-01,2011-12,Qingqi,Sale,205
2011-10-01,2011-12,Qingqi,Prod,171
2011-10-01,2011-12,Qingqi,Sale,276
2011-11-01,2011-12,Qingqi,Prod,67
2011-11-01,2011-12,Qingqi,Sale,187
2011-12-01,2011-12,Qingqi,Prod,220
2011-12-01,2011-12,Qingqi,Sale,312
2012-01-01,2011-12,Qingqi,Prod,320
2012-01-01,2011-12,Qingqi,Sale,293
2012-02-01,2011-12,Qingqi,Prod,320
2012-02-01,2011-12,Qingqi,Sale,303
2012-03-01,2011-12,Qingqi,Prod,373
2012-03-01,2011-12,Qingqi,Sale,272
2012-04-01,2011-12,Qingqi,Prod,400
2012-04-01,2011-12,Qingqi,Sale,261
2012-05-01,2011-12,Qingqi,Prod,380
2012-05-01,2011-12,Qingqi,Sale,488
2012-06-01,2011-12,Qingqi,Prod,395
2012-06-01,2011-12,Qingqi,Sale,288
2012-07-01,2012-13,Qingqi,Prod,90
2012-07-01,2012-13,Qingqi,Sale,246
2012-08-01,2012-13,Qingqi,Prod,190
2012-08-01,2012-13,Qingqi,Sale,218
2012-09-01,2012-13,Qingqi,Prod,210
2012-09-01,2012-13,Qingqi,Sale,151
2012-10-01,2012-13,Qingqi,Prod,225
2012-10-01,2012-13,Qingqi,Sale,134
2012-11-01,2012-13,Qingqi,Prod,385
2012-11-01,2012-13,Qingqi,Sale,239
2012-12-01,2012-13,Qingqi,Prod,445
2012-12-01,2012-13,Qingqi,Sale,151
2013-01-01,2012-13,Qingqi,Prod,210
2013-01-01,2012-13,Qingqi,Sale,269
2013-02-01,2012-13,Qingqi,Prod,270
2013-02-01,2012-13,Qingqi,Sale,221
2013-03-01,2012-13,Qingqi,Prod,450
2013-03-01,2012-13,Qingqi,Sale,482
2013-04-01,2012-13,Qingqi,Prod,284
2013-04-01,2012-13,Qingqi,Sale,322
2013-05-01,2012-13,Qingqi,Prod,172
2013-05-01,2012-13,Qingqi,Sale,432
2013-06-01,2012-13,Qingqi,Prod,691
2013-06-01,2012-13,Qingqi,Sale,505
2013-07-01,2013-14,Qingqi,Prod,405
2013-07-01,2013-14,Qingqi,Sale,334
2013-08-01,2013-14,Qingqi,Prod,327
2013-08-01,2013-14,Qingqi,Sale,258
2013-09-01,2013-14,Qingqi,Prod,440
2013-09-01,2013-14,Qingqi,Sale,407
2013-10-01,2013-14,Qingqi,Prod,309
2013-10-01,2013-14,Qingqi,Sale,279
2013-11-01,2013-14,Qingqi,Prod,302
2013-11-01,2013-14,Qingqi,Sale,348
2013-12-01,2013-14,Qingqi,Prod,537
2013-12-01,2013-14,Qingqi,Sale,492
2014-01-01,2013-14,Qingqi,Prod,418
2014-01-01,2013-14,Qingqi,Sale,406
2014-02-01,2013-14,Qingqi,Prod,378
2014-02-01,2013-14,Qingqi,Sale,347
2014-03-01,2013-14,Qingqi,Prod,609
2014-03-01,2013-14,Qingqi,Sale,360
2014-04-01,2013-14,Qingqi,Prod,109
2014-04-01,2013-14,Qingqi,Sale,342
2014-05-01,2013-14,Qingqi,Prod,344
2014-05-01,2013-14,Qingqi,Sale,344
2014-06-01,2013-14,Qingqi,Prod,421
2014-06-01,2013-14,Qingqi,Sale,363
2014-07-01,2014-15,Qingqi,Prod,381
2014-07-01,2014-15,Qingqi,Sale,431
2014-08-01,2014-15,Qingqi,Prod,283
2014-08-01,2014-15,Qingqi,Sale,292
2014-09-01,2014-15,Qingqi,Prod,277
2014-09-01,2014-15,Qingqi,Sale,164
2014-10-01,2014-15,Qingqi,Prod,0
2014-10-01,2014-15,Qingqi,Sale,128
2014-11-01,2014-15,Qingqi,Prod,0
2014-11-01,2014-15,Qingqi,Sale,145
2014-12-01,2014-15,Qingqi,Prod,75
2014-12-01,2014-15,Qingqi,Sale,108
2015-01-01,2014-15,Qingqi,Prod,225
2015-01-01,2014-15,Qingqi,Sale,83
2015-02-01,2014-15,Qingqi,Prod,20
2015-02-01,2014-15,Qingqi,Sale,64
2015-03-01,2014-15,Qingqi,Prod,226
2015-03-01,2014-15,Qingqi,Sale,51
2015-04-01,2014-15,Qingqi,Prod,65
2015-04-01,2014-15,Qingqi,Sale,354
2015-05-01,2014-15,Qingqi,Prod,34
2015-05-01,2014-15,Qingqi,Sale,40
2015-06-01,2014-15,Qingqi,Prod,60
2015-06-01,2014-15,Qingqi,Sale,71
2015-07-01,2015-16,Qingqi,Prod,0
2015-07-01,2015-16,Qingqi,Sale,28
2015-08-01,2015-16,Qingqi,Prod,0
2015-08-01,2015-16,Qingqi,Sale,21
2015-09-01,2015-16,Qingqi,Prod,0
2015-09-01,2015-16,Qingqi,Sale,45
2015-10-01,2015-16,Qingqi,Prod,16
2015-10-01,2015-16,Qingqi,Sale,28
2015-11-01,2015-16,Qingqi,Prod,15
2015-11-01,2015-16,Qingqi,Sale,19
2015-12-01,2015-16,Qingqi,Prod,10
2015-12-01,2015-16,Qingqi,Sale,11
2016-01-01,2015-16,Qingqi,Prod,1
2016-01-01,2015-16,Qingqi,Sale,8
2016-02-01,2015-16,Qingqi,Prod,25
2016-02-01,2015-16,Qingqi,Sale,33
2016-03-01,2015-16,Qingqi,Prod,110
2016-03-01,2015-16,Qingqi,Sale,53
2016-04-01,2015-16,Qingqi,Prod,10
2016-04-01,2015-16,Qingqi,Sale,54
2016-05-01,2015-16,Qingqi,Prod,40
2016-05-01,2015-16,Qingqi,Sale,52
2016-06-01,2015-16,Qingqi,Prod,35
2016-06-01,2015-16,Qingqi,Sale,48
2016-07-01,2016-17,Qingqi,Prod,20
2016-07-01,2016-17,Qingqi,Sale,8
2016-08-01,2016-17,Qingqi,Prod,15
2016-08-01,2016-17,Qingqi,Sale,6
2016-09-01,2016-17,Qingqi,Prod,30
2016-09-01,2016-17,Qingqi,Sale,24
2016-10-01,2016-17,Qingqi,Prod,20
2016-10-01,2016-17,Qingqi,Sale,34
2016-11-01,2016-17,Qingqi,Prod,74
2016-11-01,2016-17,Qingqi,Sale,29
2016-12-01,2016-17,Qingqi,Prod,110
2016-12-01,2016-17,Qingqi,Sale,138
2017-01-01,2016-17,Qingqi,Prod,30
2017-01-01,2016-17,Qingqi,Sale,45
2017-02-01,2016-17,Qingqi,Prod,10
2017-02-01,2016-17,Qingqi,Sale,19
2017-03-01,2016-17,Qingqi,Prod,20
2017-03-01,2016-17,Qingqi,Sale,3
2017-04-01,2016-17,Qingqi,Prod,20
2017-04-01,2016-17,Qingqi,Sale,20
2017-05-01,2016-17,Qingqi,Prod,40
2017-05-01,2016-17,Qingqi,Sale,57
2017-06-01,2016-17,Qingqi,Prod,135
2017-06-01,2016-17,Qingqi,Sale,91
2017-07-01,2017-18,Qingqi,Prod,0
2017-07-01,2017-18,Qingqi,Sale,13
2017-08-01,2017-18,Qingqi,Prod,20
2017-08-01,2017-18,Qingqi,Sale,19
2017-09-01,2017-18,Qingqi,Prod,20
2017-09-01,2017-18,Qingqi,Sale,36
2017-10-01,2017-18,Qingqi,Prod,40
2017-10-01,2017-18,Qingqi,Sale,25
2017-11-01,2017-18,Qingqi,Prod,25
2017-11-01,2017-18,Qingqi,Sale,22
2017-12-01,2017-18,Qingqi,Prod,60
2017-12-01,2017-18,Qingqi,Sale,61
2018-01-01,2017-18,Qingqi,Prod,42
2018-01-01,2017-18,Qingqi,Sale,30
2018-02-01,2017-18,Qingqi,Prod,10
2018-02-01,2017-18,Qingqi,Sale,35
2018-03-01,2017-18,Qingqi,Prod,40
2018-03-01,2017-18,Qingqi,Sale,19
2018-04-01,2017-18,Qingqi,Prod,20
2018-04-01,2017-18,Qingqi,Sale,21
2018-05-01,2017-18,Qingqi,Prod,27
2018-05-01,2017-18,Qingqi,Sale,18
2018-06-01,2017-18,Qingqi,Prod,39
2018-06-01,2017-18,Qingqi,Sale,33
2018-07-01,2018-19,Qingqi,Prod,0
2018-07-01,2018-19,Qingqi,Sale,16
2018-08-01,2018-19,Qingqi,Prod,0
2018-08-01,2018-19,Qingqi,Sale,4
2018-09-01,2018-19,Qingqi,Prod,2
2018-09-01,2018-19,Qingqi,Sale,20
2018-10-01,2018-19,Qingqi,Prod,12
2018-10-01,2018-19,Qingqi,Sale,9
2018-11-01,2018-19,Qingqi,Prod,10
2018-11-01,2018-19,Qingqi,Sale,14
2018-12-01,2018-19,Qingqi,Prod,11
2018-12-01,2018-19,Qingqi,Sale,6
2019-01-01,2018-19,Qingqi,Prod,5
2019-01-01,2018-19,Qingqi,Sale,22
2019-02-01,2018-19,Qingqi,Prod,9
2019-02-01,2018-19,Qingqi,Sale,1
2019-03-01,2018-19,Qingqi,Prod,12
2019-03-01,2018-19,Qingqi,Sale,18
2019-04-01,2018-19,Qingqi,Prod,0
2019-04-01,2018-19,Qingqi,Sale,0
2019-05-01,2018-19,Qingqi,Prod,12
2019-05-01,2018-19,Qingqi,Sale,7
2019-06-01,2018-19,Qingqi,Prod,37
2019-06-01,2018-19,Qingqi,Sale,1
2019-07-01,2019-20,Qingqi,Prod,0
2019-07-01,2019-20,Qingqi,Sale,0
2019-08-01,2019-20,Qingqi,Prod,0
2019-08-01,2019-20,Qingqi,Sale,0
2019-09-01,2019-20,Qingqi,Prod,6
2019-09-01,2019-20,Qingqi,Sale,2
2019-10-01,2019-20,Qingqi,Prod,41
2019-10-01,2019-20,Qingqi,Sale,30
2019-11-01,2019-20,Qingqi,Prod,0
2019-11-01,2019-20,Qingqi,Sale,0
2019-12-01,2019-20,Qingqi,Prod,12
2019-12-01,2019-20,Qingqi,Sale,0
2020-01-01,2019-20,Qingqi,Prod,0
2020-01-01,2019-20,Qingqi,Sale,0
2020-02-01,2019-20,Qingqi,Prod,0
2020-02-01,2019-20,Qingqi,Sale,0
2020-03-01,2019-20,Qingqi,Prod,0
2020-03-01,2019-20,Qingqi,Sale,1
2020-04-01,2019-20,Qingqi,Prod,0
2020-04-01,2019-20,Qingqi,Sale,0
2020-05-01,2019-20,Qingqi,Prod,0
2020-05-01,2019-20,Qingqi,Sale,0
2020-06-01,2019-20,Qingqi,Prod,0
2020-06-01,2019-20,Qingqi,Sale,0
2020-07-01,2020-21,Qingqi,Prod,0
2020-07-01,2020-21,Qingqi,Sale,0
2020-08-01,2020-21,Qingqi,Prod,0
2020-08-01,2020-21,Qingqi,Sale,1
2020-09-01,2020-21,Qingqi,Prod,14
2020-09-01,2020-21,Qingqi,Sale,25
2020-10-01,2020-21,Qingqi,Prod,0
2020-10-01,2020-21,Qingqi,Sale,0
2020-11-01,2020-21,Qingqi,Prod,2
2020-11-01,2020-21,Qingqi,Sale,0
2020-12-01,2020-21,Qingqi,Prod,0
2020-12-01,2020-21,Qingqi,Sale,3
2021-01-01,2020-21,Qingqi,Prod,0
2021-01-01,2020-21,Qingqi,Sale,0
2021-02-01,2020-21,Qingqi,Prod,0
2021-02-01,2020-21,Qingqi,Sale,0
2021-03-01,2020-21,Qingqi,Prod,0
2021-03-01,2020-21,Qingqi,Sale,1
2021-04-01,2020-21,Qingqi,Prod,0
2021-04-01,2020-21,Qingqi,Sale,0
2021-05-01,2020-21,Qingqi,Prod,0
2021-05-01,2020-21,Qingqi,Sale,0
2021-06-01,2020-21,Qingqi,Prod,30
2021-06-01,2020-21,Qingqi,Sale,30
2021-07-01,2021-22,Qingqi Motorcycle,Prod,0
2021-07-01,2021-22,Qingqi Motorcycle,Sale,0
2021-08-01,2021-22,Qingqi Motorcycle,Prod,0
2021-08-01,2021-22,Qingqi Motorcycle,Sale,0
2021-09-01,2021-22,Qingqi Motorcycle,Prod,0
2021-09-01,2021-22,Qingqi Motorcycle,Sale,0
2021-10-01,2021-22,Qingqi Motorcycle,Prod,0
2021-10-01,2021-22,Qingqi Motorcycle,Sale,1
2021-11-01,2021-22,Qingqi Motorcycle,Prod,6
2021-11-01,2021-22,Qingqi Motorcycle,Sale,40
2021-12-01,2021-22,Qingqi Motorcycle,Prod,0
2021-12-01,2021-22,Qingqi Motorcycle,Sale,0
2022-01-01,2021-22,Qingqi Motorcycle,Prod,36
2022-01-01,2021-22,Qingqi Motorcycle,Sale,2
2022-02-01,2021-22,Qingqi Motorcycle,Prod,10
2022-02-01,2021-22,Qingqi Motorcycle,Sale,22
2022-03-01,2021-22,Qingqi Motorcycle,Prod,0
2022-03-01,2021-22,Qingqi Motorcycle,Sale,3
2022-04-01,2021-22,Qingqi Motorcycle,Prod,0
2022-04-01,2021-22,Qingqi Motorcycle,Sale,0
2022-05-01,2021-22,Qingqi Motorcycle,Prod,0
2022-05-01,2021-22,Qingqi Motorcycle,Sale,0
2022-06-01,2021-22,Qingqi Motorcycle,Prod,10
2022-06-01,2021-22,Qingqi Motorcycle,Sale,4
2022-07-01,2022-23,Qingqi Motorcycle,Prod,10
2022-07-01,2022-23,Qingqi Motorcycle,Sale,18
2022-08-01,2022-23,Qingqi Motorcycle,Prod,18
2022-08-01,2022-23,Qingqi Motorcycle,Sale,22
2022-09-01,2022-23,Qingqi Motorcycle,Prod,0
2022-09-01,2022-23,Qingqi Motorcycle,Sale,1
2022-10-01,2022-23,Qingqi Motorcycle,Prod,0
2022-10-01,2022-23,Qingqi Motorcycle,Sale,1
2022-11-01,2022-23,Qingqi Motorcycle,Prod,10
2022-11-01,2022-23,Qingqi Motorcycle,Sale,1
2022-12-01,2022-23,Qingqi Motorcycle,Prod,0
2022-12-01,2022-23,Qingqi Motorcycle,Sale,8
2023-01-01,2022-23,Qingqi Motorcycle,Prod,0
2023-01-01,2022-23,Qingqi Motorcycle,Sale,0
2023-02-01,2022-23,Qingqi Motorcycle,Prod,0
2023-02-01,2022-23,Qingqi Motorcycle,Sale,0
2023-03-01,2022-23,Qingqi Motorcycle,Prod,1
2023-03-01,2022-23,Qingqi Motorcycle,Sale,1
2023-04-01,2022-23,Qingqi Motorcycle,Prod,6
2023-04-01,2022-23,Qingqi Motorcycle,Sale,0
2023-05-01,2022-23,Qingqi Motorcycle,Prod,20
2023-05-01,2022-23,Qingqi Motorcycle,Sale,6
2023-06-01,2022-23,Qingqi Motorcycle,Prod,24
2023-06-01,2022-23,Qingqi Motorcycle,Sale,17
2023-07-01,2023-24,Qingqi Motorcycle,Prod,0
2023-07-01,2023-24,Qingqi Motorcycle,Sale,2
2023-08-01,2023-24,Qingqi Motorcycle,Prod,0
2023-08-01,2023-24,Qingqi Motorcycle,Sale,6
2023-09-01,2023-24,Qingqi Motorcycle,Prod,25
2023-09-01,2023-24,Qingqi Motorcycle,Sale,1
2023-10-01,2023-24,Qingqi Motorcycle,Prod,0
2023-10-01,2023-24,Qingqi Motorcycle,Sale,0
2023-11-01,2023-24,Qingqi Motorcycle,Prod,0
2023-11-01,2023-24,Qingqi Motorcycle,Sale,1
2023-12-01,2023-24,Qingqi Motorcycle,Prod,0
2023-12-01,2023-24,Qingqi Motorcycle,Sale,0
2024-01-01,2023-24,Qingqi Motorcycle,Prod,0
2024-01-01,2023-24,Qingqi Motorcycle,Sale,36
2024-02-01,2023-24,Qingqi Motorcycle,Prod,0
2024-02-01,2023-24,Qingqi Motorcycle,Sale,0
2024-03-01,2023-24,Qingqi Motorcycle,Prod,0
2024-03-01,2023-24,Qingqi Motorcycle,Sale,0
2024-04-01,2023-24,Qingqi Motorcycle,Prod,0
2024-04-01,2023-24,Qingqi Motorcycle,Sale,0
2024-05-01,2023-24,Qingqi Motorcycle,Prod,0
2024-05-01,2023-24,Qingqi Motorcycle,Sale,1
2024-06-01,2023-24,Qingqi Motorcycle,Prod,0
2024-06-01,2023-24,Qingqi Motorcycle,Sale,1
2024-07-01,2024-25,Qingqi Motorcycle,Prod,0
2024-07-01,2024-25,Qingqi Motorcycle,Sale,0
2024-08-01,2024-25,Qingqi Motorcycle,Prod,0
2024-08-01,2024-25,Qingqi Motorcycle,Sale,0
2024-09-01,2024-25,Qingqi Motorcycle,Prod,0
2024-09-01,2024-25,Qingqi Motorcycle,Sale,0
2024-10-01,2024-25,Qingqi Motorcycle,Prod,0
2024-10-01,2024-25,Qingqi Motorcycle,Sale,1
2024-11-01,2024-25,Qingqi Motorcycle,Prod,0
2024-11-01,2024-25,Qingqi Motorcycle,Sale,1
2024-12-01,2024-25,Qingqi Motorcycle,Prod,0
2024-12-01,2024-25,Qingqi Motorcycle,Sale,1
2025-01-01,2024-25,Qingqi Motorcycle,Prod,0
2025-01-01,2024-25,Qingqi Motorcycle,Sale,0
2025-02-01,2024-25,Qingqi Motorcycle,Prod,0
2025-02-01,2024-25,Qingqi Motorcycle,Sale,0
2025-03-01,2024-25,Qingqi Motorcycle,Prod,100
2025-03-01,2024-25,Qingqi Motorcycle,Sale,2
2025-04-01,2024-25,Qingqi Motorcycle,Prod,2
2025-04-01,2024-25,Qingqi Motorcycle,Sale,2
2025-05-01,2024-25,Qingqi Motorcycle,Prod,0
2025-05-01,2024-25,Qingqi Motorcycle,Sale,0
2025-06-01,2024-25,Qingqi Motorcycle,Prod,0
2025-06-01,2024-25,Qingqi Motorcycle,Sale,0
2007-07-01,2007-08,Qingqi Three-Wheeler,Prod,1434
2007-07-01,2007-08,Qingqi Three-Wheeler,Sale,653
2007-08-01,2007-08,Qingqi Three-Wheeler,Prod,717
2007-08-01,2007-08,Qingqi Three-Wheeler,Sale,1369
2007-09-01,2007-08,Qingqi Three-Wheeler,Prod,3063
2007-09-01,2007-08,Qingqi Three-Wheeler,Sale,3274
2007-10-01,2007-08,Qingqi Three-Wheeler,Prod,2884
2007-10-01,2007-08,Qingqi Three-Wheeler,Sale,3709
2007-11-01,2007-08,Qingqi Three-Wheeler,Prod,2911
2007-11-01,2007-08,Qingqi Three-Wheeler,Sale,1382
2007-12-01,2007-08,Qingqi Three-Wheeler,Prod,3430
2007-12-01,2007-08,Qingqi Three-Wheeler,Sale,3402
2008-01-01,2007-08,Qingqi Three-Wheeler,Prod,1730
2008-01-01,2007-08,Qingqi Three-Wheeler,Sale,1941
2008-02-01,2007-08,Qingqi Three-Wheeler,Prod,3135
2008-02-01,2007-08,Qingqi Three-Wheeler,Sale,3148
2008-03-01,2007-08,Qingqi Three-Wheeler,Prod,2234
2008-03-01,2007-08,Qingqi Three-Wheeler,Sale,2204
2008-04-01,2007-08,Qingqi Three-Wheeler,Prod,1850
2008-04-01,2007-08,Qingqi Three-Wheeler,Sale,1879
2008-05-01,2007-08,Qingqi Three-Wheeler,Prod,1500
2008-05-01,2007-08,Qingqi Three-Wheeler,Sale,1556
2008-06-01,2007-08,Qingqi Three-Wheeler,Prod,1058
2008-06-01,2007-08,Qingqi Three-Wheeler,Sale,1058
2008-07-01,2008-09,Qingqi Three-Wheeler,Prod,1506
2008-07-01,2008-09,Qingqi Three-Wheeler,Sale,1508
2008-08-01,2008-09,Qingqi Three-Wheeler,Prod,877
2008-08-01,2008-09,Qingqi Three-Wheeler,Sale,431
2008-09-01,2008-09,Qingqi Three-Wheeler,Prod,1053
2008-09-01,2008-09,Qingqi Three-Wheeler,Sale,1107
2008-10-01,2008-09,Qingqi Three-Wheeler,Prod,672
2008-10-01,2008-09,Qingqi Three-Wheeler,Sale,672
2008-11-01,2008-09,Qingqi Three-Wheeler,Prod,741
2008-11-01,2008-09,Qingqi Three-Wheeler,Sale,732
2008-12-01,2008-09,Qingqi Three-Wheeler,Prod,462
2008-12-01,2008-09,Qingqi Three-Wheeler,Sale,484
2009-01-01,2008-09,Qingqi Three-Wheeler,Prod,841
2009-01-01,2008-09,Qingqi Three-Wheeler,Sale,881
2009-02-01,2008-09,Qingqi Three-Wheeler,Prod,876
2009-02-01,2008-09,Qingqi Three-Wheeler,Sale,971
2009-03-01,2008-09,Qingqi Three-Wheeler,Prod,623
2009-03-01,2008-09,Qingqi Three-Wheeler,Sale,773
2009-04-01,2008-09,Qingqi Three-Wheeler,Prod,609
2009-04-01,2008-09,Qingqi Three-Wheeler,Sale,600
2009-05-01,2008-09,Qingqi Three-Wheeler,Prod,741
2009-05-01,2008-09,Qingqi Three-Wheeler,Sale,797
2009-06-01,2008-09,Qingqi Three-Wheeler,Prod,507
2009-06-01,2008-09,Qingqi Three-Wheeler,Sale,481
2009-07-01,2009-10,Qingqi Three-Wheeler,Prod,261
2009-07-01,2009-10,Qingqi Three-Wheeler,Sale,292
2009-08-01,2009-10,Qingqi Three-Wheeler,Prod,617
2009-08-01,2009-10,Qingqi Three-Wheeler,Sale,540
2009-09-01,2009-10,Qingqi Three-Wheeler,Prod,623
2009-09-01,2009-10,Qingqi Three-Wheeler,Sale,707
2009-10-01,2009-10,Qingqi Three-Wheeler,Prod,1235
2009-10-01,2009-10,Qingqi Three-Wheeler,Sale,1197
2009-11-01,2009-10,Qingqi Three-Wheeler,Prod,1258
2009-11-01,2009-10,Qingqi Three-Wheeler,Sale,1248
2009-12-01,2009-10,Qingqi Three-Wheeler,Prod,822
2009-12-01,2009-10,Qingqi Three-Wheeler,Sale,711
2010-01-01,2009-10,Qingqi Three-Wheeler,Prod,632
2010-01-01,2009-10,Qingqi Three-Wheeler,Sale,840
2010-02-01,2009-10,Qingqi Three-Wheeler,Prod,1393
2010-02-01,2009-10,Qingqi Three-Wheeler,Sale,1286
2010-03-01,2009-10,Qingqi Three-Wheeler,Prod,1636
2010-03-01,2009-10,Qingqi Three-Wheeler,Sale,1538
2010-04-01,2009-10,Qingqi Three-Wheeler,Prod,1933
2010-04-01,2009-10,Qingqi Three-Wheeler,Sale,1833
2010-05-01,2009-10,Qingqi Three-Wheeler,Prod,832
2010-05-01,2009-10,Qingqi Three-Wheeler,Sale,971
2010-06-01,2009-10,Qingqi Three-Wheeler,Prod,1925
2010-06-01,2009-10,Qingqi Three-Wheeler,Sale,1994
2010-07-01,2010-11,Qingqi Three-Wheeler,Prod,885
2010-07-01,2010-11,Qingqi Three-Wheeler,Sale,711
2010-08-01,2010-11,Qingqi Three-Wheeler,Prod,1224
2010-08-01,2010-11,Qingqi Three-Wheeler,Sale,1165
2010-09-01,2010-11,Qingqi Three-Wheeler,Prod,831
2010-09-01,2010-11,Qingqi Three-Wheeler,Sale,911
2010-10-01,2010-11,Qingqi Three-Wheeler,Prod,1071
2010-10-01,2010-11,Qingqi Three-Wheeler,Sale,1265
2010-11-01,2010-11,Qingqi Three-Wheeler,Prod,1240
2010-11-01,2010-11,Qingqi Three-Wheeler,Sale,1172
2010-12-01,2010-11,Qingqi Three-Wheeler,Prod,1980
2010-12-01,2010-11,Qingqi Three-Wheeler,Sale,1862
2011-01-01,2010-11,Qingqi Three-Wheeler,Prod,888
2011-01-01,2010-11,Qingqi Three-Wheeler,Sale,1123
2011-02-01,2010-11,Qingqi Three-Wheeler,Prod,1977
2011-02-01,2010-11,Qingqi Three-Wheeler,Sale,1847
2011-03-01,2010-11,Qingqi Three-Wheeler,Prod,2207
2011-03-01,2010-11,Qingqi Three-Wheeler,Sale,2147
2011-04-01,2010-11,Qingqi Three-Wheeler,Prod,1274
2011-04-01,2010-11,Qingqi Three-Wheeler,Sale,1501
2011-05-01,2010-11,Qingqi Three-Wheeler,Prod,2426
2011-05-01,2010-11,Qingqi Three-Wheeler,Sale,1978
2011-06-01,2010-11,Qingqi Three-Wheeler,Prod,2422
2011-06-01,2010-11,Qingqi Three-Wheeler,Sale,1835
2011-07-01,2011-12,Qingqi Three-Wheeler,Prod,1821
2011-07-01,2011-12,Qingqi Three-Wheeler,Sale,2027
2011-08-01,2011-12,Qingqi Three-Wheeler,Prod,1157
2011-08-01,2011-12,Qingqi Three-Wheeler,Sale,1586
2011-09-01,2011-12,Qingqi Three-Wheeler,Prod,1837
2011-09-01,2011-12,Qingqi Three-Wheeler,Sale,1580
2011-10-01,2011-12,Qingqi Three-Wheeler,Prod,1903
2011-10-01,2011-12,Qingqi Three-Wheeler,Sale,1506
2011-11-01,2011-12,Qingqi Three-Wheeler,Prod,1465
2011-11-01,2011-12,Qingqi Three-Wheeler,Sale,2051
2011-12-01,2011-12,Qingqi Three-Wheeler,Prod,2132
2011-12-01,2011-12,Qingqi Three-Wheeler,Sale,2101
2012-01-01,2011-12,Qingqi Three-Wheeler,Prod,2040
2012-01-01,2011-12,Qingqi Three-Wheeler,Sale,2120
2012-02-01,2011-12,Qingqi Three-Wheeler,Prod,1833
2012-02-01,2011-12,Qingqi Three-Wheeler,Sale,1975
2012-03-01,2011-12,Qingqi Three-Wheeler,Prod,2652
2012-03-01,2011-12,Qingqi Three-Wheeler,Sale,2374
2012-04-01,2011-12,Qingqi Three-Wheeler,Prod,1918
2012-04-01,2011-12,Qingqi Three-Wheeler,Sale,1613
2012-05-01,2011-12,Qingqi Three-Wheeler,Prod,1987
2012-05-01,2011-12,Qingqi Three-Wheeler,Sale,1927
2012-06-01,2011-12,Qingqi Three-Wheeler,Prod,1905
2012-06-01,2011-12,Qingqi Three-Wheeler,Sale,1964
2012-07-01,2012-13,Qingqi Three-Wheeler,Prod,1710
2012-07-01,2012-13,Qingqi Three-Wheeler,Sale,2012
2012-08-01,2012-13,Qingqi Three-Wheeler,Prod,1586
2012-08-01,2012-13,Qingqi Three-Wheeler,Sale,1663
2012-09-01,2012-13,Qingqi Three-Wheeler,Prod,2019
2012-09-01,2012-13,Qingqi Three-Wheeler,Sale,1920
2012-10-01,2012-13,Qingqi Three-Wheeler,Prod,1979
2012-10-01,2012-13,Qingqi Three-Wheeler,Sale,1752
2012-11-01,2012-13,Qingqi Three-Wheeler,Prod,1921
2012-11-01,2012-13,Qingqi Three-Wheeler,Sale,1632
2012-12-01,2012-13,Qingqi Three-Wheeler,Prod,1988
2012-12-01,2012-13,Qingqi Three-Wheeler,Sale,2720
2013-01-01,2012-13,Qingqi Three-Wheeler,Prod,2665
2013-01-01,2012-13,Qingqi Three-Wheeler,Sale,2566
2013-02-01,2012-13,Qingqi Three-Wheeler,Prod,2322
2013-02-01,2012-13,Qingqi Three-Wheeler,Sale,2226
2013-03-01,2012-13,Qingqi Three-Wheeler,Prod,2584
2013-03-01,2012-13,Qingqi Three-Wheeler,Sale,2539
2013-04-01,2012-13,Qingqi Three-Wheeler,Prod,2466
2013-04-01,2012-13,Qingqi Three-Wheeler,Sale,1851
2013-05-01,2012-13,Qingqi Three-Wheeler,Prod,1881
2013-05-01,2012-13,Qingqi Three-Wheeler,Sale,1846
2013-06-01,2012-13,Qingqi Three-Wheeler,Prod,1664
2013-06-01,2012-13,Qingqi Three-Wheeler,Sale,2059
2013-07-01,2013-14,Qingqi Three-Wheeler,Prod,1624
2013-07-01,2013-14,Qingqi Three-Wheeler,Sale,1927
2013-08-01,2013-14,Qingqi Three-Wheeler,Prod,1742
2013-08-01,2013-14,Qingqi Three-Wheeler,Sale,1773
2013-09-01,2013-14,Qingqi Three-Wheeler,Prod,2094
2013-09-01,2013-14,Qingqi Three-Wheeler,Sale,1985
2013-10-01,2013-14,Qingqi Three-Wheeler,Prod,1934
2013-10-01,2013-14,Qingqi Three-Wheeler,Sale,1714
2013-11-01,2013-14,Qingqi Three-Wheeler,Prod,1781
2013-11-01,2013-14,Qingqi Three-Wheeler,Sale,1830
2013-12-01,2013-14,Qingqi Three-Wheeler,Prod,1857
2013-12-01,2013-14,Qingqi Three-Wheeler,Sale,1933
2014-01-01,2013-14,Qingqi Three-Wheeler,Prod,1994
2014-01-01,2013-14,Qingqi Three-Wheeler,Sale,2165
2014-02-01,2013-14,Qingqi Three-Wheeler,Prod,2062
2014-02-01,2013-14,Qingqi Three-Wheeler,Sale,2016
2014-03-01,2013-14,Qingqi Three-Wheeler,Prod,2224
2014-03-01,2013-14,Qingqi Three-Wheeler,Sale,1873
2014-04-01,2013-14,Qingqi Three-Wheeler,Prod,1411
2014-04-01,2013-14,Qingqi Three-Wheeler,Sale,1467
2014-05-01,2013-14,Qingqi Three-Wheeler,Prod,1696
2014-05-01,2013-14,Qingqi Three-Wheeler,Sale,1717
2014-06-01,2013-14,Qingqi Three-Wheeler,Prod,1709
2014-06-01,2013-14,Qingqi Three-Wheeler,Sale,1642
2014-07-01,2014-15,Qingqi Three-Wheeler,Prod,1217
2014-07-01,2014-15,Qingqi Three-Wheeler,Sale,1714
2014-08-01,2014-15,Qingqi Three-Wheeler,Prod,1971
2014-08-01,2014-15,Qingqi Three-Wheeler,Sale,1984
2014-09-01,2014-15,Qingqi Three-Wheeler,Prod,2223
2014-09-01,2014-15,Qingqi Three-Wheeler,Sale,2142
2014-10-01,2014-15,Qingqi Three-Wheeler,Prod,2195
2014-10-01,2014-15,Qingqi Three-Wheeler,Sale,2336
2014-11-01,2014-15,Qingqi Three-Wheeler,Prod,2790
2014-11-01,2014-15,Qingqi Three-Wheeler,Sale,2781
2014-12-01,2014-15,Qingqi Three-Wheeler,Prod,2970
2014-12-01,2014-15,Qingqi Three-Wheeler,Sale,2791
2015-01-01,2014-15,Qingqi Three-Wheeler,Prod,2362
2015-01-01,2014-15,Qingqi Three-Wheeler,Sale,2716
2015-02-01,2014-15,Qingqi Three-Wheeler,Prod,2286
2015-02-01,2014-15,Qingqi Three-Wheeler,Sale,2371
2015-03-01,2014-15,Qingqi Three-Wheeler,Prod,3254
2015-03-01,2014-15,Qingqi Three-Wheeler,Sale,2842
2015-04-01,2014-15,Qingqi Three-Wheeler,Prod,2751
2015-04-01,2014-15,Qingqi Three-Wheeler,Sale,2543
2015-05-01,2014-15,Qingqi Three-Wheeler,Prod,2756
2015-05-01,2014-15,Qingqi Three-Wheeler,Sale,2517
2015-06-01,2014-15,Qingqi Three-Wheeler,Prod,2477
2015-06-01,2014-15,Qingqi Three-Wheeler,Sale,2493
2015-07-01,2015-16,Qingqi Three-Wheeler,Prod,2209
2015-07-01,2015-16,Qingqi Three-Wheeler,Sale,2396
2015-08-01,2015-16,Qingqi Three-Wheeler,Prod,2906
2015-08-01,2015-16,Qingqi Three-Wheeler,Sale,2477
2015-09-01,2015-16,Qingqi Three-Wheeler,Prod,2010
2015-09-01,2015-16,Qingqi Three-Wheeler,Sale,1848
2015-10-01,2015-16,Qingqi Three-Wheeler,Prod,2189
2015-10-01,2015-16,Qingqi Three-Wheeler,Sale,2198
2015-11-01,2015-16,Qingqi Three-Wheeler,Prod,2235
2015-11-01,2015-16,Qingqi Three-Wheeler,Sale,2385
2015-12-01,2015-16,Qingqi Three-Wheeler,Prod,2234
2015-12-01,2015-16,Qingqi Three-Wheeler,Sale,2035
2016-01-01,2015-16,Qingqi Three-Wheeler,Prod,2032
2016-01-01,2015-16,Qingqi Three-Wheeler,Sale,2367
2016-02-01,2015-16,Qingqi Three-Wheeler,Prod,2669
2016-02-01,2015-16,Qingqi Three-Wheeler,Sale,2923
2016-03-01,2015-16,Qingqi Three-Wheeler,Prod,2762
2016-03-01,2015-16,Qingqi Three-Wheeler,Sale,2377
2016-04-01,2015-16,Qingqi Three-Wheeler,Prod,2355
2016-04-01,2015-16,Qingqi Three-Wheeler,Sale,2385
2016-05-01,2015-16,Qingqi Three-Wheeler,Prod,2257
2016-05-01,2015-16,Qingqi Three-Wheeler,Sale,2403
2016-06-01,2015-16,Qingqi Three-Wheeler,Prod,2410
2016-06-01,2015-16,Qingqi Three-Wheeler,Sale,2543
2016-07-01,2016-17,Qingqi Three-Wheeler,Prod,2156
2016-07-01,2016-17,Qingqi Three-Wheeler,Sale,2133
2016-08-01,2016-17,Qingqi Three-Wheeler,Prod,2839
2016-08-01,2016-17,Qingqi Three-Wheeler,Sale,2685
2016-09-01,2016-17,Qingqi Three-Wheeler,Prod,2237
2016-09-01,2016-17,Qingqi Three-Wheeler,Sale,2374
2016-10-01,2016-17,Qingqi Three-Wheeler,Prod,2639
2016-10-01,2016-17,Qingqi Three-Wheeler,Sale,2804
2016-11-01,2016-17,Qingqi Three-Wheeler,Prod,3198
2016-11-01,2016-17,Qingqi Three-Wheeler,Sale,3151
2016-12-01,2016-17,Qingqi Three-Wheeler,Prod,3111
2016-12-01,2016-17,Qingqi Three-Wheeler,Sale,2869
2017-01-01,2016-17,Qingqi Three-Wheeler,Prod,3032
2017-01-01,2016-17,Qingqi Three-Wheeler,Sale,2601
2017-02-01,2016-17,Qingqi Three-Wheeler,Prod,2528
2017-02-01,2016-17,Qingqi Three-Wheeler,Sale,2744
2017-03-01,2016-17,Qingqi Three-Wheeler,Prod,2533
2017-03-01,2016-17,Qingqi Three-Wheeler,Sale,2416
2017-04-01,2016-17,Qingqi Three-Wheeler,Prod,1617
2017-04-01,2016-17,Qingqi Three-Wheeler,Sale,1703
2017-05-01,2016-17,Qingqi Three-Wheeler,Prod,2229
2017-05-01,2016-17,Qingqi Three-Wheeler,Sale,2290
2017-06-01,2016-17,Qingqi Three-Wheeler,Prod,2548
2017-06-01,2016-17,Qingqi Three-Wheeler,Sale,2732
2017-07-01,2017-18,Qingqi Three-Wheeler,Prod,1340
2017-07-01,2017-18,Qingqi Three-Wheeler,Sale,1222
2017-08-01,2017-18,Qingqi Three-Wheeler,Prod,2078
2017-08-01,2017-18,Qingqi Three-Wheeler,Sale,2367
2017-09-01,2017-18,Qingqi Three-Wheeler,Prod,1923
2017-09-01,2017-18,Qingqi Three-Wheeler,Sale,2027
2017-10-01,2017-18,Qingqi Three-Wheeler,Prod,2336
2017-10-01,2017-18,Qingqi Three-Wheeler,Sale,2622
2017-11-01,2017-18,Qingqi Three-Wheeler,Prod,2863
2017-11-01,2017-18,Qingqi Three-Wheeler,Sale,2411
2017-12-01,2017-18,Qingqi Three-Wheeler,Prod,2300
2017-12-01,2017-18,Qingqi Three-Wheeler,Sale,2354
2018-01-01,2017-18,Qingqi Three-Wheeler,Prod,2959
2018-01-01,2017-18,Qingqi Three-Wheeler,Sale,2685
2018-02-01,2017-18,Qingqi Three-Wheeler,Prod,2529
2018-02-01,2017-18,Qingqi Three-Wheeler,Sale,2532
2018-03-01,2017-18,Qingqi Three-Wheeler,Prod,2376
2018-03-01,2017-18,Qingqi Three-Wheeler,Sale,2400
2018-04-01,2017-18,Qingqi Three-Wheeler,Prod,1736
2018-04-01,2017-18,Qingqi Three-Wheeler,Sale,1522
2018-05-01,2017-18,Qingqi Three-Wheeler,Prod,1634
2018-05-01,2017-18,Qingqi Three-Wheeler,Sale,1450
2018-06-01,2017-18,Qingqi Three-Wheeler,Prod,2030
2018-06-01,2017-18,Qingqi Three-Wheeler,Sale,1694
2018-07-01,2018-19,Qingqi Three-Wheeler,Prod,1038
2018-07-01,2018-19,Qingqi Three-Wheeler,Sale,1477
2018-08-01,2018-19,Qingqi Three-Wheeler,Prod,1763
2018-08-01,2018-19,Qingqi Three-Wheeler,Sale,1843
2018-09-01,2018-19,Qingqi Three-Wheeler,Prod,1915
2018-09-01,2018-19,Qingqi Three-Wheeler,Sale,2246
2018-10-01,2018-19,Qingqi Three-Wheeler,Prod,2657
2018-10-01,2018-19,Qingqi Three-Wheeler,Sale,2055
2018-11-01,2018-19,Qingqi Three-Wheeler,Prod,1886
2018-11-01,2018-19,Qingqi Three-Wheeler,Sale,1650
2018-12-01,2018-19,Qingqi Three-Wheeler,Prod,1646
2018-12-01,2018-19,Qingqi Three-Wheeler,Sale,1850
2019-01-01,2018-19,Qingqi Three-Wheeler,Prod,2133
2019-01-01,2018-19,Qingqi Three-Wheeler,Sale,2525
2019-02-01,2018-19,Qingqi Three-Wheeler,Prod,2130
2019-02-01,2018-19,Qingqi Three-Wheeler,Sale,1920
2019-03-01,2018-19,Qingqi Three-Wheeler,Prod,1862
2019-03-01,2018-19,Qingqi Three-Wheeler,Sale,1672
2019-04-01,2018-19,Qingqi Three-Wheeler,Prod,1852
2019-04-01,2018-19,Qingqi Three-Wheeler,Sale,1645
2019-05-01,2018-19,Qingqi Three-Wheeler,Prod,1493
2019-05-01,2018-19,Qingqi Three-Wheeler,Sale,1522
2019-06-01,2018-19,Qingqi Three-Wheeler,Prod,2399
2019-06-01,2018-19,Qingqi Three-Wheeler,Sale,3256
2019-07-01,2019-20,Qingqi Three-Wheeler,Prod,113
2019-07-01,2019-20,Qingqi Three-Wheeler,Sale,157
2019-08-01,2019-20,Qingqi Three-Wheeler,Prod,1110
2019-08-01,2019-20,Qingqi Three-Wheeler,Sale,377
2019-09-01,2019-20,Qingqi Three-Wheeler,Prod,1255
2019-09-01,2019-20,Qingqi Three-Wheeler,Sale,1167
2019-10-01,2019-20,Qingqi Three-Wheeler,Prod,1461
2019-10-01,2019-20,Qingqi Three-Wheeler,Sale,1623
2019-11-01,2019-20,Qingqi Three-Wheeler,Prod,1365
2019-11-01,2019-20,Qingqi Three-Wheeler,Sale,1263
2019-12-01,2019-20,Qingqi Three-Wheeler,Prod,1054
2019-12-01,2019-20,Qingqi Three-Wheeler,Sale,1172
2020-01-01,2019-20,Qingqi Three-Wheeler,Prod,1376
2020-01-01,2019-20,Qingqi Three-Wheeler,Sale,2053
2020-02-01,2019-20,Qingqi Three-Wheeler,Prod,1760
2020-02-01,2019-20,Qingqi Three-Wheeler,Sale,1755
2020-03-01,2019-20,Qingqi Three-Wheeler,Prod,1354
2020-03-01,2019-20,Qingqi Three-Wheeler,Sale,1010
2020-04-01,2019-20,Qingqi Three-Wheeler,Prod,0
2020-04-01,2019-20,Qingqi Three-Wheeler,Sale,191
2020-05-01,2019-20,Qingqi Three-Wheeler,Prod,504
2020-05-01,2019-20,Qingqi Three-Wheeler,Sale,843
2020-06-01,2019-20,Qingqi Three-Wheeler,Prod,1389
2020-06-01,2019-20,Qingqi Three-Wheeler,Sale,1282
2020-07-01,2020-21,Qingqi Three-Wheeler,Prod,1638
2020-07-01,2020-21,Qingqi Three-Wheeler,Sale,1637
2020-08-01,2020-21,Qingqi Three-Wheeler,Prod,1623
2020-08-01,2020-21,Qingqi Three-Wheeler,Sale,1589
2020-09-01,2020-21,Qingqi Three-Wheeler,Prod,2016
2020-09-01,2020-21,Qingqi Three-Wheeler,Sale,1804
2020-10-01,2020-21,Qingqi Three-Wheeler,Prod,1811
2020-10-01,2020-21,Qingqi Three-Wheeler,Sale,1810
2020-11-01,2020-21,Qingqi Three-Wheeler,Prod,1986
2020-11-01,2020-21,Qingqi Three-Wheeler,Sale,1543
2020-12-01,2020-21,Qingqi Three-Wheeler,Prod,1626
2020-12-01,2020-21,Qingqi Three-Wheeler,Sale,1439
2021-01-01,2020-21,Qingqi Three-Wheeler,Prod,1597
2021-01-01,2020-21,Qingqi Three-Wheeler,Sale,1731
2021-02-01,2020-21,Qingqi Three-Wheeler,Prod,1648
2021-02-01,2020-21,Qingqi Three-Wheeler,Sale,1522
2021-03-01,2020-21,Qingqi Three-Wheeler,Prod,1695
2021-03-01,2020-21,Qingqi Three-Wheeler,Sale,1571
2021-04-01,2020-21,Qingqi Three-Wheeler,Prod,1277
2021-04-01,2020-21,Qingqi Three-Wheeler,Sale,1157
2021-05-01,2020-21,Qingqi Three-Wheeler,Prod,1026
2021-05-01,2020-21,Qingqi Three-Wheeler,Sale,1105
2021-06-01,2020-21,Qingqi Three-Wheeler,Prod,1514
2021-06-01,2020-21,Qingqi Three-Wheeler,Sale,1845
2021-07-01,2021-22,Qingqi Three-Wheeler,Prod,823
2021-07-01,2021-22,Qingqi Three-Wheeler,Sale,614
2021-08-01,2021-22,Qingqi Three-Wheeler,Prod,1179
2021-08-01,2021-22,Qingqi Three-Wheeler,Sale,1580
2021-09-01,2021-22,Qingqi Three-Wheeler,Prod,1831
2021-09-01,2021-22,Qingqi Three-Wheeler,Sale,1445
2021-10-01,2021-22,Qingqi Three-Wheeler,Prod,1697
2021-10-01,2021-22,Qingqi Three-Wheeler,Sale,1079
2021-11-01,2021-22,Qingqi Three-Wheeler,Prod,1155
2021-11-01,2021-22,Qingqi Three-Wheeler,Sale,1235
2021-12-01,2021-22,Qingqi Three-Wheeler,Prod,1039
2021-12-01,2021-22,Qingqi Three-Wheeler,Sale,1234
2022-01-01,2021-22,Qingqi Three-Wheeler,Prod,1215
2022-01-01,2021-22,Qingqi Three-Wheeler,Sale,1199
2022-02-01,2021-22,Qingqi Three-Wheeler,Prod,830
2022-02-01,2021-22,Qingqi Three-Wheeler,Sale,1207
2022-03-01,2021-22,Qingqi Three-Wheeler,Prod,1269
2022-03-01,2021-22,Qingqi Three-Wheeler,Sale,1286
2022-04-01,2021-22,Qingqi Three-Wheeler,Prod,1158
2022-04-01,2021-22,Qingqi Three-Wheeler,Sale,1074
2022-05-01,2021-22,Qingqi Three-Wheeler,Prod,1001
2022-05-01,2021-22,Qingqi Three-Wheeler,Sale,944
2022-06-01,2021-22,Qingqi Three-Wheeler,Prod,1134
2022-06-01,2021-22,Qingqi Three-Wheeler,Sale,1038
2022-07-01,2022-23,Qingqi Three-Wheeler,Prod,203
2022-07-01,2022-23,Qingqi Three-Wheeler,Sale,306
2022-08-01,2022-23,Qingqi Three-Wheeler,Prod,482
2022-08-01,2022-23,Qingqi Three-Wheeler,Sale,585
2022-09-01,2022-23,Qingqi Three-Wheeler,Prod,285
2022-09-01,2022-23,Qingqi Three-Wheeler,Sale,474
2022-10-01,2022-23,Qingqi Three-Wheeler,Prod,349
2022-10-01,2022-23,Qingqi Three-Wheeler,Sale,612
2022-11-01,2022-23,Qingqi Three-Wheeler,Prod,547
2022-11-01,2022-23,Qingqi Three-Wheeler,Sale,509
2022-12-01,2022-23,Qingqi Three-Wheeler,Prod,700
2022-12-01,2022-23,Qingqi Three-Wheeler,Sale,995
2023-01-01,2022-23,Qingqi Three-Wheeler,Prod,840
2023-01-01,2022-23,Qingqi Three-Wheeler,Sale,929
2023-02-01,2022-23,Qingqi Three-Wheeler,Prod,871
2023-02-01,2022-23,Qingqi Three-Wheeler,Sale,819
2023-03-01,2022-23,Qingqi Three-Wheeler,Prod,670
2023-03-01,2022-23,Qingqi Three-Wheeler,Sale,410
2023-04-01,2022-23,Qingqi Three-Wheeler,Prod,278
2023-04-01,2022-23,Qingqi Three-Wheeler,Sale,277
2023-05-01,2022-23,Qingqi Three-Wheeler,Prod,443
2023-05-01,2022-23,Qingqi Three-Wheeler,Sale,384
2023-06-01,2022-23,Qingqi Three-Wheeler,Prod,421
2023-06-01,2022-23,Qingqi Three-Wheeler,Sale,264
2023-07-01,2023-24,Qingqi Three-Wheeler,Prod,192
2023-07-01,2023-24,Qingqi Three-Wheeler,Sale,363
2023-08-01,2023-24,Qingqi Three-Wheeler,Prod,379
2023-08-01,2023-24,Qingqi Three-Wheeler,Sale,558
2023-09-01,2023-24,Qingqi Three-Wheeler,Prod,372
2023-09-01,2023-24,Qingqi Three-Wheeler,Sale,414
2023-10-01,2023-24,Qingqi Three-Wheeler,Prod,456
2023-10-01,2023-24,Qingqi Three-Wheeler,Sale,201
2023-11-01,2023-24,Qingqi Three-Wheeler,Prod,88
2023-11-01,2023-24,Qingqi Three-Wheeler,Sale,374
2023-12-01,2023-24,Qingqi Three-Wheeler,Prod,445
2023-12-01,2023-24,Qingqi Three-Wheeler,Sale,574
2024-01-01,2023-24,Qingqi Three-Wheeler,Prod,518
2024-01-01,2023-24,Qingqi Three-Wheeler,Sale,523
2024-02-01,2023-24,Qingqi Three-Wheeler,Prod,607
2024-02-01,2023-24,Qingqi Three-Wheeler,Sale,720
2024-03-01,2023-24,Qingqi Three-Wheeler,Prod,599
2024-03-01,2023-24,Qingqi Three-Wheeler,Sale,590
2024-04-01,2023-24,Qingqi Three-Wheeler,Prod,586
2024-04-01,2023-24,Qingqi Three-Wheeler,Sale,423
2024-05-01,2023-24,Qingqi Three-Wheeler,Prod,613
2024-05-01,2023-24,Qingqi Three-Wheeler,Sale,598
2024-06-01,2023-24,Qingqi Three-Wheeler,Prod,567
2024-06-01,2023-24,Qingqi Three-Wheeler,Sale,639
2024-07-01,2024-25,Qingqi Three-Wheeler,Prod,541
2024-07-01,2024-25,Qingqi Three-Wheeler,Sale,552
2024-08-01,2024-25,Qingqi Three-Wheeler,Prod,648
2024-08-01,2024-25,Qingqi Three-Wheeler,Sale,744
2024-09-01,2024-25,Qingqi Three-Wheeler,Prod,741
2024-09-01,2024-25,Qingqi Three-Wheeler,Sale,921
2024-10-01,2024-25,Qingqi Three-Wheeler,Prod,1146
2024-10-01,2024-25,Qingqi Three-Wheeler,Sale,971
2024-11-01,2024-25,Qingqi Three-Wheeler,Prod,1018
2024-11-01,2024-25,Qingqi Three-Wheeler,Sale,990
2024-12-01,2024-25,Qingqi Three-Wheeler,Prod,833
2024-12-01,2024-25,Qingqi Three-Wheeler,Sale,945
2025-01-01,2024-25,Qingqi Three-Wheeler,Prod,1300
2025-01-01,2024-25,Qingqi Three-Wheeler,Sale,1080
2025-02-01,2024-25,Qingqi Three-Wheeler,Prod,1134
2025-02-01,2024-25,Qingqi Three-Wheeler,Sale,995
2025-03-01,2024-25,Qingqi Three-Wheeler,Prod,906
2025-03-01,2024-25,Qingqi Three-Wheeler,Sale,839
2025-04-01,2024-25,Qingqi Three-Wheeler,Prod,708
2025-04-01,2024-25,Qingqi Three-Wheeler,Sale,629
2025-05-01,2024-25,Qingqi Three-Wheeler,Prod,818
2025-05-01,2024-25,Qingqi Three-Wheeler,Sale,976
2025-06-01,2024-25,Qingqi Three-Wheeler,Prod,1004
2025-06-01,2024-25,Qingqi Three-Wheeler,Sale,1340
2007-07-01,2007-08,Ravi,Prod,1661
2007-07-01,2007-08,Ravi,Sale,1934
2007-08-01,2007-08,Ravi,Prod,2261
2007-08-01,2007-08,Ravi,Sale,2142
2007-09-01,2007-08,Ravi,Prod,1940
2007-09-01,2007-08,Ravi,Sale,1915
2007-10-01,2007-08,Ravi,Prod,1859
2007-10-01,2007-08,Ravi,Sale,1849
2007-11-01,2007-08,Ravi,Prod,2709
2007-11-01,2007-08,Ravi,Sale,2322
2007-12-01,2007-08,Ravi,Prod,1532
2007-12-01,2007-08,Ravi,Sale,1622
2008-01-01,2007-08,Ravi,Prod,1951
2008-01-01,2007-08,Ravi,Sale,1923
2008-02-01,2007-08,Ravi,Prod,1920
2008-02-01,2007-08,Ravi,Sale,1792
2008-03-01,2007-08,Ravi,Prod,1930
2008-03-01,2007-08,Ravi,Sale,1984
2008-04-01,2007-08,Ravi,Prod,1678
2008-04-01,2007-08,Ravi,Sale,1521
2008-05-01,2007-08,Ravi,Prod,2020
2008-05-01,2007-08,Ravi,Sale,2455
2008-06-01,2007-08,Ravi,Prod,1571
2008-06-01,2007-08,Ravi,Sale,1377
2008-07-01,2008-09,Ravi,Prod,1233
2008-07-01,2008-09,Ravi,Sale,1236
2008-08-01,2008-09,Ravi,Prod,1623
2008-08-01,2008-09,Ravi,Sale,1432
2008-09-01,2008-09,Ravi,Prod,1517
2008-09-01,2008-09,Ravi,Sale,1588
2008-10-01,2008-09,Ravi,Prod,1702
2008-10-01,2008-09,Ravi,Sale,1876
2008-11-01,2008-09,Ravi,Prod,1801
2008-11-01,2008-09,Ravi,Sale,1590
2008-12-01,2008-09,Ravi,Prod,1180
2008-12-01,2008-09,Ravi,Sale,1193
2009-01-01,2008-09,Ravi,Prod,1294
2009-01-01,2008-09,Ravi,Sale,1401
2009-02-01,2008-09,Ravi,Prod,1370
2009-02-01,2008-09,Ravi,Sale,1320
2009-03-01,2008-09,Ravi,Prod,1173
2009-03-01,2008-09,Ravi,Sale,1490
2009-04-01,2008-09,Ravi,Prod,1202
2009-04-01,2008-09,Ravi,Sale,1497
2009-05-01,2008-09,Ravi,Prod,2463
2009-05-01,2008-09,Ravi,Sale,2151
2009-06-01,2008-09,Ravi,Prod,1685
2009-06-01,2008-09,Ravi,Sale,1683
2009-07-01,2009-10,Ravi,Prod,1626
2009-07-01,2009-10,Ravi,Sale,1731
2009-08-01,2009-10,Ravi,Prod,2000
2009-08-01,2009-10,Ravi,Sale,1729
2009-09-01,2009-10,Ravi,Prod,1555
2009-09-01,2009-10,Ravi,Sale,2022
2009-10-01,2009-10,Ravi,Prod,1967
2009-10-01,2009-10,Ravi,Sale,1791
2009-11-01,2009-10,Ravi,Prod,2087
2009-11-01,2009-10,Ravi,Sale,2168
2009-12-01,2009-10,Ravi,Prod,1884
2009-12-01,2009-10,Ravi,Sale,2013
2010-01-01,2009-10,Ravi,Prod,2110
2010-01-01,2009-10,Ravi,Sale,1989
2010-02-01,2009-10,Ravi,Prod,1724
2010-02-01,2009-10,Ravi,Sale,1755
2010-03-01,2009-10,Ravi,Prod,1909
2010-03-01,2009-10,Ravi,Sale,1966
2010-04-01,2009-10,Ravi,Prod,1846
2010-04-01,2009-10,Ravi,Sale,1867
2010-05-01,2009-10,Ravi,Prod,2290
2010-05-01,2009-10,Ravi,Sale,2320
2010-06-01,2009-10,Ravi,Prod,1953
2010-06-01,2009-10,Ravi,Sale,1953
2010-07-01,2010-11,Ravi,Prod,2063
2010-07-01,2010-11,Ravi,Sale,1359
2010-08-01,2010-11,Ravi,Prod,2045
2010-08-01,2010-11,Ravi,Sale,2550
2010-09-01,2010-11,Ravi,Prod,1918
2010-09-01,2010-11,Ravi,Sale,2062
2010-10-01,2010-11,Ravi,Prod,2119
2010-10-01,2010-11,Ravi,Sale,2201
2010-11-01,2010-11,Ravi,Prod,2011
2010-11-01,2010-11,Ravi,Sale,1935
2010-12-01,2010-11,Ravi,Prod,3035
2010-12-01,2010-11,Ravi,Sale,3080
2011-01-01,2010-11,Ravi,Prod,2778
2011-01-01,2010-11,Ravi,Sale,2801
2011-02-01,2010-11,Ravi,Prod,1639
2011-02-01,2010-11,Ravi,Sale,1636
2011-03-01,2010-11,Ravi,Prod,2191
2011-03-01,2010-11,Ravi,Sale,2196
2011-04-01,2010-11,Ravi,Prod,2482
2011-04-01,2010-11,Ravi,Sale,2490
2011-05-01,2010-11,Ravi,Prod,2243
2011-05-01,2010-11,Ravi,Sale,2252
2011-06-01,2010-11,Ravi,Prod,2358
2011-06-01,2010-11,Ravi,Sale,2358
2011-07-01,2011-12,Ravi,Prod,2128
2011-07-01,2011-12,Ravi,Sale,1923
2011-08-01,2011-12,Ravi,Prod,2703
2011-08-01,2011-12,Ravi,Sale,2861
2011-09-01,2011-12,Ravi,Prod,2109
2011-09-01,2011-12,Ravi,Sale,1896
2011-10-01,2011-12,Ravi,Prod,1404
2011-10-01,2011-12,Ravi,Sale,1654
2011-11-01,2011-12,Ravi,Prod,2711
2011-11-01,2011-12,Ravi,Sale,2484
2011-12-01,2011-12,Ravi,Prod,2017
2011-12-01,2011-12,Ravi,Sale,1910
2012-01-01,2011-12,Ravi,Prod,1681
2012-01-01,2011-12,Ravi,Sale,1502
2012-02-01,2011-12,Ravi,Prod,1137
2012-02-01,2011-12,Ravi,Sale,1546
2012-03-01,2011-12,Ravi,Prod,1634
2012-03-01,2011-12,Ravi,Sale,1298
2012-04-01,2011-12,Ravi,Prod,1946
2012-04-01,2011-12,Ravi,Sale,1801
2012-05-01,2011-12,Ravi,Prod,1117
2012-05-01,2011-12,Ravi,Sale,1316
2012-06-01,2011-12,Ravi,Prod,1721
2012-06-01,2011-12,Ravi,Sale,1930
2012-07-01,2012-13,Ravi,Prod,644
2012-07-01,2012-13,Ravi,Sale,1155
2012-08-01,2012-13,Ravi,Prod,2235
2012-08-01,2012-13,Ravi,Sale,2421
2012-09-01,2012-13,Ravi,Prod,1368
2012-09-01,2012-13,Ravi,Sale,1872
2012-10-01,2012-13,Ravi,Prod,2876
2012-10-01,2012-13,Ravi,Sale,2051
2012-11-01,2012-13,Ravi,Prod,729
2012-11-01,2012-13,Ravi,Sale,1282
2012-12-01,2012-13,Ravi,Prod,1227
2012-12-01,2012-13,Ravi,Sale,1442
2013-01-01,2012-13,Ravi,Prod,1383
2013-01-01,2012-13,Ravi,Sale,1206
2013-02-01,2012-13,Ravi,Prod,1008
2013-02-01,2012-13,Ravi,Sale,1260
2013-03-01,2012-13,Ravi,Prod,1611
2013-03-01,2012-13,Ravi,Sale,1758
2013-04-01,2012-13,Ravi,Prod,1685
2013-04-01,2012-13,Ravi,Sale,1522
2013-05-01,2012-13,Ravi,Prod,1337
2013-05-01,2012-13,Ravi,Sale,1404
2013-06-01,2012-13,Ravi,Prod,1832
2013-06-01,2012-13,Ravi,Sale,1838
2013-07-01,2013-14,Ravi,Prod,1648
2013-07-01,2013-14,Ravi,Sale,2278
2013-08-01,2013-14,Ravi,Prod,1506
2013-08-01,2013-14,Ravi,Sale,2000
2013-09-01,2013-14,Ravi,Prod,1842
2013-09-01,2013-14,Ravi,Sale,1295
2013-10-01,2013-14,Ravi,Prod,1652
2013-10-01,2013-14,Ravi,Sale,1652
2013-11-01,2013-14,Ravi,Prod,1005
2013-11-01,2013-14,Ravi,Sale,1005
2013-12-01,2013-14,Ravi,Prod,1823
2013-12-01,2013-14,Ravi,Sale,1823
2014-01-01,2013-14,Ravi,Prod,1649
2014-01-01,2013-14,Ravi,Sale,1649
2014-02-01,2013-14,Ravi,Prod,1642
2014-02-01,2013-14,Ravi,Sale,1642
2014-03-01,2013-14,Ravi,Prod,2055
2014-03-01,2013-14,Ravi,Sale,2055
2014-04-01,2013-14,Ravi,Prod,2246
2014-04-01,2013-14,Ravi,Sale,2246
2014-05-01,2013-14,Ravi,Prod,2559
2014-05-01,2013-14,Ravi,Sale,2559
2014-06-01,2013-14,Ravi,Prod,2221
2014-06-01,2013-14,Ravi,Sale,2221
2014-07-01,2014-15,Ravi,Prod,2603
2014-07-01,2014-15,Ravi,Sale,2603
2014-08-01,2014-15,Ravi,Prod,1515
2014-08-01,2014-15,Ravi,Sale,1515
2014-09-01,2014-15,Ravi,Prod,2027
2014-09-01,2014-15,Ravi,Sale,2027
2014-10-01,2014-15,Ravi,Prod,1716
2014-10-01,2014-15,Ravi,Sale,1716
2014-11-01,2014-15,Ravi,Prod,1395
2014-11-01,2014-15,Ravi,Sale,1395
2014-12-01,2014-15,Ravi,Prod,1683
2014-12-01,2014-15,Ravi,Sale,1683
2015-01-01,2014-15,Ravi,Prod,2075
2015-01-01,2014-15,Ravi,Sale,2075
2015-02-01,2014-15,Ravi,Prod,1485
2015-02-01,2014-15,Ravi,Sale,1485
2015-03-01,2014-15,Ravi,Prod,1491
2015-03-01,2014-15,Ravi,Sale,1491
2015-04-01,2014-15,Ravi,Prod,2169
2015-04-01,2014-15,Ravi,Sale,2169
2015-05-01,2014-15,Ravi,Prod,3119
2015-05-01,2014-15,Ravi,Sale,3119
2015-06-01,2014-15,Ravi,Prod,2516
2015-06-01,2014-15,Ravi,Sale,2516
2015-07-01,2015-16,Ravi,Prod,1701
2015-07-01,2015-16,Ravi,Sale,1701
2015-08-01,2015-16,Ravi,Prod,2036
2015-08-01,2015-16,Ravi,Sale,2036
2015-09-01,2015-16,Ravi,Prod,1949
2015-09-01,2015-16,Ravi,Sale,1949
2015-10-01,2015-16,Ravi,Prod,1730
2015-10-01,2015-16,Ravi,Sale,1730
2015-11-01,2015-16,Ravi,Prod,1566
2015-11-01,2015-16,Ravi,Sale,1566
2015-12-01,2015-16,Ravi,Prod,1250
2015-12-01,2015-16,Ravi,Sale,1250
2016-01-01,2015-16,Ravi,Prod,1513
2016-01-01,2015-16,Ravi,Sale,1513
2016-02-01,2015-16,Ravi,Prod,1321
2016-02-01,2015-16,Ravi,Sale,1321
2016-03-01,2015-16,Ravi,Prod,1588
2016-03-01,2015-16,Ravi,Sale,1588
2016-04-01,2015-16,Ravi,Prod,2013
2016-04-01,2015-16,Ravi,Sale,2013
2016-05-01,2015-16,Ravi,Prod,1856
2016-05-01,2015-16,Ravi,Sale,1856
2016-06-01,2015-16,Ravi,Prod,2314
2016-06-01,2015-16,Ravi,Sale,2314
2016-07-01,2016-17,Ravi,Prod,1545
2016-07-01,2016-17,Ravi,Sale,1545
2016-08-01,2016-17,Ravi,Prod,1561
2016-08-01,2016-17,Ravi,Sale,1561
2016-09-01,2016-17,Ravi,Prod,1581
2016-09-01,2016-17,Ravi,Sale,1581
2016-10-01,2016-17,Ravi,Prod,1817
2016-10-01,2016-17,Ravi,Sale,1817
2016-11-01,2016-17,Ravi,Prod,2864
2016-11-01,2016-17,Ravi,Sale,2864
2016-12-01,2016-17,Ravi,Prod,1854
2016-12-01,2016-17,Ravi,Sale,1854
2017-01-01,2016-17,Ravi,Prod,1624
2017-01-01,2016-17,Ravi,Sale,1624
2017-02-01,2016-17,Ravi,Prod,1194
2017-02-01,2016-17,Ravi,Sale,1194
2017-03-01,2016-17,Ravi,Prod,1950
2017-03-01,2016-17,Ravi,Sale,1950
2017-04-01,2016-17,Ravi,Prod,2361
2017-04-01,2016-17,Ravi,Sale,2361
2017-05-01,2016-17,Ravi,Prod,1783
2017-05-01,2016-17,Ravi,Sale,1783
2017-06-01,2016-17,Ravi,Prod,1837
2017-06-01,2016-17,Ravi,Sale,1837
2017-07-01,2017-18,Ravi,Prod,2514
2017-07-01,2017-18,Ravi,Sale,2514
2017-08-01,2017-18,Ravi,Prod,2608
2017-08-01,2017-18,Ravi,Sale,2608
2017-09-01,2017-18,Ravi,Prod,2603
2017-09-01,2017-18,Ravi,Sale,2603
2017-10-01,2017-18,Ravi,Prod,2614
2017-10-01,2017-18,Ravi,Sale,2614
2017-11-01,2017-18,Ravi,Prod,2501
2017-11-01,2017-18,Ravi,Sale,2501
2017-12-01,2017-18,Ravi,Prod,1593
2017-12-01,2017-18,Ravi,Sale,1593
2018-01-01,2017-18,Ravi,Prod,1712
2018-01-01,2017-18,Ravi,Sale,1712
2018-02-01,2017-18,Ravi,Prod,2183
2018-02-01,2017-18,Ravi,Sale,2183
2018-03-01,2017-18,Ravi,Prod,2497
2018-03-01,2017-18,Ravi,Sale,2497
2018-04-01,2017-18,Ravi,Prod,2847
2018-04-01,2017-18,Ravi,Sale,2847
2018-05-01,2017-18,Ravi,Prod,2934
2018-05-01,2017-18,Ravi,Sale,2934
2018-06-01,2017-18,Ravi,Prod,3052
2018-06-01,2017-18,Ravi,Sale,3052
2018-07-01,2018-19,Ravi,Prod,2435
2018-07-01,2018-19,Ravi,Sale,2435
2018-08-01,2018-19,Ravi,Prod,3073
2018-08-01,2018-19,Ravi,Sale,3073
2018-09-01,2018-19,Ravi,Prod,2019
2018-09-01,2018-19,Ravi,Sale,2019
2018-10-01,2018-19,Ravi,Prod,2533
2018-10-01,2018-19,Ravi,Sale,2533
2018-11-01,2018-19,Ravi,Prod,2286
2018-11-01,2018-19,Ravi,Sale,2286
2018-12-01,2018-19,Ravi,Prod,2017
2018-12-01,2018-19,Ravi,Sale,2017
2019-01-01,2018-19,Ravi,Prod,2014
2019-01-01,2018-19,Ravi,Sale,2014
2019-02-01,2018-19,Ravi,Prod,1906
2019-02-01,2018-19,Ravi,Sale,1906
2019-03-01,2018-19,Ravi,Prod,1251
2019-03-01,2018-19,Ravi,Sale,1251
2019-04-01,2018-19,Ravi,Prod,2062
2019-04-01,2018-19,Ravi,Sale,2062
2019-05-01,2018-19,Ravi,Prod,2624
2019-05-01,2018-19,Ravi,Sale,2624
2019-06-01,2018-19,Ravi,Prod,2905
2019-06-01,2018-19,Ravi,Sale,2905
2019-07-01,2019-20,Ravi,Prod,799
2019-07-01,2019-20,Ravi,Sale,799
2019-08-01,2019-20,Ravi,Prod,1296
2019-08-01,2019-20,Ravi,Sale,1296
2019-09-01,2019-20,Ravi,Prod,1402
2019-09-01,2019-20,Ravi,Sale,1402
2019-10-01,2019-20,Ravi,Prod,1792
2019-10-01,2019-20,Ravi,Sale,1792
2019-11-01,2019-20,Ravi,Prod,2397
2019-11-01,2019-20,Ravi,Sale,2397
2019-12-01,2019-20,Ravi,Prod,1332
2019-12-01,2019-20,Ravi,Sale,1332
2020-01-01,2019-20,Ravi,Prod,1371
2020-01-01,2019-20,Ravi,Sale,1371
2020-02-01,2019-20,Ravi,Prod,133
2020-02-01,2019-20,Ravi,Sale,133
2020-03-01,2019-20,Ravi,Prod,883
2020-03-01,2019-20,Ravi,Sale,883
2020-04-01,2019-20,Ravi,Prod,0
2020-04-01,2019-20,Ravi,Sale,0
2020-05-01,2019-20,Ravi,Prod,0
2020-05-01,2019-20,Ravi,Sale,0
2020-06-01,2019-20,Ravi,Prod,975
2020-06-01,2019-20,Ravi,Sale,975
2020-07-01,2020-21,Ravi,Prod,1397
2020-07-01,2020-21,Ravi,Sale,1397
2020-08-01,2020-21,Ravi,Prod,702
2020-08-01,2020-21,Ravi,Sale,702
2020-09-01,2020-21,Ravi,Prod,253
2020-09-01,2020-21,Ravi,Sale,253
2020-10-01,2020-21,Ravi,Prod,788
2020-10-01,2020-21,Ravi,Sale,788
2020-11-01,2020-21,Ravi,Prod,739
2020-11-01,2020-21,Ravi,Sale,739
2020-12-01,2020-21,Ravi,Prod,516
2020-12-01,2020-21,Ravi,Sale,516
2021-01-01,2020-21,Ravi,Prod,333
2021-01-01,2020-21,Ravi,Sale,333
2021-02-01,2020-21,Ravi,Prod,201
2021-02-01,2020-21,Ravi,Sale,201
2021-03-01,2020-21,Ravi,Prod,240
2021-03-01,2020-21,Ravi,Sale,240
2021-04-01,2020-21,Ravi,Prod,383
2021-04-01,2020-21,Ravi,Sale,383
2021-05-01,2020-21,Ravi,Prod,236
2021-05-01,2020-21,Ravi,Sale,236
2021-06-01,2020-21,Ravi,Prod,153
2021-06-01,2020-21,Ravi,Sale,153
2021-07-01,2021-22,Ravi,Prod,292
2021-07-01,2021-22,Ravi,Sale,292
2021-08-01,2021-22,Ravi,Prod,620
2021-08-01,2021-22,Ravi,Sale,620
2021-09-01,2021-22,Ravi,Prod,507
2021-09-01,2021-22,Ravi,Sale,507
2021-10-01,2021-22,Ravi,Prod,391
2021-10-01,2021-22,Ravi,Sale,391
2021-11-01,2021-22,Ravi,Prod,101
2021-11-01,2021-22,Ravi,Sale,101
2021-12-01,2021-22,Ravi,Prod,55
2021-12-01,2021-22,Ravi,Sale,55
2022-01-01,2021-22,Ravi,Prod,218
2022-01-01,2021-22,Ravi,Sale,218
2022-02-01,2021-22,Ravi,Prod,174
2022-02-01,2021-22,Ravi,Sale,174
2022-03-01,2021-22,Ravi,Prod,358
2022-03-01,2021-22,Ravi,Sale,358
2022-04-01,2021-22,Ravi,Prod,242
2022-04-01,2021-22,Ravi,Sale,242
2022-05-01,2021-22,Ravi,Prod,202
2022-05-01,2021-22,Ravi,Sale,202
2022-06-01,2021-22,Ravi,Prod,403
2022-06-01,2021-22,Ravi,Sale,403
2022-07-01,2022-23,Ravi,Prod,39
2022-07-01,2022-23,Ravi,Sale,39
2022-08-01,2022-23,Ravi,Prod,175
2022-08-01,2022-23,Ravi,Sale,175
2022-09-01,2022-23,Ravi,Prod,37
2022-09-01,2022-23,Ravi,Sale,37
2022-10-01,2022-23,Ravi,Prod,44
2022-10-01,2022-23,Ravi,Sale,44
2022-11-01,2022-23,Ravi,Prod,72
2022-11-01,2022-23,Ravi,Sale,72
2022-12-01,2022-23,Ravi,Prod,115
2022-12-01,2022-23,Ravi,Sale,115
2023-01-01,2022-23,Ravi,Prod,31
2023-01-01,2022-23,Ravi,Sale,31
2023-02-01,2022-23,Ravi,Prod,52
2023-02-01,2022-23,Ravi,Sale,52
2023-03-01,2022-23,Ravi,Prod,53
2023-03-01,2022-23,Ravi,Sale,53
2023-04-01,2022-23,Ravi,Prod,9
2023-04-01,2022-23,Ravi,Sale,9
2023-05-01,2022-23,Ravi,Prod,0
2023-05-01,2022-23,Ravi,Sale,0
2023-06-01,2022-23,Ravi,Prod,1
2023-06-01,2022-23,Ravi,Sale,1
2023-07-01,2023-24,Ravi,Prod,0
2023-07-01,2023-24,Ravi,Sale,0
2023-08-01,2023-24,Ravi,Prod,0
2023-08-01,2023-24,Ravi,Sale,0
2023-09-01,2023-24,Ravi,Prod,5
2023-09-01,2023-24,Ravi,Sale,5
2023-10-01,2023-24,Ravi,Prod,25
2023-10-01,2023-24,Ravi,Sale,25
2023-11-01,2023-24,Ravi,Prod,81
2023-11-01,2023-24,Ravi,Sale,81
2023-12-01,2023-24,Ravi,Prod,32
2023-12-01,2023-24,Ravi,Sale,32
2024-01-01,2023-24,Ravi,Prod,1
2024-01-01,2023-24,Ravi,Sale,1
2024-02-01,2023-24,Ravi,Prod,6
2024-02-01,2023-24,Ravi,Sale,6
2024-03-01,2023-24,Ravi,Prod,2
2024-03-01,2023-24,Ravi,Sale,2
2024-04-01,2023-24,Ravi,Prod,10
2024-04-01,2023-24,Ravi,Sale,10
2024-05-01,2023-24,Ravi,Prod,90
2024-05-01,2023-24,Ravi,Sale,90
2024-06-01,2023-24,Ravi,Prod,0
2024-06-01,2023-24,Ravi,Sale,0
2024-07-01,2024-25,Ravi,Prod,0
2024-07-01,2024-25,Ravi,Sale,0
2024-08-01,2024-25,Ravi,Prod,0
2024-08-01,2024-25,Ravi,Sale,0
2024-09-01,2024-25,Ravi,Prod,0
2024-09-01,2024-25,Ravi,Sale,0
2024-10-01,2024-25,Ravi,Prod,0
2024-10-01,2024-25,Ravi,Sale,0
2024-11-01,2024-25,Ravi,Prod,1
2024-11-01,2024-25,Ravi,Sale,1
2024-12-01,2024-25,Ravi,Prod,0
2024-12-01,2024-25,Ravi,Sale,0
2025-01-01,2024-25,Ravi,Prod,90
2025-01-01,2024-25,Ravi,Sale,90
2025-02-01,2024-25,Ravi,Prod,0
2025-02-01,2024-25,Ravi,Sale,0
2025-03-01,2024-25,Ravi,Prod,0
2025-03-01,2024-25,Ravi,Sale,0
2025-04-01,2024-25,Ravi,Prod,0
2025-04-01,2024-25,Ravi,Sale,0
2025-05-01,2024-25,Ravi,Prod,0
2025-05-01,2024-25,Ravi,Sale,0
2025-06-01,2024-25,Ravi,Prod,0
2025-06-01,2024-25,Ravi,Sale,0
2015-07-01,2015-16,Road Prince Motorcycle,Prod,12194
2015-07-01,2015-16,Road Prince Motorcycle,Sale,12194
2015-08-01,2015-16,Road Prince Motorcycle,Prod,13265
2015-08-01,2015-16,Road Prince Motorcycle,Sale,13265
2015-09-01,2015-16,Road Prince Motorcycle,Prod,12008
2015-09-01,2015-16,Road Prince Motorcycle,Sale,12008
2015-10-01,2015-16,Road Prince Motorcycle,Prod,12261
2015-10-01,2015-16,Road Prince Motorcycle,Sale,12261
2015-11-01,2015-16,Road Prince Motorcycle,Prod,14138
2015-11-01,2015-16,Road Prince Motorcycle,Sale,14138
2015-12-01,2015-16,Road Prince Motorcycle,Prod,10548
2015-12-01,2015-16,Road Prince Motorcycle,Sale,10548
2016-01-01,2015-16,Road Prince Motorcycle,Prod,13013
2016-01-01,2015-16,Road Prince Motorcycle,Sale,13013
2016-02-01,2015-16,Road Prince Motorcycle,Prod,11052
2016-02-01,2015-16,Road Prince Motorcycle,Sale,11052
2016-03-01,2015-16,Road Prince Motorcycle,Prod,15334
2016-03-01,2015-16,Road Prince Motorcycle,Sale,15334
2016-04-01,2015-16,Road Prince Motorcycle,Prod,16374
2016-04-01,2015-16,Road Prince Motorcycle,Sale,16374
2016-05-01,2015-16,Road Prince Motorcycle,Prod,17013
2016-05-01,2015-16,Road Prince Motorcycle,Sale,17013
2016-06-01,2015-16,Road Prince Motorcycle,Prod,20041
2016-06-01,2015-16,Road Prince Motorcycle,Sale,20041
2016-07-01,2016-17,Road Prince Motorcycle,Prod,15239
2016-07-01,2016-17,Road Prince Motorcycle,Sale,15239
2016-08-01,2016-17,Road Prince Motorcycle,Prod,19086
2016-08-01,2016-17,Road Prince Motorcycle,Sale,19086
2016-09-01,2016-17,Road Prince Motorcycle,Prod,17540
2016-09-01,2016-17,Road Prince Motorcycle,Sale,17540
2016-10-01,2016-17,Road Prince Motorcycle,Prod,19508
2016-10-01,2016-17,Road Prince Motorcycle,Sale,19508
2016-11-01,2016-17,Road Prince Motorcycle,Prod,18614
2016-11-01,2016-17,Road Prince Motorcycle,Sale,18614
2016-12-01,2016-17,Road Prince Motorcycle,Prod,15930
2016-12-01,2016-17,Road Prince Motorcycle,Sale,15930
2017-01-01,2016-17,Road Prince Motorcycle,Prod,16052
2017-01-01,2016-17,Road Prince Motorcycle,Sale,16052
2017-02-01,2016-17,Road Prince Motorcycle,Prod,18019
2017-02-01,2016-17,Road Prince Motorcycle,Sale,18019
2017-03-01,2016-17,Road Prince Motorcycle,Prod,15244
2017-03-01,2016-17,Road Prince Motorcycle,Sale,15244
2017-04-01,2016-17,Road Prince Motorcycle,Prod,15815
2017-04-01,2016-17,Road Prince Motorcycle,Sale,15815
2017-05-01,2016-17,Road Prince Motorcycle,Prod,18756
2017-05-01,2016-17,Road Prince Motorcycle,Sale,18756
2017-06-01,2016-17,Road Prince Motorcycle,Prod,17441
2017-06-01,2016-17,Road Prince Motorcycle,Sale,17441
2017-07-01,2017-18,Road Prince Motorcycle,Prod,19745
2017-07-01,2017-18,Road Prince Motorcycle,Sale,19745
2017-08-01,2017-18,Road Prince Motorcycle,Prod,23650
2017-08-01,2017-18,Road Prince Motorcycle,Sale,23650
2017-09-01,2017-18,Road Prince Motorcycle,Prod,20145
2017-09-01,2017-18,Road Prince Motorcycle,Sale,20145
2017-10-01,2017-18,Road Prince Motorcycle,Prod,20875
2017-10-01,2017-18,Road Prince Motorcycle,Sale,20875
2017-11-01,2017-18,Road Prince Motorcycle,Prod,14991
2017-11-01,2017-18,Road Prince Motorcycle,Sale,14991
2017-12-01,2017-18,Road Prince Motorcycle,Prod,18833
2017-12-01,2017-18,Road Prince Motorcycle,Sale,18833
2018-01-01,2017-18,Road Prince Motorcycle,Prod,19203
2018-01-01,2017-18,Road Prince Motorcycle,Sale,19203
2018-02-01,2017-18,Road Prince Motorcycle,Prod,16925
2018-02-01,2017-18,Road Prince Motorcycle,Sale,16925
2018-03-01,2017-18,Road Prince Motorcycle,Prod,13335
2018-03-01,2017-18,Road Prince Motorcycle,Sale,13335
2018-04-01,2017-18,Road Prince Motorcycle,Prod,15318
2018-04-01,2017-18,Road Prince Motorcycle,Sale,15318
2018-05-01,2017-18,Road Prince Motorcycle,Prod,16524
2018-05-01,2017-18,Road Prince Motorcycle,Sale,16524
2018-06-01,2017-18,Road Prince Motorcycle,Prod,19805
2018-06-01,2017-18,Road Prince Motorcycle,Sale,19805
2018-07-01,2018-19,Road Prince Motorcycle,Prod,13521
2018-07-01,2018-19,Road Prince Motorcycle,Sale,13521
2018-08-01,2018-19,Road Prince Motorcycle,Prod,14660
2018-08-01,2018-19,Road Prince Motorcycle,Sale,14660
2018-09-01,2018-19,Road Prince Motorcycle,Prod,17066
2018-09-01,2018-19,Road Prince Motorcycle,Sale,17066
2018-10-01,2018-19,Road Prince Motorcycle,Prod,20211
2018-10-01,2018-19,Road Prince Motorcycle,Sale,20211
2018-11-01,2018-19,Road Prince Motorcycle,Prod,14167
2018-11-01,2018-19,Road Prince Motorcycle,Sale,14167
2018-12-01,2018-19,Road Prince Motorcycle,Prod,11409
2018-12-01,2018-19,Road Prince Motorcycle,Sale,11409
2019-01-01,2018-19,Road Prince Motorcycle,Prod,11576
2019-01-01,2018-19,Road Prince Motorcycle,Sale,11576
2019-02-01,2018-19,Road Prince Motorcycle,Prod,9476
2019-02-01,2018-19,Road Prince Motorcycle,Sale,9476
2019-03-01,2018-19,Road Prince Motorcycle,Prod,11262
2019-03-01,2018-19,Road Prince Motorcycle,Sale,11262
2019-04-01,2018-19,Road Prince Motorcycle,Prod,12709
2019-04-01,2018-19,Road Prince Motorcycle,Sale,12709
2019-05-01,2018-19,Road Prince Motorcycle,Prod,12979
2019-05-01,2018-19,Road Prince Motorcycle,Sale,12979
2019-06-01,2018-19,Road Prince Motorcycle,Prod,12195
2019-06-01,2018-19,Road Prince Motorcycle,Sale,12195
2019-07-01,2019-20,Road Prince Motorcycle,Prod,4827
2019-07-01,2019-20,Road Prince Motorcycle,Sale,4827
2019-08-01,2019-20,Road Prince Motorcycle,Prod,11235
2019-08-01,2019-20,Road Prince Motorcycle,Sale,11235
2019-09-01,2019-20,Road Prince Motorcycle,Prod,13337
2019-09-01,2019-20,Road Prince Motorcycle,Sale,13337
2019-10-01,2019-20,Road Prince Motorcycle,Prod,13396
2019-10-01,2019-20,Road Prince Motorcycle,Sale,13396
2019-11-01,2019-20,Road Prince Motorcycle,Prod,11094
2019-11-01,2019-20,Road Prince Motorcycle,Sale,11094
2019-12-01,2019-20,Road Prince Motorcycle,Prod,9723
2019-12-01,2019-20,Road Prince Motorcycle,Sale,9723
2020-01-01,2019-20,Road Prince Motorcycle,Prod,10405
2020-01-01,2019-20,Road Prince Motorcycle,Sale,10405
2020-02-01,2019-20,Road Prince Motorcycle,Prod,9383
2020-02-01,2019-20,Road Prince Motorcycle,Sale,9383
2020-03-01,2019-20,Road Prince Motorcycle,Prod,8195
2020-03-01,2019-20,Road Prince Motorcycle,Sale,8195
2020-04-01,2019-20,Road Prince Motorcycle,Prod,0
2020-04-01,2019-20,Road Prince Motorcycle,Sale,0
2020-05-01,2019-20,Road Prince Motorcycle,Prod,5288
2020-05-01,2019-20,Road Prince Motorcycle,Sale,5288
2020-06-01,2019-20,Road Prince Motorcycle,Prod,12107
2020-06-01,2019-20,Road Prince Motorcycle,Sale,12107
2020-07-01,2020-21,Road Prince Motorcycle,Prod,11154
2020-07-01,2020-21,Road Prince Motorcycle,Sale,11154
2020-08-01,2020-21,Road Prince Motorcycle,Prod,14188
2020-08-01,2020-21,Road Prince Motorcycle,Sale,14188
2020-09-01,2020-21,Road Prince Motorcycle,Prod,11172
2020-09-01,2020-21,Road Prince Motorcycle,Sale,11172
2020-10-01,2020-21,Road Prince Motorcycle,Prod,14585
2020-10-01,2020-21,Road Prince Motorcycle,Sale,14585
2020-11-01,2020-21,Road Prince Motorcycle,Prod,16375
2020-11-01,2020-21,Road Prince Motorcycle,Sale,16375
2020-12-01,2020-21,Road Prince Motorcycle,Prod,11481
2020-12-01,2020-21,Road Prince Motorcycle,Sale,11481
2021-01-01,2020-21,Road Prince Motorcycle,Prod,10900
2021-01-01,2020-21,Road Prince Motorcycle,Sale,10900
2021-02-01,2020-21,Road Prince Motorcycle,Prod,11441
2021-02-01,2020-21,Road Prince Motorcycle,Sale,11441
2021-03-01,2020-21,Road Prince Motorcycle,Prod,10274
2021-03-01,2020-21,Road Prince Motorcycle,Sale,10274
2021-04-01,2020-21,Road Prince Motorcycle,Prod,10584
2021-04-01,2020-21,Road Prince Motorcycle,Sale,10584
2021-05-01,2020-21,Road Prince Motorcycle,Prod,9017
2021-05-01,2020-21,Road Prince Motorcycle,Sale,9017
2021-06-01,2020-21,Road Prince Motorcycle,Prod,10059
2021-06-01,2020-21,Road Prince Motorcycle,Sale,10059
2021-07-01,2021-22,Road Prince Motorcycle,Prod,10272
2021-07-01,2021-22,Road Prince Motorcycle,Sale,10272
2021-08-01,2021-22,Road Prince Motorcycle,Prod,10319
2021-08-01,2021-22,Road Prince Motorcycle,Sale,10319
2021-09-01,2021-22,Road Prince Motorcycle,Prod,10416
2021-09-01,2021-22,Road Prince Motorcycle,Sale,10416
2021-10-01,2021-22,Road Prince Motorcycle,Prod,12933
2021-10-01,2021-22,Road Prince Motorcycle,Sale,12933
2021-11-01,2021-22,Road Prince Motorcycle,Prod,8349
2021-11-01,2021-22,Road Prince Motorcycle,Sale,8349
2021-12-01,2021-22,Road Prince Motorcycle,Prod,5830
2021-12-01,2021-22,Road Prince Motorcycle,Sale,5830
2022-01-01,2021-22,Road Prince Motorcycle,Prod,5167
2022-01-01,2021-22,Road Prince Motorcycle,Sale,5167
2022-02-01,2021-22,Road Prince Motorcycle,Prod,5732
2022-02-01,2021-22,Road Prince Motorcycle,Sale,5732
2022-03-01,2021-22,Road Prince Motorcycle,Prod,4432
2022-03-01,2021-22,Road Prince Motorcycle,Sale,4432
2022-04-01,2021-22,Road Prince Motorcycle,Prod,6267
2022-04-01,2021-22,Road Prince Motorcycle,Sale,6267
2022-05-01,2021-22,Road Prince Motorcycle,Prod,4534
2022-05-01,2021-22,Road Prince Motorcycle,Sale,4534
2022-06-01,2021-22,Road Prince Motorcycle,Prod,5649
2022-06-01,2021-22,Road Prince Motorcycle,Sale,5649
2022-07-01,2022-23,Road Prince Motorcycle,Prod,2932
2022-07-01,2022-23,Road Prince Motorcycle,Sale,2932
2022-08-01,2022-23,Road Prince Motorcycle,Prod,3173
2022-08-01,2022-23,Road Prince Motorcycle,Sale,3173
2022-09-01,2022-23,Road Prince Motorcycle,Prod,3168
2022-09-01,2022-23,Road Prince Motorcycle,Sale,3168
2022-10-01,2022-23,Road Prince Motorcycle,Prod,2921
2022-10-01,2022-23,Road Prince Motorcycle,Sale,2921
2022-11-01,2022-23,Road Prince Motorcycle,Prod,2346
2022-11-01,2022-23,Road Prince Motorcycle,Sale,2346
2022-12-01,2022-23,Road Prince Motorcycle,Prod,2796
2022-12-01,2022-23,Road Prince Motorcycle,Sale,2796
2023-01-01,2022-23,Road Prince Motorcycle,Prod,2370
2023-01-01,2022-23,Road Prince Motorcycle,Sale,2370
2023-02-01,2022-23,Road Prince Motorcycle,Prod,2403
2023-02-01,2022-23,Road Prince Motorcycle,Sale,2403
2023-03-01,2022-23,Road Prince Motorcycle,Prod,1533
2023-03-01,2022-23,Road Prince Motorcycle,Sale,1533
2023-04-01,2022-23,Road Prince Motorcycle,Prod,1052
2023-04-01,2022-23,Road Prince Motorcycle,Sale,1052
2023-05-01,2022-23,Road Prince Motorcycle,Prod,1908
2023-05-01,2022-23,Road Prince Motorcycle,Sale,1908
2023-06-01,2022-23,Road Prince Motorcycle,Prod,1088
2023-06-01,2022-23,Road Prince Motorcycle,Sale,1088
2023-07-01,2023-24,Road Prince Motorcycle,Prod,1118
2023-07-01,2023-24,Road Prince Motorcycle,Sale,1118
2023-08-01,2023-24,Road Prince Motorcycle,Prod,1580
2023-08-01,2023-24,Road Prince Motorcycle,Sale,1580
2023-09-01,2023-24,Road Prince Motorcycle,Prod,1420
2023-09-01,2023-24,Road Prince Motorcycle,Sale,1420
2023-10-01,2023-24,Road Prince Motorcycle,Prod,1733
2023-10-01,2023-24,Road Prince Motorcycle,Sale,1733
2023-11-01,2023-24,Road Prince Motorcycle,Prod,1123
2023-11-01,2023-24,Road Prince Motorcycle,Sale,1123
2023-12-01,2023-24,Road Prince Motorcycle,Prod,1108
2023-12-01,2023-24,Road Prince Motorcycle,Sale,1108
2024-01-01,2023-24,Road Prince Motorcycle,Prod,1451
2024-01-01,2023-24,Road Prince Motorcycle,Sale,1451
2024-02-01,2023-24,Road Prince Motorcycle,Prod,1064
2024-02-01,2023-24,Road Prince Motorcycle,Sale,1064
2024-03-01,2023-24,Road Prince Motorcycle,Prod,1400
2024-03-01,2023-24,Road Prince Motorcycle,Sale,1400
2024-04-01,2023-24,Road Prince Motorcycle,Prod,1514
2024-04-01,2023-24,Road Prince Motorcycle,Sale,1514
2024-05-01,2023-24,Road Prince Motorcycle,Prod,1429
2024-05-01,2023-24,Road Prince Motorcycle,Sale,1429
2024-06-01,2023-24,Road Prince Motorcycle,Prod,1109
2024-06-01,2023-24,Road Prince Motorcycle,Sale,1109
2024-07-01,2024-25,Road Prince Motorcycle,Prod,1195
2024-07-01,2024-25,Road Prince Motorcycle,Sale,1195
2024-08-01,2024-25,Road Prince Motorcycle,Prod,1454
2024-08-01,2024-25,Road Prince Motorcycle,Sale,1454
2024-09-01,2024-25,Road Prince Motorcycle,Prod,1754
2024-09-01,2024-25,Road Prince Motorcycle,Sale,1754
2024-10-01,2024-25,Road Prince Motorcycle,Prod,1817
2024-10-01,2024-25,Road Prince Motorcycle,Sale,1817
2024-11-01,2024-25,Road Prince Motorcycle,Prod,2214
2024-11-01,2024-25,Road Prince Motorcycle,Sale,2214
2024-12-01,2024-25,Road Prince Motorcycle,Prod,1821
2024-12-01,2024-25,Road Prince Motorcycle,Sale,1821
2025-01-01,2024-25,Road Prince Motorcycle,Prod,1767
2025-01-01,2024-25,Road Prince Motorcycle,Sale,1767
2025-02-01,2024-25,Road Prince Motorcycle,Prod,2004
2025-02-01,2024-25,Road Prince Motorcycle,Sale,2004
2025-03-01,2024-25,Road Prince Motorcycle,Prod,2067
2025-03-01,2024-25,Road Prince Motorcycle,Sale,2067
2025-04-01,2024-25,Road Prince Motorcycle,Prod,1742
2025-04-01,2024-25,Road Prince Motorcycle,Sale,1742
2025-05-01,2024-25,Road Prince Motorcycle,Prod,1898
2025-05-01,2024-25,Road Prince Motorcycle,Sale,1898
2025-06-01,2024-25,Road Prince Motorcycle,Prod,2313
2025-06-01,2024-25,Road Prince Motorcycle,Sale,2313
2015-07-01,2015-16,Road Prince ThreeWheeler,Prod,47
2015-07-01,2015-16,Road Prince ThreeWheeler,Sale,47
2015-08-01,2015-16,Road Prince ThreeWheeler,Prod,0
2015-08-01,2015-16,Road Prince ThreeWheeler,Sale,0
2015-09-01,2015-16,Road Prince ThreeWheeler,Prod,62
2015-09-01,2015-16,Road Prince ThreeWheeler,Sale,62
2015-10-01,2015-16,Road Prince ThreeWheeler,Prod,45
2015-10-01,2015-16,Road Prince ThreeWheeler,Sale,45
2015-11-01,2015-16,Road Prince ThreeWheeler,Prod,59
2015-11-01,2015-16,Road Prince ThreeWheeler,Sale,59
2015-12-01,2015-16,Road Prince ThreeWheeler,Prod,121
2015-12-01,2015-16,Road Prince ThreeWheeler,Sale,121
2016-01-01,2015-16,Road Prince ThreeWheeler,Prod,208
2016-01-01,2015-16,Road Prince ThreeWheeler,Sale,208
2016-02-01,2015-16,Road Prince ThreeWheeler,Prod,123
2016-02-01,2015-16,Road Prince ThreeWheeler,Sale,123
2016-03-01,2015-16,Road Prince ThreeWheeler,Prod,85
2016-03-01,2015-16,Road Prince ThreeWheeler,Sale,85
2016-04-01,2015-16,Road Prince ThreeWheeler,Prod,98
2016-04-01,2015-16,Road Prince ThreeWheeler,Sale,98
2016-05-01,2015-16,Road Prince ThreeWheeler,Prod,119
2016-05-01,2015-16,Road Prince ThreeWheeler,Sale,119
2016-06-01,2015-16,Road Prince ThreeWheeler,Prod,92
2016-06-01,2015-16,Road Prince ThreeWheeler,Sale,92
2016-07-01,2016-17,Road Prince ThreeWheeler,Prod,154
2016-07-01,2016-17,Road Prince ThreeWheeler,Sale,154
2016-08-01,2016-17,Road Prince ThreeWheeler,Prod,115
2016-08-01,2016-17,Road Prince ThreeWheeler,Sale,115
2016-09-01,2016-17,Road Prince ThreeWheeler,Prod,93
2016-09-01,2016-17,Road Prince ThreeWheeler,Sale,93
2016-10-01,2016-17,Road Prince ThreeWheeler,Prod,157
2016-10-01,2016-17,Road Prince ThreeWheeler,Sale,157
2016-11-01,2016-17,Road Prince ThreeWheeler,Prod,476
2016-11-01,2016-17,Road Prince ThreeWheeler,Sale,476
2016-12-01,2016-17,Road Prince ThreeWheeler,Prod,882
2016-12-01,2016-17,Road Prince ThreeWheeler,Sale,882
2017-01-01,2016-17,Road Prince ThreeWheeler,Prod,1407
2017-01-01,2016-17,Road Prince ThreeWheeler,Sale,1407
2017-02-01,2016-17,Road Prince ThreeWheeler,Prod,898
2017-02-01,2016-17,Road Prince ThreeWheeler,Sale,898
2017-03-01,2016-17,Road Prince ThreeWheeler,Prod,1221
2017-03-01,2016-17,Road Prince ThreeWheeler,Sale,1221
2017-04-01,2016-17,Road Prince ThreeWheeler,Prod,1196
2017-04-01,2016-17,Road Prince ThreeWheeler,Sale,1196
2017-05-01,2016-17,Road Prince ThreeWheeler,Prod,1143
2017-05-01,2016-17,Road Prince ThreeWheeler,Sale,1143
2017-06-01,2016-17,Road Prince ThreeWheeler,Prod,1196
2017-06-01,2016-17,Road Prince ThreeWheeler,Sale,1196
2017-07-01,2017-18,Road Prince ThreeWheeler,Prod,1298
2017-07-01,2017-18,Road Prince ThreeWheeler,Sale,1298
2017-08-01,2017-18,Road Prince ThreeWheeler,Prod,1494
2017-08-01,2017-18,Road Prince ThreeWheeler,Sale,1494
2017-09-01,2017-18,Road Prince ThreeWheeler,Prod,1520
2017-09-01,2017-18,Road Prince ThreeWheeler,Sale,1520
2017-10-01,2017-18,Road Prince ThreeWheeler,Prod,1937
2017-10-01,2017-18,Road Prince ThreeWheeler,Sale,1937
2017-11-01,2017-18,Road Prince ThreeWheeler,Prod,1227
2017-11-01,2017-18,Road Prince ThreeWheeler,Sale,1227
2017-12-01,2017-18,Road Prince ThreeWheeler,Prod,1074
2017-12-01,2017-18,Road Prince ThreeWheeler,Sale,1074
2018-01-01,2017-18,Road Prince ThreeWheeler,Prod,961
2018-01-01,2017-18,Road Prince ThreeWheeler,Sale,961
2018-02-01,2017-18,Road Prince ThreeWheeler,Prod,803
2018-02-01,2017-18,Road Prince ThreeWheeler,Sale,803
2018-03-01,2017-18,Road Prince ThreeWheeler,Prod,0
2018-03-01,2017-18,Road Prince ThreeWheeler,Sale,0
2018-04-01,2017-18,Road Prince ThreeWheeler,Prod,0
2018-04-01,2017-18,Road Prince ThreeWheeler,Sale,0
2018-05-01,2017-18,Road Prince ThreeWheeler,Prod,468
2018-05-01,2017-18,Road Prince ThreeWheeler,Sale,468
2018-06-01,2017-18,Road Prince ThreeWheeler,Prod,1509
2018-06-01,2017-18,Road Prince ThreeWheeler,Sale,1509
2018-07-01,2018-19,Road Prince ThreeWheeler,Prod,472
2018-07-01,2018-19,Road Prince ThreeWheeler,Sale,472
2018-08-01,2018-19,Road Prince ThreeWheeler,Prod,752
2018-08-01,2018-19,Road Prince ThreeWheeler,Sale,752
2018-09-01,2018-19,Road Prince ThreeWheeler,Prod,364
2018-09-01,2018-19,Road Prince ThreeWheeler,Sale,364
2018-10-01,2018-19,Road Prince ThreeWheeler,Prod,1265
2018-10-01,2018-19,Road Prince ThreeWheeler,Sale,1265
2018-11-01,2018-19,Road Prince ThreeWheeler,Prod,1129
2018-11-01,2018-19,Road Prince ThreeWheeler,Sale,1129
2018-12-01,2018-19,Road Prince ThreeWheeler,Prod,1108
2018-12-01,2018-19,Road Prince ThreeWheeler,Sale,1108
2019-01-01,2018-19,Road Prince ThreeWheeler,Prod,1226
2019-01-01,2018-19,Road Prince ThreeWheeler,Sale,1226
2019-02-01,2018-19,Road Prince ThreeWheeler,Prod,1157
2019-02-01,2018-19,Road Prince ThreeWheeler,Sale,1157
2019-03-01,2018-19,Road Prince ThreeWheeler,Prod,1161
2019-03-01,2018-19,Road Prince ThreeWheeler,Sale,1161
2019-04-01,2018-19,Road Prince ThreeWheeler,Prod,1279
2019-04-01,2018-19,Road Prince ThreeWheeler,Sale,1279
2019-05-01,2018-19,Road Prince ThreeWheeler,Prod,871
2019-05-01,2018-19,Road Prince ThreeWheeler,Sale,871
2019-06-01,2018-19,Road Prince ThreeWheeler,Prod,1551
2019-06-01,2018-19,Road Prince ThreeWheeler,Sale,1551
2019-07-01,2019-20,Road Prince ThreeWheeler,Prod,43
2019-07-01,2019-20,Road Prince ThreeWheeler,Sale,43
2019-08-01,2019-20,Road Prince ThreeWheeler,Prod,761
2019-08-01,2019-20,Road Prince ThreeWheeler,Sale,761
2019-09-01,2019-20,Road Prince ThreeWheeler,Prod,824
2019-09-01,2019-20,Road Prince ThreeWheeler,Sale,824
2019-10-01,2019-20,Road Prince ThreeWheeler,Prod,831
2019-10-01,2019-20,Road Prince ThreeWheeler,Sale,831
2019-11-01,2019-20,Road Prince ThreeWheeler,Prod,947
2019-11-01,2019-20,Road Prince ThreeWheeler,Sale,947
2019-12-01,2019-20,Road Prince ThreeWheeler,Prod,966
2019-12-01,2019-20,Road Prince ThreeWheeler,Sale,966
2020-01-01,2019-20,Road Prince ThreeWheeler,Prod,1122
2020-01-01,2019-20,Road Prince ThreeWheeler,Sale,1122
2020-02-01,2019-20,Road Prince ThreeWheeler,Prod,1200
2020-02-01,2019-20,Road Prince ThreeWheeler,Sale,1200
2020-03-01,2019-20,Road Prince ThreeWheeler,Prod,1143
2020-03-01,2019-20,Road Prince ThreeWheeler,Sale,1143
2020-04-01,2019-20,Road Prince ThreeWheeler,Prod,0
2020-04-01,2019-20,Road Prince ThreeWheeler,Sale,0
2020-05-01,2019-20,Road Prince ThreeWheeler,Prod,757
2020-05-01,2019-20,Road Prince ThreeWheeler,Sale,757
2020-06-01,2019-20,Road Prince ThreeWheeler,Prod,1726
2020-06-01,2019-20,Road Prince ThreeWheeler,Sale,1726
2020-07-01,2020-21,Road Prince ThreeWheeler,Prod,1369
2020-07-01,2020-21,Road Prince ThreeWheeler,Sale,1369
2020-08-01,2020-21,Road Prince ThreeWheeler,Prod,432
2020-08-01,2020-21,Road Prince ThreeWheeler,Sale,432
2020-09-01,2020-21,Road Prince ThreeWheeler,Prod,1339
2020-09-01,2020-21,Road Prince ThreeWheeler,Sale,1339
2020-10-01,2020-21,Road Prince ThreeWheeler,Prod,952
2020-10-01,2020-21,Road Prince ThreeWheeler,Sale,952
2020-11-01,2020-21,Road Prince ThreeWheeler,Prod,564
2020-11-01,2020-21,Road Prince ThreeWheeler,Sale,564
2020-12-01,2020-21,Road Prince ThreeWheeler,Prod,761
2020-12-01,2020-21,Road Prince ThreeWheeler,Sale,761
2021-01-01,2020-21,Road Prince ThreeWheeler,Prod,613
2021-01-01,2020-21,Road Prince ThreeWheeler,Sale,613
2021-02-01,2020-21,Road Prince ThreeWheeler,Prod,1143
2021-02-01,2020-21,Road Prince ThreeWheeler,Sale,1143
2021-03-01,2020-21,Road Prince ThreeWheeler,Prod,325
2021-03-01,2020-21,Road Prince ThreeWheeler,Sale,325
2021-04-01,2020-21,Road Prince ThreeWheeler,Prod,1084
2021-04-01,2020-21,Road Prince ThreeWheeler,Sale,1084
2021-05-01,2020-21,Road Prince ThreeWheeler,Prod,291
2021-05-01,2020-21,Road Prince ThreeWheeler,Sale,291
2021-06-01,2020-21,Road Prince ThreeWheeler,Prod,1243
2021-06-01,2020-21,Road Prince ThreeWheeler,Sale,1243
2021-07-01,2021-22,Road Prince ThreeWheeler,Prod,885
2021-07-01,2021-22,Road Prince ThreeWheeler,Sale,885
2021-08-01,2021-22,Road Prince ThreeWheeler,Prod,420
2021-08-01,2021-22,Road Prince ThreeWheeler,Sale,420
2021-09-01,2021-22,Road Prince ThreeWheeler,Prod,918
2021-09-01,2021-22,Road Prince ThreeWheeler,Sale,918
2021-10-01,2021-22,Road Prince ThreeWheeler,Prod,905
2021-10-01,2021-22,Road Prince ThreeWheeler,Sale,905
2021-11-01,2021-22,Road Prince ThreeWheeler,Prod,824
2021-11-01,2021-22,Road Prince ThreeWheeler,Sale,824
2021-12-01,2021-22,Road Prince ThreeWheeler,Prod,664
2021-12-01,2021-22,Road Prince ThreeWheeler,Sale,664
2022-01-01,2021-22,Road Prince ThreeWheeler,Prod,726
2022-01-01,2021-22,Road Prince ThreeWheeler,Sale,726
2022-02-01,2021-22,Road Prince ThreeWheeler,Prod,245
2022-02-01,2021-22,Road Prince ThreeWheeler,Sale,245
2022-03-01,2021-22,Road Prince ThreeWheeler,Prod,640
2022-03-01,2021-22,Road Prince ThreeWheeler,Sale,640
2022-04-01,2021-22,Road Prince ThreeWheeler,Prod,842
2022-04-01,2021-22,Road Prince ThreeWheeler,Sale,842
2022-05-01,2021-22,Road Prince ThreeWheeler,Prod,714
2022-05-01,2021-22,Road Prince ThreeWheeler,Sale,714
2022-06-01,2021-22,Road Prince ThreeWheeler,Prod,578
2022-06-01,2021-22,Road Prince ThreeWheeler,Sale,578
2022-07-01,2022-23,Road Prince ThreeWheeler,Prod,258
2022-07-01,2022-23,Road Prince ThreeWheeler,Sale,258
2022-08-01,2022-23,Road Prince ThreeWheeler,Prod,202
2022-08-01,2022-23,Road Prince ThreeWheeler,Sale,202
2022-09-01,2022-23,Road Prince ThreeWheeler,Prod,176
2022-09-01,2022-23,Road Prince ThreeWheeler,Sale,176
2022-10-01,2022-23,Road Prince ThreeWheeler,Prod,147
2022-10-01,2022-23,Road Prince ThreeWheeler,Sale,147
2022-11-01,2022-23,Road Prince ThreeWheeler,Prod,177
2022-11-01,2022-23,Road Prince ThreeWheeler,Sale,177
2022-12-01,2022-23,Road Prince ThreeWheeler,Prod,148
2022-12-01,2022-23,Road Prince ThreeWheeler,Sale,148
2023-01-01,2022-23,Road Prince ThreeWheeler,Prod,158
2023-01-01,2022-23,Road Prince ThreeWheeler,Sale,158
2023-02-01,2022-23,Road Prince ThreeWheeler,Prod,60
2023-02-01,2022-23,Road Prince ThreeWheeler,Sale,60
2023-03-01,2022-23,Road Prince ThreeWheeler,Prod,111
2023-03-01,2022-23,Road Prince ThreeWheeler,Sale,111
2023-04-01,2022-23,Road Prince ThreeWheeler,Prod,66
2023-04-01,2022-23,Road Prince ThreeWheeler,Sale,66
2023-05-01,2022-23,Road Prince ThreeWheeler,Prod,108
2023-05-01,2022-23,Road Prince ThreeWheeler,Sale,108
2023-06-01,2022-23,Road Prince ThreeWheeler,Prod,66
2023-06-01,2022-23,Road Prince ThreeWheeler,Sale,66
2023-07-01,2023-24,Road Prince ThreeWheeler,Prod,0
2023-07-01,2023-24,Road Prince ThreeWheeler,Sale,0
2023-08-01,2023-24,Road Prince ThreeWheeler,Prod,85
2023-08-01,2023-24,Road Prince ThreeWheeler,Sale,85
2023-09-01,2023-24,Road Prince ThreeWheeler,Prod,72
2023-09-01,2023-24,Road Prince ThreeWheeler,Sale,72
2023-10-01,2023-24,Road Prince ThreeWheeler,Prod,54
2023-10-01,2023-24,Road Prince ThreeWheeler,Sale,54
2023-11-01,2023-24,Road Prince ThreeWheeler,Prod,182
2023-11-01,2023-24,Road Prince ThreeWheeler,Sale,182
2023-12-01,2023-24,Road Prince ThreeWheeler,Prod,120
2023-12-01,2023-24,Road Prince ThreeWheeler,Sale,120
2024-01-01,2023-24,Road Prince ThreeWheeler,Prod,117
2024-01-01,2023-24,Road Prince ThreeWheeler,Sale,117
2024-02-01,2023-24,Road Prince ThreeWheeler,Prod,191
2024-02-01,2023-24,Road Prince ThreeWheeler,Sale,191
2024-03-01,2023-24,Road Prince ThreeWheeler,Prod,194
2024-03-01,2023-24,Road Prince ThreeWheeler,Sale,194
2024-04-01,2023-24,Road Prince ThreeWheeler,Prod,84
2024-04-01,2023-24,Road Prince ThreeWheeler,Sale,84
2024-05-01,2023-24,Road Prince ThreeWheeler,Prod,133
2024-05-01,2023-24,Road Prince ThreeWheeler,Sale,133
2024-06-01,2023-24,Road Prince ThreeWheeler,Prod,71
2024-06-01,2023-24,Road Prince ThreeWheeler,Sale,71
2024-07-01,2024-25,Road Prince ThreeWheeler,Prod,140
2024-07-01,2024-25,Road Prince ThreeWheeler,Sale,140
2024-08-01,2024-25,Road Prince ThreeWheeler,Prod,133
2024-08-01,2024-25,Road Prince ThreeWheeler,Sale,133
2024-09-01,2024-25,Road Prince ThreeWheeler,Prod,134
2024-09-01,2024-25,Road Prince ThreeWheeler,Sale,134
2024-10-01,2024-25,Road Prince ThreeWheeler,Prod,119
2024-10-01,2024-25,Road Prince ThreeWheeler,Sale,119
2024-11-01,2024-25,Road Prince ThreeWheeler,Prod,119
2024-11-01,2024-25,Road Prince ThreeWheeler,Sale,119
2024-12-01,2024-25,Road Prince ThreeWheeler,Prod,163
2024-12-01,2024-25,Road Prince ThreeWheeler,Sale,163
2025-01-01,2024-25,Road Prince ThreeWheeler,Prod,366
2025-01-01,2024-25,Road Prince ThreeWheeler,Sale,366
2025-02-01,2024-25,Road Prince ThreeWheeler,Prod,292
2025-02-01,2024-25,Road Prince ThreeWheeler,Sale,292
2025-03-01,2024-25,Road Prince ThreeWheeler,Prod,246
2025-03-01,2024-25,Road Prince ThreeWheeler,Sale,246
2025-04-01,2024-25,Road Prince ThreeWheeler,Prod,337
2025-04-01,2024-25,Road Prince ThreeWheeler,Sale,337
2025-05-01,2024-25,Road Prince ThreeWheeler,Prod,214
2025-05-01,2024-25,Road Prince ThreeWheeler,Sale,214
2025-06-01,2024-25,Road Prince ThreeWheeler,Prod,186
2025-06-01,2024-25,Road Prince ThreeWheeler,Sale,186
2021-07-01,2021-22,SAZGAR HAVAL,Prod,0
2021-07-01,2021-22,SAZGAR HAVAL,Sale,0
2021-08-01,2021-22,SAZGAR HAVAL,Prod,0
2021-08-01,2021-22,SAZGAR HAVAL,Sale,0
2021-09-01,2021-22,SAZGAR HAVAL,Prod,0
2021-09-01,2021-22,SAZGAR HAVAL,Sale,0
2021-10-01,2021-22,SAZGAR HAVAL,Prod,0
2021-10-01,2021-22,SAZGAR HAVAL,Sale,0
2021-11-01,2021-22,SAZGAR HAVAL,Prod,0
2021-11-01,2021-22,SAZGAR HAVAL,Sale,0
2021-12-01,2021-22,SAZGAR HAVAL,Prod,0
2021-12-01,2021-22,SAZGAR HAVAL,Sale,0
2022-01-01,2021-22,SAZGAR HAVAL,Prod,0
2022-01-01,2021-22,SAZGAR HAVAL,Sale,0
2022-02-01,2021-22,SAZGAR HAVAL,Prod,0
2022-02-01,2021-22,SAZGAR HAVAL,Sale,0
2022-03-01,2021-22,SAZGAR HAVAL,Prod,0
2022-03-01,2021-22,SAZGAR HAVAL,Sale,0
2022-04-01,2021-22,SAZGAR HAVAL,Prod,0
2022-04-01,2021-22,SAZGAR HAVAL,Sale,0
2022-05-01,2021-22,SAZGAR HAVAL,Prod,0
2022-05-01,2021-22,SAZGAR HAVAL,Sale,0
2022-06-01,2021-22,SAZGAR HAVAL,Prod,0
2022-06-01,2021-22,SAZGAR HAVAL,Sale,0
2022-07-01,2022-23,SAZGAR HAVAL,Prod,0
2022-07-01,2022-23,SAZGAR HAVAL,Sale,0
2022-08-01,2022-23,SAZGAR HAVAL,Prod,21
2022-08-01,2022-23,SAZGAR HAVAL,Sale,0
2022-09-01,2022-23,SAZGAR HAVAL,Prod,159
2022-09-01,2022-23,SAZGAR HAVAL,Sale,83
2022-10-01,2022-23,SAZGAR HAVAL,Prod,107
2022-10-01,2022-23,SAZGAR HAVAL,Sale,120
2022-11-01,2022-23,SAZGAR HAVAL,Prod,170
2022-11-01,2022-23,SAZGAR HAVAL,Sale,213
2022-12-01,2022-23,SAZGAR HAVAL,Prod,198
2022-12-01,2022-23,SAZGAR HAVAL,Sale,26
2023-01-01,2022-23,SAZGAR HAVAL,Prod,227
2023-01-01,2022-23,SAZGAR HAVAL,Sale,416
2023-02-01,2022-23,SAZGAR HAVAL,Prod,267
2023-02-01,2022-23,SAZGAR HAVAL,Sale,280
2023-03-01,2022-23,SAZGAR HAVAL,Prod,100
2023-03-01,2022-23,SAZGAR HAVAL,Sale,100
2023-04-01,2022-23,SAZGAR HAVAL,Prod,63
2023-04-01,2022-23,SAZGAR HAVAL,Sale,61
2023-05-01,2022-23,SAZGAR HAVAL,Prod,141
2023-05-01,2022-23,SAZGAR HAVAL,Sale,140
2023-06-01,2022-23,SAZGAR HAVAL,Prod,217
2023-06-01,2022-23,SAZGAR HAVAL,Sale,218
2023-07-01,2023-24,SAZGAR HAVAL,Prod,124
2023-07-01,2023-24,SAZGAR HAVAL,Sale,122
2023-08-01,2023-24,SAZGAR HAVAL,Prod,309
2023-08-01,2023-24,SAZGAR HAVAL,Sale,290
2023-09-01,2023-24,SAZGAR HAVAL,Prod,306
2023-09-01,2023-24,SAZGAR HAVAL,Sale,300
2023-10-01,2023-24,SAZGAR HAVAL,Prod,244
2023-10-01,2023-24,SAZGAR HAVAL,Sale,252
2023-11-01,2023-24,SAZGAR HAVAL,Prod,342
2023-11-01,2023-24,SAZGAR HAVAL,Sale,269
2023-12-01,2023-24,SAZGAR HAVAL,Prod,421
2023-12-01,2023-24,SAZGAR HAVAL,Sale,27
2024-01-01,2023-24,SAZGAR HAVAL,Prod,508
2024-01-01,2023-24,SAZGAR HAVAL,Sale,966
2024-02-01,2023-24,SAZGAR HAVAL,Prod,407
2024-02-01,2023-24,SAZGAR HAVAL,Sale,407
2024-03-01,2023-24,SAZGAR HAVAL,Prod,531
2024-03-01,2023-24,SAZGAR HAVAL,Sale,503
2024-04-01,2023-24,SAZGAR HAVAL,Prod,567
2024-04-01,2023-24,SAZGAR HAVAL,Sale,544
2024-05-01,2023-24,SAZGAR HAVAL,Prod,806
2024-05-01,2023-24,SAZGAR HAVAL,Sale,779
2024-06-01,2023-24,SAZGAR HAVAL,Prod,805
2024-06-01,2023-24,SAZGAR HAVAL,Sale,860
2021-07-01,2021-22,SIGMA DEFENDER,Prod,0
2021-07-01,2021-22,SIGMA DEFENDER,Sale,0
2021-08-01,2021-22,SIGMA DEFENDER,Prod,0
2021-08-01,2021-22,SIGMA DEFENDER,Sale,0
2021-09-01,2021-22,SIGMA DEFENDER,Prod,0
2021-09-01,2021-22,SIGMA DEFENDER,Sale,0
2021-10-01,2021-22,SIGMA DEFENDER,Prod,0
2021-10-01,2021-22,SIGMA DEFENDER,Sale,0
2021-11-01,2021-22,SIGMA DEFENDER,Prod,0
2021-11-01,2021-22,SIGMA DEFENDER,Sale,0
2021-12-01,2021-22,SIGMA DEFENDER,Prod,0
2021-12-01,2021-22,SIGMA DEFENDER,Sale,0
2022-01-01,2021-22,SIGMA DEFENDER,Prod,0
2022-01-01,2021-22,SIGMA DEFENDER,Sale,0
2022-02-01,2021-22,SIGMA DEFENDER,Prod,0
2022-02-01,2021-22,SIGMA DEFENDER,Sale,0
2022-03-01,2021-22,SIGMA DEFENDER,Prod,0
2022-03-01,2021-22,SIGMA DEFENDER,Sale,0
2022-04-01,2021-22,SIGMA DEFENDER,Prod,0
2022-04-01,2021-22,SIGMA DEFENDER,Sale,0
2022-05-01,2021-22,SIGMA DEFENDER,Prod,0
2022-05-01,2021-22,SIGMA DEFENDER,Sale,0
2022-06-01,2021-22,SIGMA DEFENDER,Prod,0
2022-06-01,2021-22,SIGMA DEFENDER,Sale,0
2022-07-01,2022-23,SIGMA DEFENDER,Prod,0
2022-07-01,2022-23,SIGMA DEFENDER,Sale,0
2022-08-01,2022-23,SIGMA DEFENDER,Prod,0
2022-08-01,2022-23,SIGMA DEFENDER,Sale,0
2022-09-01,2022-23,SIGMA DEFENDER,Prod,0
2022-09-01,2022-23,SIGMA DEFENDER,Sale,0
2022-10-01,2022-23,SIGMA DEFENDER,Prod,0
2022-10-01,2022-23,SIGMA DEFENDER,Sale,0
2022-11-01,2022-23,SIGMA DEFENDER,Prod,0
2022-11-01,2022-23,SIGMA DEFENDER,Sale,0
2022-12-01,2022-23,SIGMA DEFENDER,Prod,0
2022-12-01,2022-23,SIGMA DEFENDER,Sale,0
2023-01-01,2022-23,SIGMA DEFENDER,Prod,0
2023-01-01,2022-23,SIGMA DEFENDER,Sale,0
2023-02-01,2022-23,SIGMA DEFENDER,Prod,0
2023-02-01,2022-23,SIGMA DEFENDER,Sale,0
2023-03-01,2022-23,SIGMA DEFENDER,Prod,0
2023-03-01,2022-23,SIGMA DEFENDER,Sale,0
2023-04-01,2022-23,SIGMA DEFENDER,Prod,0
2023-04-01,2022-23,SIGMA DEFENDER,Sale,0
2023-05-01,2022-23,SIGMA DEFENDER,Prod,0
2023-05-01,2022-23,SIGMA DEFENDER,Sale,0
2023-06-01,2022-23,SIGMA DEFENDER,Prod,0
2023-06-01,2022-23,SIGMA DEFENDER,Sale,0
2023-07-01,2023-24,SIGMA DEFENDER,Prod,0
2023-07-01,2023-24,SIGMA DEFENDER,Sale,0
2023-08-01,2023-24,SIGMA DEFENDER,Prod,0
2023-08-01,2023-24,SIGMA DEFENDER,Sale,0
2023-09-01,2023-24,SIGMA DEFENDER,Prod,0
2023-09-01,2023-24,SIGMA DEFENDER,Sale,0
2023-10-01,2023-24,SIGMA DEFENDER,Prod,0
2023-10-01,2023-24,SIGMA DEFENDER,Sale,0
2023-11-01,2023-24,SIGMA DEFENDER,Prod,0
2023-11-01,2023-24,SIGMA DEFENDER,Sale,0
2023-12-01,2023-24,SIGMA DEFENDER,Prod,0
2023-12-01,2023-24,SIGMA DEFENDER,Sale,0
2024-01-01,2023-24,SIGMA DEFENDER,Prod,0
2024-01-01,2023-24,SIGMA DEFENDER,Sale,0
2024-02-01,2023-24,SIGMA DEFENDER,Prod,0
2024-02-01,2023-24,SIGMA DEFENDER,Sale,0
2024-03-01,2023-24,SIGMA DEFENDER,Prod,0
2024-03-01,2023-24,SIGMA DEFENDER,Sale,0
2024-04-01,2023-24,SIGMA DEFENDER,Prod,0
2024-04-01,2023-24,SIGMA DEFENDER,Sale,0
2024-05-01,2023-24,SIGMA DEFENDER,Prod,0
2024-05-01,2023-24,SIGMA DEFENDER,Sale,0
2024-06-01,2023-24,SIGMA DEFENDER,Prod,0
2024-06-01,2023-24,SIGMA DEFENDER,Sale,0
2024-07-01,2024-25,SIGMA DEFENDER,Prod,0
2024-07-01,2024-25,SIGMA DEFENDER,Sale,0
2024-08-01,2024-25,SIGMA DEFENDER,Prod,0
2024-08-01,2024-25,SIGMA DEFENDER,Sale,0
2024-09-01,2024-25,SIGMA DEFENDER,Prod,0
2024-09-01,2024-25,SIGMA DEFENDER,Sale,0
2024-10-01,2024-25,SIGMA DEFENDER,Prod,0
2024-10-01,2024-25,SIGMA DEFENDER,Sale,0
2024-11-01,2024-25,SIGMA DEFENDER,Prod,0
2024-11-01,2024-25,SIGMA DEFENDER,Sale,0
2024-12-01,2024-25,SIGMA DEFENDER,Prod,0
2024-12-01,2024-25,SIGMA DEFENDER,Sale,0
2025-01-01,2024-25,SIGMA DEFENDER,Prod,0
2025-01-01,2024-25,SIGMA DEFENDER,Sale,0
2025-02-01,2024-25,SIGMA DEFENDER,Prod,0
2025-02-01,2024-25,SIGMA DEFENDER,Sale,0
2025-03-01,2024-25,SIGMA DEFENDER,Prod,0
2025-03-01,2024-25,SIGMA DEFENDER,Sale,0
2025-04-01,2024-25,SIGMA DEFENDER,Prod,0
2025-04-01,2024-25,SIGMA DEFENDER,Sale,0
2025-05-01,2024-25,SIGMA DEFENDER,Prod,0
2025-05-01,2024-25,SIGMA DEFENDER,Sale,0
2025-06-01,2024-25,SIGMA DEFENDER,Prod,0
2025-06-01,2024-25,SIGMA DEFENDER,Sale,0
2016-07-01,2016-17,SIGMA Defender,Prod,0
2016-07-01,2016-17,SIGMA Defender,Sale,0
2016-08-01,2016-17,SIGMA Defender,Prod,0
2016-08-01,2016-17,SIGMA Defender,Sale,0
2016-09-01,2016-17,SIGMA Defender,Prod,0
2016-09-01,2016-17,SIGMA Defender,Sale,0
2016-10-01,2016-17,SIGMA Defender,Prod,0
2016-10-01,2016-17,SIGMA Defender,Sale,0
2016-11-01,2016-17,SIGMA Defender,Prod,0
2016-11-01,2016-17,SIGMA Defender,Sale,0
2016-12-01,2016-17,SIGMA Defender,Prod,0
2016-12-01,2016-17,SIGMA Defender,Sale,0
2017-01-01,2016-17,SIGMA Defender,Prod,0
2017-01-01,2016-17,SIGMA Defender,Sale,0
2017-02-01,2016-17,SIGMA Defender,Prod,0
2017-02-01,2016-17,SIGMA Defender,Sale,0
2017-03-01,2016-17,SIGMA Defender,Prod,0
2017-03-01,2016-17,SIGMA Defender,Sale,0
2017-04-01,2016-17,SIGMA Defender,Prod,0
2017-04-01,2016-17,SIGMA Defender,Sale,0
2017-05-01,2016-17,SIGMA Defender,Prod,0
2017-05-01,2016-17,SIGMA Defender,Sale,0
2017-06-01,2016-17,SIGMA Defender,Prod,0
2017-06-01,2016-17,SIGMA Defender,Sale,0
2017-07-01,2017-18,SIGMA Defender,Prod,0
2017-07-01,2017-18,SIGMA Defender,Sale,0
2017-08-01,2017-18,SIGMA Defender,Prod,0
2017-08-01,2017-18,SIGMA Defender,Sale,0
2017-09-01,2017-18,SIGMA Defender,Prod,0
2017-09-01,2017-18,SIGMA Defender,Sale,0
2017-10-01,2017-18,SIGMA Defender,Prod,0
2017-10-01,2017-18,SIGMA Defender,Sale,0
2017-11-01,2017-18,SIGMA Defender,Prod,0
2017-11-01,2017-18,SIGMA Defender,Sale,0
2017-12-01,2017-18,SIGMA Defender,Prod,0
2017-12-01,2017-18,SIGMA Defender,Sale,0
2018-01-01,2017-18,SIGMA Defender,Prod,0
2018-01-01,2017-18,SIGMA Defender,Sale,0
2018-02-01,2017-18,SIGMA Defender,Prod,0
2018-02-01,2017-18,SIGMA Defender,Sale,0
2018-03-01,2017-18,SIGMA Defender,Prod,0
2018-03-01,2017-18,SIGMA Defender,Sale,0
2018-04-01,2017-18,SIGMA Defender,Prod,0
2018-04-01,2017-18,SIGMA Defender,Sale,0
2018-05-01,2017-18,SIGMA Defender,Prod,0
2018-05-01,2017-18,SIGMA Defender,Sale,0
2018-06-01,2017-18,SIGMA Defender,Prod,0
2018-06-01,2017-18,SIGMA Defender,Sale,0
2018-07-01,2018-19,SIGMA Defender,Prod,0
2018-07-01,2018-19,SIGMA Defender,Sale,0
2018-08-01,2018-19,SIGMA Defender,Prod,0
2018-08-01,2018-19,SIGMA Defender,Sale,0
2018-09-01,2018-19,SIGMA Defender,Prod,0
2018-09-01,2018-19,SIGMA Defender,Sale,0
2018-10-01,2018-19,SIGMA Defender,Prod,0
2018-10-01,2018-19,SIGMA Defender,Sale,0
2018-11-01,2018-19,SIGMA Defender,Prod,0
2018-11-01,2018-19,SIGMA Defender,Sale,0
2018-12-01,2018-19,SIGMA Defender,Prod,0
2018-12-01,2018-19,SIGMA Defender,Sale,0
2019-01-01,2018-19,SIGMA Defender,Prod,0
2019-01-01,2018-19,SIGMA Defender,Sale,0
2019-02-01,2018-19,SIGMA Defender,Prod,0
2019-02-01,2018-19,SIGMA Defender,Sale,0
2019-03-01,2018-19,SIGMA Defender,Prod,0
2019-03-01,2018-19,SIGMA Defender,Sale,0
2019-04-01,2018-19,SIGMA Defender,Prod,0
2019-04-01,2018-19,SIGMA Defender,Sale,0
2019-05-01,2018-19,SIGMA Defender,Prod,0
2019-05-01,2018-19,SIGMA Defender,Sale,0
2019-06-01,2018-19,SIGMA Defender,Prod,0
2019-06-01,2018-19,SIGMA Defender,Sale,0
2019-07-01,2019-20,SIGMA Defender,Prod,0
2019-07-01,2019-20,SIGMA Defender,Sale,0
2019-08-01,2019-20,SIGMA Defender,Prod,0
2019-08-01,2019-20,SIGMA Defender,Sale,0
2019-09-01,2019-20,SIGMA Defender,Prod,0
2019-09-01,2019-20,SIGMA Defender,Sale,0
2019-10-01,2019-20,SIGMA Defender,Prod,0
2019-10-01,2019-20,SIGMA Defender,Sale,0
2019-11-01,2019-20,SIGMA Defender,Prod,0
2019-11-01,2019-20,SIGMA Defender,Sale,0
2019-12-01,2019-20,SIGMA Defender,Prod,0
2019-12-01,2019-20,SIGMA Defender,Sale,0
2020-01-01,2019-20,SIGMA Defender,Prod,0
2020-01-01,2019-20,SIGMA Defender,Sale,0
2020-02-01,2019-20,SIGMA Defender,Prod,0
2020-02-01,2019-20,SIGMA Defender,Sale,0
2020-03-01,2019-20,SIGMA Defender,Prod,0
2020-03-01,2019-20,SIGMA Defender,Sale,0
2020-04-01,2019-20,SIGMA Defender,Prod,0
2020-04-01,2019-20,SIGMA Defender,Sale,0
2020-05-01,2019-20,SIGMA Defender,Prod,0
2020-05-01,2019-20,SIGMA Defender,Sale,0
2020-06-01,2019-20,SIGMA Defender,Prod,0
2020-06-01,2019-20,SIGMA Defender,Sale,0
2020-07-01,2020-21,SIGMA Defender,Prod,0
2020-07-01,2020-21,SIGMA Defender,Sale,0
2020-08-01,2020-21,SIGMA Defender,Prod,0
2020-08-01,2020-21,SIGMA Defender,Sale,0
2020-09-01,2020-21,SIGMA Defender,Prod,0
2020-09-01,2020-21,SIGMA Defender,Sale,0
2020-10-01,2020-21,SIGMA Defender,Prod,0
2020-10-01,2020-21,SIGMA Defender,Sale,0
2020-11-01,2020-21,SIGMA Defender,Prod,0
2020-11-01,2020-21,SIGMA Defender,Sale,0
2020-12-01,2020-21,SIGMA Defender,Prod,0
2020-12-01,2020-21,SIGMA Defender,Sale,0
2021-01-01,2020-21,SIGMA Defender,Prod,0
2021-01-01,2020-21,SIGMA Defender,Sale,0
2021-02-01,2020-21,SIGMA Defender,Prod,0
2021-02-01,2020-21,SIGMA Defender,Sale,0
2021-03-01,2020-21,SIGMA Defender,Prod,0
2021-03-01,2020-21,SIGMA Defender,Sale,0
2021-04-01,2020-21,SIGMA Defender,Prod,0
2021-04-01,2020-21,SIGMA Defender,Sale,0
2021-05-01,2020-21,SIGMA Defender,Prod,0
2021-05-01,2020-21,SIGMA Defender,Sale,0
2021-06-01,2020-21,SIGMA Defender,Prod,0
2021-06-01,2020-21,SIGMA Defender,Sale,0
2021-07-01,2021-22,SUZUKI  RAVI,Prod,1302
2021-07-01,2021-22,SUZUKI  RAVI,Sale,1552
2021-08-01,2021-22,SUZUKI  RAVI,Prod,1314
2021-08-01,2021-22,SUZUKI  RAVI,Sale,1256
2021-09-01,2021-22,SUZUKI  RAVI,Prod,1101
2021-09-01,2021-22,SUZUKI  RAVI,Sale,933
2021-10-01,2021-22,SUZUKI  RAVI,Prod,1470
2021-10-01,2021-22,SUZUKI  RAVI,Sale,1430
2021-11-01,2021-22,SUZUKI  RAVI,Prod,1305
2021-11-01,2021-22,SUZUKI  RAVI,Sale,1267
2021-12-01,2021-22,SUZUKI  RAVI,Prod,1767
2021-12-01,2021-22,SUZUKI  RAVI,Sale,994
2022-01-01,2021-22,SUZUKI  RAVI,Prod,782
2022-01-01,2021-22,SUZUKI  RAVI,Sale,1508
2022-02-01,2021-22,SUZUKI  RAVI,Prod,1151
2022-02-01,2021-22,SUZUKI  RAVI,Sale,1085
2022-03-01,2021-22,SUZUKI  RAVI,Prod,1254
2022-03-01,2021-22,SUZUKI  RAVI,Sale,1492
2022-04-01,2021-22,SUZUKI  RAVI,Prod,857
2022-04-01,2021-22,SUZUKI  RAVI,Sale,929
2022-05-01,2021-22,SUZUKI  RAVI,Prod,946
2022-05-01,2021-22,SUZUKI  RAVI,Sale,756
2022-06-01,2021-22,SUZUKI  RAVI,Prod,1187
2022-06-01,2021-22,SUZUKI  RAVI,Sale,1028
2022-07-01,2022-23,SUZUKI  RAVI,Prod,709
2022-07-01,2022-23,SUZUKI  RAVI,Sale,444
2022-08-01,2022-23,SUZUKI  RAVI,Prod,711
2022-08-01,2022-23,SUZUKI  RAVI,Sale,126
2022-09-01,2022-23,SUZUKI  RAVI,Prod,100
2022-09-01,2022-23,SUZUKI  RAVI,Sale,245
2022-10-01,2022-23,SUZUKI  RAVI,Prod,2
2022-10-01,2022-23,SUZUKI  RAVI,Sale,295
2022-11-01,2022-23,SUZUKI  RAVI,Prod,287
2022-11-01,2022-23,SUZUKI  RAVI,Sale,540
2022-12-01,2022-23,SUZUKI  RAVI,Prod,289
2022-12-01,2022-23,SUZUKI  RAVI,Sale,623
2023-01-01,2022-23,SUZUKI  RAVI,Prod,240
2023-01-01,2022-23,SUZUKI  RAVI,Sale,627
2023-02-01,2022-23,SUZUKI  RAVI,Prod,477
2023-02-01,2022-23,SUZUKI  RAVI,Sale,111
2023-03-01,2022-23,SUZUKI  RAVI,Prod,575
2023-03-01,2022-23,SUZUKI  RAVI,Sale,463
2023-04-01,2022-23,SUZUKI  RAVI,Prod,297
2023-04-01,2022-23,SUZUKI  RAVI,Sale,70
2023-05-01,2022-23,SUZUKI  RAVI,Prod,214
2023-05-01,2022-23,SUZUKI  RAVI,Sale,137
2023-06-01,2022-23,SUZUKI  RAVI,Prod,110
2023-06-01,2022-23,SUZUKI  RAVI,Sale,127
2023-07-01,2023-24,SUZUKI  RAVI,Prod,102
2023-07-01,2023-24,SUZUKI  RAVI,Sale,187
2023-08-01,2023-24,SUZUKI  RAVI,Prod,197
2023-08-01,2023-24,SUZUKI  RAVI,Sale,163
2023-09-01,2023-24,SUZUKI  RAVI,Prod,157
2023-09-01,2023-24,SUZUKI  RAVI,Sale,257
2023-10-01,2023-24,SUZUKI  RAVI,Prod,0
2023-10-01,2023-24,SUZUKI  RAVI,Sale,225
2023-11-01,2023-24,SUZUKI  RAVI,Prod,223
2023-11-01,2023-24,SUZUKI  RAVI,Sale,388
2023-12-01,2023-24,SUZUKI  RAVI,Prod,4
2023-12-01,2023-24,SUZUKI  RAVI,Sale,226
2024-01-01,2023-24,SUZUKI  RAVI,Prod,169
2024-01-01,2023-24,SUZUKI  RAVI,Sale,287
2024-02-01,2023-24,SUZUKI  RAVI,Prod,96
2024-02-01,2023-24,SUZUKI  RAVI,Sale,210
2024-03-01,2023-24,SUZUKI  RAVI,Prod,115
2024-03-01,2023-24,SUZUKI  RAVI,Sale,132
2024-04-01,2023-24,SUZUKI  RAVI,Prod,2
2024-04-01,2023-24,SUZUKI  RAVI,Sale,11
2024-05-01,2023-24,SUZUKI  RAVI,Prod,383
2024-05-01,2023-24,SUZUKI  RAVI,Sale,305
2024-06-01,2023-24,SUZUKI  RAVI,Prod,288
2024-06-01,2023-24,SUZUKI  RAVI,Sale,340
2024-07-01,2024-25,SUZUKI  RAVI,Prod,558
2024-07-01,2024-25,SUZUKI  RAVI,Sale,576
2024-08-01,2024-25,SUZUKI  RAVI,Prod,0
2024-08-01,2024-25,SUZUKI  RAVI,Sale,7
2024-09-01,2024-25,SUZUKI  RAVI,Prod,412
2024-09-01,2024-25,SUZUKI  RAVI,Sale,403
2024-10-01,2024-25,SUZUKI  RAVI,Prod,734
2024-10-01,2024-25,SUZUKI  RAVI,Sale,412
2024-11-01,2024-25,SUZUKI  RAVI,Prod,479
2024-11-01,2024-25,SUZUKI  RAVI,Sale,478
2024-12-01,2024-25,SUZUKI  RAVI,Prod,574
2024-12-01,2024-25,SUZUKI  RAVI,Sale,461
2025-01-01,2024-25,SUZUKI  RAVI,Prod,685
2025-01-01,2024-25,SUZUKI  RAVI,Sale,840
2025-02-01,2024-25,SUZUKI  RAVI,Prod,765
2025-02-01,2024-25,SUZUKI  RAVI,Sale,510
2025-03-01,2024-25,SUZUKI  RAVI,Prod,609
2025-03-01,2024-25,SUZUKI  RAVI,Sale,297
2025-04-01,2024-25,SUZUKI  RAVI,Prod,768
2025-04-01,2024-25,SUZUKI  RAVI,Sale,503
2025-05-01,2024-25,SUZUKI  RAVI,Prod,573
2025-05-01,2024-25,SUZUKI  RAVI,Sale,386
2025-06-01,2024-25,SUZUKI  RAVI,Prod,591
2025-06-01,2024-25,SUZUKI  RAVI,Sale,579
2007-07-01,2007-08,Sazgar Three Wheeler,Prod,376
2007-07-01,2007-08,Sazgar Three Wheeler,Sale,376
2007-08-01,2007-08,Sazgar Three Wheeler,Prod,602
2007-08-01,2007-08,Sazgar Three Wheeler,Sale,602
2007-09-01,2007-08,Sazgar Three Wheeler,Prod,470
2007-09-01,2007-08,Sazgar Three Wheeler,Sale,470
2007-10-01,2007-08,Sazgar Three Wheeler,Prod,710
2007-10-01,2007-08,Sazgar Three Wheeler,Sale,710
2007-11-01,2007-08,Sazgar Three Wheeler,Prod,952
2007-11-01,2007-08,Sazgar Three Wheeler,Sale,952
2007-12-01,2007-08,Sazgar Three Wheeler,Prod,718
2007-12-01,2007-08,Sazgar Three Wheeler,Sale,718
2008-01-01,2007-08,Sazgar Three Wheeler,Prod,1120
2008-01-01,2007-08,Sazgar Three Wheeler,Sale,1120
2008-02-01,2007-08,Sazgar Three Wheeler,Prod,1015
2008-02-01,2007-08,Sazgar Three Wheeler,Sale,1015
2008-03-01,2007-08,Sazgar Three Wheeler,Prod,1305
2008-03-01,2007-08,Sazgar Three Wheeler,Sale,1305
2008-04-01,2007-08,Sazgar Three Wheeler,Prod,1024
2008-04-01,2007-08,Sazgar Three Wheeler,Sale,1024
2008-05-01,2007-08,Sazgar Three Wheeler,Prod,938
2008-05-01,2007-08,Sazgar Three Wheeler,Sale,938
2008-06-01,2007-08,Sazgar Three Wheeler,Prod,549
2008-06-01,2007-08,Sazgar Three Wheeler,Sale,549
2008-07-01,2008-09,Sazgar Three Wheeler,Prod,276
2008-07-01,2008-09,Sazgar Three Wheeler,Sale,244
2008-08-01,2008-09,Sazgar Three Wheeler,Prod,251
2008-08-01,2008-09,Sazgar Three Wheeler,Sale,180
2008-09-01,2008-09,Sazgar Three Wheeler,Prod,283
2008-09-01,2008-09,Sazgar Three Wheeler,Sale,278
2008-10-01,2008-09,Sazgar Three Wheeler,Prod,227
2008-10-01,2008-09,Sazgar Three Wheeler,Sale,317
2008-11-01,2008-09,Sazgar Three Wheeler,Prod,320
2008-11-01,2008-09,Sazgar Three Wheeler,Sale,211
2008-12-01,2008-09,Sazgar Three Wheeler,Prod,187
2008-12-01,2008-09,Sazgar Three Wheeler,Sale,110
2009-01-01,2008-09,Sazgar Three Wheeler,Prod,430
2009-01-01,2008-09,Sazgar Three Wheeler,Sale,344
2009-02-01,2008-09,Sazgar Three Wheeler,Prod,416
2009-02-01,2008-09,Sazgar Three Wheeler,Sale,493
2009-03-01,2008-09,Sazgar Three Wheeler,Prod,512
2009-03-01,2008-09,Sazgar Three Wheeler,Sale,529
2009-04-01,2008-09,Sazgar Three Wheeler,Prod,598
2009-04-01,2008-09,Sazgar Three Wheeler,Sale,593
2009-05-01,2008-09,Sazgar Three Wheeler,Prod,538
2009-05-01,2008-09,Sazgar Three Wheeler,Sale,541
2009-06-01,2008-09,Sazgar Three Wheeler,Prod,652
2009-06-01,2008-09,Sazgar Three Wheeler,Sale,685
2009-07-01,2009-10,Sazgar Three Wheeler,Prod,719
2009-07-01,2009-10,Sazgar Three Wheeler,Sale,752
2009-08-01,2009-10,Sazgar Three Wheeler,Prod,886
2009-08-01,2009-10,Sazgar Three Wheeler,Sale,801
2009-09-01,2009-10,Sazgar Three Wheeler,Prod,741
2009-09-01,2009-10,Sazgar Three Wheeler,Sale,609
2009-10-01,2009-10,Sazgar Three Wheeler,Prod,808
2009-10-01,2009-10,Sazgar Three Wheeler,Sale,926
2009-11-01,2009-10,Sazgar Three Wheeler,Prod,728
2009-11-01,2009-10,Sazgar Three Wheeler,Sale,578
2009-12-01,2009-10,Sazgar Three Wheeler,Prod,947
2009-12-01,2009-10,Sazgar Three Wheeler,Sale,901
2010-01-01,2009-10,Sazgar Three Wheeler,Prod,1045
2010-01-01,2009-10,Sazgar Three Wheeler,Sale,1111
2010-02-01,2009-10,Sazgar Three Wheeler,Prod,817
2010-02-01,2009-10,Sazgar Three Wheeler,Sale,741
2010-03-01,2009-10,Sazgar Three Wheeler,Prod,1007
2010-03-01,2009-10,Sazgar Three Wheeler,Sale,1003
2010-04-01,2009-10,Sazgar Three Wheeler,Prod,1020
2010-04-01,2009-10,Sazgar Three Wheeler,Sale,1088
2010-05-01,2009-10,Sazgar Three Wheeler,Prod,1161
2010-05-01,2009-10,Sazgar Three Wheeler,Sale,1093
2010-06-01,2009-10,Sazgar Three Wheeler,Prod,984
2010-06-01,2009-10,Sazgar Three Wheeler,Sale,1015
2010-07-01,2010-11,Sazgar Three Wheeler,Prod,1080
2010-07-01,2010-11,Sazgar Three Wheeler,Sale,1090
2010-08-01,2010-11,Sazgar Three Wheeler,Prod,870
2010-08-01,2010-11,Sazgar Three Wheeler,Sale,938
2010-09-01,2010-11,Sazgar Three Wheeler,Prod,1001
2010-09-01,2010-11,Sazgar Three Wheeler,Sale,948
2010-10-01,2010-11,Sazgar Three Wheeler,Prod,1653
2010-10-01,2010-11,Sazgar Three Wheeler,Sale,1576
2010-11-01,2010-11,Sazgar Three Wheeler,Prod,1296
2010-11-01,2010-11,Sazgar Three Wheeler,Sale,1259
2010-12-01,2010-11,Sazgar Three Wheeler,Prod,1699
2010-12-01,2010-11,Sazgar Three Wheeler,Sale,1671
2011-01-01,2010-11,Sazgar Three Wheeler,Prod,1752
2011-01-01,2010-11,Sazgar Three Wheeler,Sale,1622
2011-02-01,2010-11,Sazgar Three Wheeler,Prod,1298
2011-02-01,2010-11,Sazgar Three Wheeler,Sale,1418
2011-03-01,2010-11,Sazgar Three Wheeler,Prod,1357
2011-03-01,2010-11,Sazgar Three Wheeler,Sale,1325
2011-04-01,2010-11,Sazgar Three Wheeler,Prod,1159
2011-04-01,2010-11,Sazgar Three Wheeler,Sale,1050
2011-05-01,2010-11,Sazgar Three Wheeler,Prod,1248
2011-05-01,2010-11,Sazgar Three Wheeler,Sale,1264
2011-06-01,2010-11,Sazgar Three Wheeler,Prod,1286
2011-06-01,2010-11,Sazgar Three Wheeler,Sale,1281
2011-07-01,2011-12,Sazgar Three Wheeler,Prod,1377
2011-07-01,2011-12,Sazgar Three Wheeler,Sale,1273
2011-08-01,2011-12,Sazgar Three Wheeler,Prod,1034
2011-08-01,2011-12,Sazgar Three Wheeler,Sale,1108
2011-09-01,2011-12,Sazgar Three Wheeler,Prod,1540
2011-09-01,2011-12,Sazgar Three Wheeler,Sale,1520
2011-10-01,2011-12,Sazgar Three Wheeler,Prod,1823
2011-10-01,2011-12,Sazgar Three Wheeler,Sale,1606
2011-11-01,2011-12,Sazgar Three Wheeler,Prod,1373
2011-11-01,2011-12,Sazgar Three Wheeler,Sale,1360
2011-12-01,2011-12,Sazgar Three Wheeler,Prod,1634
2011-12-01,2011-12,Sazgar Three Wheeler,Sale,1691
2012-01-01,2011-12,Sazgar Three Wheeler,Prod,1627
2012-01-01,2011-12,Sazgar Three Wheeler,Sale,1631
2012-02-01,2011-12,Sazgar Three Wheeler,Prod,1544
2012-02-01,2011-12,Sazgar Three Wheeler,Sale,1602
2012-03-01,2011-12,Sazgar Three Wheeler,Prod,1409
2012-03-01,2011-12,Sazgar Three Wheeler,Sale,1252
2012-04-01,2011-12,Sazgar Three Wheeler,Prod,1202
2012-04-01,2011-12,Sazgar Three Wheeler,Sale,1322
2012-05-01,2011-12,Sazgar Three Wheeler,Prod,873
2012-05-01,2011-12,Sazgar Three Wheeler,Sale,921
2012-06-01,2011-12,Sazgar Three Wheeler,Prod,892
2012-06-01,2011-12,Sazgar Three Wheeler,Sale,1187
2012-07-01,2012-13,Sazgar Three Wheeler,Prod,871
2012-07-01,2012-13,Sazgar Three Wheeler,Sale,875
2012-08-01,2012-13,Sazgar Three Wheeler,Prod,791
2012-08-01,2012-13,Sazgar Three Wheeler,Sale,692
2012-09-01,2012-13,Sazgar Three Wheeler,Prod,988
2012-09-01,2012-13,Sazgar Three Wheeler,Sale,926
2012-10-01,2012-13,Sazgar Three Wheeler,Prod,712
2012-10-01,2012-13,Sazgar Three Wheeler,Sale,695
2012-11-01,2012-13,Sazgar Three Wheeler,Prod,757
2012-11-01,2012-13,Sazgar Three Wheeler,Sale,738
2012-12-01,2012-13,Sazgar Three Wheeler,Prod,731
2012-12-01,2012-13,Sazgar Three Wheeler,Sale,624
2013-01-01,2012-13,Sazgar Three Wheeler,Prod,755
2013-01-01,2012-13,Sazgar Three Wheeler,Sale,892
2013-02-01,2012-13,Sazgar Three Wheeler,Prod,741
2013-02-01,2012-13,Sazgar Three Wheeler,Sale,773
2013-03-01,2012-13,Sazgar Three Wheeler,Prod,887
2013-03-01,2012-13,Sazgar Three Wheeler,Sale,802
2013-04-01,2012-13,Sazgar Three Wheeler,Prod,1031
2013-04-01,2012-13,Sazgar Three Wheeler,Sale,1022
2013-05-01,2012-13,Sazgar Three Wheeler,Prod,825
2013-05-01,2012-13,Sazgar Three Wheeler,Sale,884
2013-06-01,2012-13,Sazgar Three Wheeler,Prod,1155
2013-06-01,2012-13,Sazgar Three Wheeler,Sale,1424
2013-07-01,2013-14,Sazgar Three Wheeler,Prod,1054
2013-07-01,2013-14,Sazgar Three Wheeler,Sale,910
2013-08-01,2013-14,Sazgar Three Wheeler,Prod,770
2013-08-01,2013-14,Sazgar Three Wheeler,Sale,714
2013-09-01,2013-14,Sazgar Three Wheeler,Prod,1352
2013-09-01,2013-14,Sazgar Three Wheeler,Sale,1231
2013-10-01,2013-14,Sazgar Three Wheeler,Prod,827
2013-10-01,2013-14,Sazgar Three Wheeler,Sale,803
2013-11-01,2013-14,Sazgar Three Wheeler,Prod,888
2013-11-01,2013-14,Sazgar Three Wheeler,Sale,948
2013-12-01,2013-14,Sazgar Three Wheeler,Prod,1587
2013-12-01,2013-14,Sazgar Three Wheeler,Sale,1283
2014-01-01,2013-14,Sazgar Three Wheeler,Prod,1448
2014-01-01,2013-14,Sazgar Three Wheeler,Sale,1516
2014-02-01,2013-14,Sazgar Three Wheeler,Prod,1312
2014-02-01,2013-14,Sazgar Three Wheeler,Sale,1551
2014-03-01,2013-14,Sazgar Three Wheeler,Prod,1336
2014-03-01,2013-14,Sazgar Three Wheeler,Sale,1166
2014-04-01,2013-14,Sazgar Three Wheeler,Prod,1093
2014-04-01,2013-14,Sazgar Three Wheeler,Sale,1015
2014-05-01,2013-14,Sazgar Three Wheeler,Prod,787
2014-05-01,2013-14,Sazgar Three Wheeler,Sale,1024
2014-06-01,2013-14,Sazgar Three Wheeler,Prod,960
2014-06-01,2013-14,Sazgar Three Wheeler,Sale,946
2014-07-01,2014-15,Sazgar Three Wheeler,Prod,690
2014-07-01,2014-15,Sazgar Three Wheeler,Sale,787
2014-08-01,2014-15,Sazgar Three Wheeler,Prod,1387
2014-08-01,2014-15,Sazgar Three Wheeler,Sale,1214
2014-09-01,2014-15,Sazgar Three Wheeler,Prod,1115
2014-09-01,2014-15,Sazgar Three Wheeler,Sale,1084
2014-10-01,2014-15,Sazgar Three Wheeler,Prod,880
2014-10-01,2014-15,Sazgar Three Wheeler,Sale,884
2014-11-01,2014-15,Sazgar Three Wheeler,Prod,1013
2014-11-01,2014-15,Sazgar Three Wheeler,Sale,1052
2014-12-01,2014-15,Sazgar Three Wheeler,Prod,1349
2014-12-01,2014-15,Sazgar Three Wheeler,Sale,1129
2015-01-01,2014-15,Sazgar Three Wheeler,Prod,1587
2015-01-01,2014-15,Sazgar Three Wheeler,Sale,1780
2015-02-01,2014-15,Sazgar Three Wheeler,Prod,1428
2015-02-01,2014-15,Sazgar Three Wheeler,Sale,1408
2015-03-01,2014-15,Sazgar Three Wheeler,Prod,1142
2015-03-01,2014-15,Sazgar Three Wheeler,Sale,1282
2015-04-01,2014-15,Sazgar Three Wheeler,Prod,1108
2015-04-01,2014-15,Sazgar Three Wheeler,Sale,1077
2015-05-01,2014-15,Sazgar Three Wheeler,Prod,1015
2015-05-01,2014-15,Sazgar Three Wheeler,Sale,1088
2015-06-01,2014-15,Sazgar Three Wheeler,Prod,999
2015-06-01,2014-15,Sazgar Three Wheeler,Sale,1206
2015-07-01,2015-16,Sazgar Three Wheeler,Prod,818
2015-07-01,2015-16,Sazgar Three Wheeler,Sale,487
2015-08-01,2015-16,Sazgar Three Wheeler,Prod,1585
2015-08-01,2015-16,Sazgar Three Wheeler,Sale,1419
2015-09-01,2015-16,Sazgar Three Wheeler,Prod,1259
2015-09-01,2015-16,Sazgar Three Wheeler,Sale,1290
2015-10-01,2015-16,Sazgar Three Wheeler,Prod,1514
2015-10-01,2015-16,Sazgar Three Wheeler,Sale,1402
2015-11-01,2015-16,Sazgar Three Wheeler,Prod,1386
2015-11-01,2015-16,Sazgar Three Wheeler,Sale,1286
2015-12-01,2015-16,Sazgar Three Wheeler,Prod,1265
2015-12-01,2015-16,Sazgar Three Wheeler,Sale,624
2016-01-01,2015-16,Sazgar Three Wheeler,Prod,1912
2016-01-01,2015-16,Sazgar Three Wheeler,Sale,2362
2016-02-01,2015-16,Sazgar Three Wheeler,Prod,1818
2016-02-01,2015-16,Sazgar Three Wheeler,Sale,1600
2016-03-01,2015-16,Sazgar Three Wheeler,Prod,1710
2016-03-01,2015-16,Sazgar Three Wheeler,Sale,1847
2016-04-01,2015-16,Sazgar Three Wheeler,Prod,1489
2016-04-01,2015-16,Sazgar Three Wheeler,Sale,1482
2016-05-01,2015-16,Sazgar Three Wheeler,Prod,1717
2016-05-01,2015-16,Sazgar Three Wheeler,Sale,1620
2016-06-01,2015-16,Sazgar Three Wheeler,Prod,1537
2016-06-01,2015-16,Sazgar Three Wheeler,Sale,1986
2016-07-01,2016-17,Sazgar Three Wheeler,Prod,1580
2016-07-01,2016-17,Sazgar Three Wheeler,Sale,1059
2016-08-01,2016-17,Sazgar Three Wheeler,Prod,2137
2016-08-01,2016-17,Sazgar Three Wheeler,Sale,2032
2016-09-01,2016-17,Sazgar Three Wheeler,Prod,1620
2016-09-01,2016-17,Sazgar Three Wheeler,Sale,1731
2016-10-01,2016-17,Sazgar Three Wheeler,Prod,2012
2016-10-01,2016-17,Sazgar Three Wheeler,Sale,1815
2016-11-01,2016-17,Sazgar Three Wheeler,Prod,1965
2016-11-01,2016-17,Sazgar Three Wheeler,Sale,1767
2016-12-01,2016-17,Sazgar Three Wheeler,Prod,1887
2016-12-01,2016-17,Sazgar Three Wheeler,Sale,701
2017-01-01,2016-17,Sazgar Three Wheeler,Prod,2314
2017-01-01,2016-17,Sazgar Three Wheeler,Sale,3414
2017-02-01,2016-17,Sazgar Three Wheeler,Prod,2152
2017-02-01,2016-17,Sazgar Three Wheeler,Sale,2193
2017-03-01,2016-17,Sazgar Three Wheeler,Prod,1713
2017-03-01,2016-17,Sazgar Three Wheeler,Sale,1758
2017-04-01,2016-17,Sazgar Three Wheeler,Prod,1267
2017-04-01,2016-17,Sazgar Three Wheeler,Sale,1391
2017-05-01,2016-17,Sazgar Three Wheeler,Prod,1525
2017-05-01,2016-17,Sazgar Three Wheeler,Sale,1842
2017-06-01,2016-17,Sazgar Three Wheeler,Prod,1021
2017-06-01,2016-17,Sazgar Three Wheeler,Sale,1406
2017-07-01,2017-18,Sazgar Three Wheeler,Prod,1890
2017-07-01,2017-18,Sazgar Three Wheeler,Sale,1675
2017-08-01,2017-18,Sazgar Three Wheeler,Prod,1948
2017-08-01,2017-18,Sazgar Three Wheeler,Sale,1754
2017-09-01,2017-18,Sazgar Three Wheeler,Prod,1845
2017-09-01,2017-18,Sazgar Three Wheeler,Sale,1729
2017-10-01,2017-18,Sazgar Three Wheeler,Prod,2325
2017-10-01,2017-18,Sazgar Three Wheeler,Sale,2304
2017-11-01,2017-18,Sazgar Three Wheeler,Prod,1769
2017-11-01,2017-18,Sazgar Three Wheeler,Sale,1770
2017-12-01,2017-18,Sazgar Three Wheeler,Prod,1863
2017-12-01,2017-18,Sazgar Three Wheeler,Sale,802
2018-01-01,2017-18,Sazgar Three Wheeler,Prod,2334
2018-01-01,2017-18,Sazgar Three Wheeler,Sale,3187
2018-02-01,2017-18,Sazgar Three Wheeler,Prod,1642
2018-02-01,2017-18,Sazgar Three Wheeler,Sale,1662
2018-03-01,2017-18,Sazgar Three Wheeler,Prod,1560
2018-03-01,2017-18,Sazgar Three Wheeler,Sale,1693
2018-04-01,2017-18,Sazgar Three Wheeler,Prod,1564
2018-04-01,2017-18,Sazgar Three Wheeler,Sale,1585
2018-05-01,2017-18,Sazgar Three Wheeler,Prod,1544
2018-05-01,2017-18,Sazgar Three Wheeler,Sale,1803
2018-06-01,2017-18,Sazgar Three Wheeler,Prod,1438
2018-06-01,2017-18,Sazgar Three Wheeler,Sale,2014
2018-07-01,2018-19,Sazgar Three Wheeler,Prod,1572
2018-07-01,2018-19,Sazgar Three Wheeler,Sale,1468
2018-08-01,2018-19,Sazgar Three Wheeler,Prod,1326
2018-08-01,2018-19,Sazgar Three Wheeler,Sale,1342
2018-09-01,2018-19,Sazgar Three Wheeler,Prod,1560
2018-09-01,2018-19,Sazgar Three Wheeler,Sale,1630
2018-10-01,2018-19,Sazgar Three Wheeler,Prod,1309
2018-10-01,2018-19,Sazgar Three Wheeler,Sale,984
2018-11-01,2018-19,Sazgar Three Wheeler,Prod,1044
2018-11-01,2018-19,Sazgar Three Wheeler,Sale,1055
2018-12-01,2018-19,Sazgar Three Wheeler,Prod,1414
2018-12-01,2018-19,Sazgar Three Wheeler,Sale,640
2019-01-01,2018-19,Sazgar Three Wheeler,Prod,2049
2019-01-01,2018-19,Sazgar Three Wheeler,Sale,2505
2019-02-01,2018-19,Sazgar Three Wheeler,Prod,1450
2019-02-01,2018-19,Sazgar Three Wheeler,Sale,1409
2019-03-01,2018-19,Sazgar Three Wheeler,Prod,1108
2019-03-01,2018-19,Sazgar Three Wheeler,Sale,1280
2019-04-01,2018-19,Sazgar Three Wheeler,Prod,1264
2019-04-01,2018-19,Sazgar Three Wheeler,Sale,1142
2019-05-01,2018-19,Sazgar Three Wheeler,Prod,1136
2019-05-01,2018-19,Sazgar Three Wheeler,Sale,970
2019-06-01,2018-19,Sazgar Three Wheeler,Prod,655
2019-06-01,2018-19,Sazgar Three Wheeler,Sale,1420
2019-07-01,2019-20,Sazgar Three Wheeler,Prod,634
2019-07-01,2019-20,Sazgar Three Wheeler,Sale,585
2019-08-01,2019-20,Sazgar Three Wheeler,Prod,744
2019-08-01,2019-20,Sazgar Three Wheeler,Sale,811
2019-09-01,2019-20,Sazgar Three Wheeler,Prod,1101
2019-09-01,2019-20,Sazgar Three Wheeler,Sale,1007
2019-10-01,2019-20,Sazgar Three Wheeler,Prod,1258
2019-10-01,2019-20,Sazgar Three Wheeler,Sale,1098
2019-11-01,2019-20,Sazgar Three Wheeler,Prod,1118
2019-11-01,2019-20,Sazgar Three Wheeler,Sale,676
2019-12-01,2019-20,Sazgar Three Wheeler,Prod,1189
2019-12-01,2019-20,Sazgar Three Wheeler,Sale,615
2020-01-01,2019-20,Sazgar Three Wheeler,Prod,1974
2020-01-01,2019-20,Sazgar Three Wheeler,Sale,2524
2020-02-01,2019-20,Sazgar Three Wheeler,Prod,1642
2020-02-01,2019-20,Sazgar Three Wheeler,Sale,1537
2020-03-01,2019-20,Sazgar Three Wheeler,Prod,803
2020-03-01,2019-20,Sazgar Three Wheeler,Sale,647
2020-04-01,2019-20,Sazgar Three Wheeler,Prod,0
2020-04-01,2019-20,Sazgar Three Wheeler,Sale,0
2020-05-01,2019-20,Sazgar Three Wheeler,Prod,519
2020-05-01,2019-20,Sazgar Three Wheeler,Sale,525
2020-06-01,2019-20,Sazgar Three Wheeler,Prod,1271
2020-06-01,2019-20,Sazgar Three Wheeler,Sale,2249
2020-07-01,2020-21,Sazgar Three Wheeler,Prod,1268
2020-07-01,2020-21,Sazgar Three Wheeler,Sale,1115
2020-08-01,2020-21,Sazgar Three Wheeler,Prod,1349
2020-08-01,2020-21,Sazgar Three Wheeler,Sale,1222
2020-09-01,2020-21,Sazgar Three Wheeler,Prod,1271
2020-09-01,2020-21,Sazgar Three Wheeler,Sale,1561
2020-10-01,2020-21,Sazgar Three Wheeler,Prod,1432
2020-10-01,2020-21,Sazgar Three Wheeler,Sale,1326
2020-11-01,2020-21,Sazgar Three Wheeler,Prod,1233
2020-11-01,2020-21,Sazgar Three Wheeler,Sale,806
2020-12-01,2020-21,Sazgar Three Wheeler,Prod,1608
2020-12-01,2020-21,Sazgar Three Wheeler,Sale,991
2021-01-01,2020-21,Sazgar Three Wheeler,Prod,1548
2021-01-01,2020-21,Sazgar Three Wheeler,Sale,2007
2021-02-01,2020-21,Sazgar Three Wheeler,Prod,1352
2021-02-01,2020-21,Sazgar Three Wheeler,Sale,1553
2021-03-01,2020-21,Sazgar Three Wheeler,Prod,1193
2021-03-01,2020-21,Sazgar Three Wheeler,Sale,1209
2021-04-01,2020-21,Sazgar Three Wheeler,Prod,1231
2021-04-01,2020-21,Sazgar Three Wheeler,Sale,1021
2021-05-01,2020-21,Sazgar Three Wheeler,Prod,955
2021-05-01,2020-21,Sazgar Three Wheeler,Sale,912
2021-06-01,2020-21,Sazgar Three Wheeler,Prod,1366
2021-06-01,2020-21,Sazgar Three Wheeler,Sale,1942
2021-07-01,2021-22,Sazgar Three Wheeler,Prod,974
2021-07-01,2021-22,Sazgar Three Wheeler,Sale,829
2021-08-01,2021-22,Sazgar Three Wheeler,Prod,1392
2021-08-01,2021-22,Sazgar Three Wheeler,Sale,1242
2021-09-01,2021-22,Sazgar Three Wheeler,Prod,1564
2021-09-01,2021-22,Sazgar Three Wheeler,Sale,1172
2021-10-01,2021-22,Sazgar Three Wheeler,Prod,1035
2021-10-01,2021-22,Sazgar Three Wheeler,Sale,970
2021-11-01,2021-22,Sazgar Three Wheeler,Prod,1395
2021-11-01,2021-22,Sazgar Three Wheeler,Sale,865
2021-12-01,2021-22,Sazgar Three Wheeler,Prod,1498
2021-12-01,2021-22,Sazgar Three Wheeler,Sale,579
2022-01-01,2021-22,Sazgar Three Wheeler,Prod,1538
2022-01-01,2021-22,Sazgar Three Wheeler,Sale,2731
2022-02-01,2021-22,Sazgar Three Wheeler,Prod,1553
2022-02-01,2021-22,Sazgar Three Wheeler,Sale,1504
2022-03-01,2021-22,Sazgar Three Wheeler,Prod,1950
2022-03-01,2021-22,Sazgar Three Wheeler,Sale,1911
2022-04-01,2021-22,Sazgar Three Wheeler,Prod,1009
2022-04-01,2021-22,Sazgar Three Wheeler,Sale,910
2022-05-01,2021-22,Sazgar Three Wheeler,Prod,1196
2022-05-01,2021-22,Sazgar Three Wheeler,Sale,1173
2022-06-01,2021-22,Sazgar Three Wheeler,Prod,898
2022-06-01,2021-22,Sazgar Three Wheeler,Sale,1797
2022-07-01,2022-23,Sazgar Three Wheeler,Prod,244
2022-07-01,2022-23,Sazgar Three Wheeler,Sale,259
2022-08-01,2022-23,Sazgar Three Wheeler,Prod,752
2022-08-01,2022-23,Sazgar Three Wheeler,Sale,740
2022-09-01,2022-23,Sazgar Three Wheeler,Prod,1130
2022-09-01,2022-23,Sazgar Three Wheeler,Sale,1194
2022-10-01,2022-23,Sazgar Three Wheeler,Prod,973
2022-10-01,2022-23,Sazgar Three Wheeler,Sale,714
2022-11-01,2022-23,Sazgar Three Wheeler,Prod,1034
2022-11-01,2022-23,Sazgar Three Wheeler,Sale,533
2022-12-01,2022-23,Sazgar Three Wheeler,Prod,1115
2022-12-01,2022-23,Sazgar Three Wheeler,Sale,428
2023-01-01,2022-23,Sazgar Three Wheeler,Prod,990
2023-01-01,2022-23,Sazgar Three Wheeler,Sale,2003
2023-02-01,2022-23,Sazgar Three Wheeler,Prod,760
2023-02-01,2022-23,Sazgar Three Wheeler,Sale,1464
2023-03-01,2022-23,Sazgar Three Wheeler,Prod,692
2023-03-01,2022-23,Sazgar Three Wheeler,Sale,526
2023-04-01,2022-23,Sazgar Three Wheeler,Prod,244
2023-04-01,2022-23,Sazgar Three Wheeler,Sale,406
2023-05-01,2022-23,Sazgar Three Wheeler,Prod,637
2023-05-01,2022-23,Sazgar Three Wheeler,Sale,522
2023-06-01,2022-23,Sazgar Three Wheeler,Prod,570
2023-06-01,2022-23,Sazgar Three Wheeler,Sale,592
2023-07-01,2023-24,Sazgar Three Wheeler,Prod,977
2023-07-01,2023-24,Sazgar Three Wheeler,Sale,761
2023-08-01,2023-24,Sazgar Three Wheeler,Prod,1331
2023-08-01,2023-24,Sazgar Three Wheeler,Sale,1089
2023-09-01,2023-24,Sazgar Three Wheeler,Prod,1175
2023-09-01,2023-24,Sazgar Three Wheeler,Sale,1026
2023-10-01,2023-24,Sazgar Three Wheeler,Prod,1189
2023-10-01,2023-24,Sazgar Three Wheeler,Sale,1004
2023-11-01,2023-24,Sazgar Three Wheeler,Prod,848
2023-11-01,2023-24,Sazgar Three Wheeler,Sale,773
2023-12-01,2023-24,Sazgar Three Wheeler,Prod,1004
2023-12-01,2023-24,Sazgar Three Wheeler,Sale,275
2024-01-01,2023-24,Sazgar Three Wheeler,Prod,1675
2024-01-01,2023-24,Sazgar Three Wheeler,Sale,2229
2024-02-01,2023-24,Sazgar Three Wheeler,Prod,1518
2024-02-01,2023-24,Sazgar Three Wheeler,Sale,1524
2024-03-01,2023-24,Sazgar Three Wheeler,Prod,1551
2024-03-01,2023-24,Sazgar Three Wheeler,Sale,1341
2024-04-01,2023-24,Sazgar Three Wheeler,Prod,1140
2024-04-01,2023-24,Sazgar Three Wheeler,Sale,1212
2024-05-01,2023-24,Sazgar Three Wheeler,Prod,1947
2024-05-01,2023-24,Sazgar Three Wheeler,Sale,1962
2024-06-01,2023-24,Sazgar Three Wheeler,Prod,1323
2024-06-01,2023-24,Sazgar Three Wheeler,Sale,1818
2024-07-01,2024-25,Sazgar Three Wheeler,Prod,1795
2024-07-01,2024-25,Sazgar Three Wheeler,Sale,1624
2024-08-01,2024-25,Sazgar Three Wheeler,Prod,2023
2024-08-01,2024-25,Sazgar Three Wheeler,Sale,1643
2024-09-01,2024-25,Sazgar Three Wheeler,Prod,2105
2024-09-01,2024-25,Sazgar Three Wheeler,Sale,2168
2024-10-01,2024-25,Sazgar Three Wheeler,Prod,2520
2024-10-01,2024-25,Sazgar Three Wheeler,Sale,2401
2024-11-01,2024-25,Sazgar Three Wheeler,Prod,2152
2024-11-01,2024-25,Sazgar Three Wheeler,Sale,1976
2024-12-01,2024-25,Sazgar Three Wheeler,Prod,0
2024-12-01,2024-25,Sazgar Three Wheeler,Sale,0
2025-01-01,2024-25,Sazgar Three Wheeler,Prod,4840
2025-01-01,2024-25,Sazgar Three Wheeler,Sale,5092
2025-02-01,2024-25,Sazgar Three Wheeler,Prod,2333
2025-02-01,2024-25,Sazgar Three Wheeler,Sale,2654
2025-03-01,2024-25,Sazgar Three Wheeler,Prod,1870
2025-03-01,2024-25,Sazgar Three Wheeler,Sale,1970
2025-04-01,2024-25,Sazgar Three Wheeler,Prod,1742
2025-04-01,2024-25,Sazgar Three Wheeler,Sale,1958
2025-05-01,2024-25,Sazgar Three Wheeler,Prod,1900
2025-05-01,2024-25,Sazgar Three Wheeler,Sale,1865
2025-06-01,2024-25,Sazgar Three Wheeler,Prod,1420
2025-06-01,2024-25,Sazgar Three Wheeler,Sale,2435
2007-07-01,2007-08,Sigma Defender,Prod,46
2007-07-01,2007-08,Sigma Defender,Sale,39
2007-08-01,2007-08,Sigma Defender,Prod,141
2007-08-01,2007-08,Sigma Defender,Sale,69
2007-09-01,2007-08,Sigma Defender,Prod,113
2007-09-01,2007-08,Sigma Defender,Sale,101
2007-10-01,2007-08,Sigma Defender,Prod,128
2007-10-01,2007-08,Sigma Defender,Sale,127
2007-11-01,2007-08,Sigma Defender,Prod,121
2007-11-01,2007-08,Sigma Defender,Sale,90
2007-12-01,2007-08,Sigma Defender,Prod,84
2007-12-01,2007-08,Sigma Defender,Sale,15
2008-01-01,2007-08,Sigma Defender,Prod,203
2008-01-01,2007-08,Sigma Defender,Sale,94
2008-02-01,2007-08,Sigma Defender,Prod,127
2008-02-01,2007-08,Sigma Defender,Sale,170
2008-03-01,2007-08,Sigma Defender,Prod,186
2008-03-01,2007-08,Sigma Defender,Sale,198
2008-04-01,2007-08,Sigma Defender,Prod,112
2008-04-01,2007-08,Sigma Defender,Sale,190
2008-05-01,2007-08,Sigma Defender,Prod,131
2008-05-01,2007-08,Sigma Defender,Sale,111
2008-06-01,2007-08,Sigma Defender,Prod,198
2008-06-01,2007-08,Sigma Defender,Sale,209
2008-07-01,2008-09,Sigma Defender,Prod,182
2008-07-01,2008-09,Sigma Defender,Sale,211
2008-08-01,2008-09,Sigma Defender,Prod,119
2008-08-01,2008-09,Sigma Defender,Sale,125
2008-09-01,2008-09,Sigma Defender,Prod,137
2008-09-01,2008-09,Sigma Defender,Sale,157
2008-10-01,2008-09,Sigma Defender,Prod,92
2008-10-01,2008-09,Sigma Defender,Sale,50
2008-11-01,2008-09,Sigma Defender,Prod,66
2008-11-01,2008-09,Sigma Defender,Sale,38
2008-12-01,2008-09,Sigma Defender,Prod,5
2008-12-01,2008-09,Sigma Defender,Sale,0
2009-01-01,2008-09,Sigma Defender,Prod,8
2009-01-01,2008-09,Sigma Defender,Sale,86
2009-02-01,2008-09,Sigma Defender,Prod,72
2009-02-01,2008-09,Sigma Defender,Sale,64
2009-03-01,2008-09,Sigma Defender,Prod,30
2009-03-01,2008-09,Sigma Defender,Sale,51
2009-04-01,2008-09,Sigma Defender,Prod,72
2009-04-01,2008-09,Sigma Defender,Sale,68
2009-05-01,2008-09,Sigma Defender,Prod,67
2009-05-01,2008-09,Sigma Defender,Sale,44
2009-06-01,2008-09,Sigma Defender,Prod,82
2009-06-01,2008-09,Sigma Defender,Sale,172
2009-07-01,2009-10,Sigma Defender,Prod,129
2009-07-01,2009-10,Sigma Defender,Sale,71
2009-08-01,2009-10,Sigma Defender,Prod,109
2009-08-01,2009-10,Sigma Defender,Sale,148
2009-09-01,2009-10,Sigma Defender,Prod,63
2009-09-01,2009-10,Sigma Defender,Sale,33
2009-10-01,2009-10,Sigma Defender,Prod,72
2009-10-01,2009-10,Sigma Defender,Sale,60
2009-11-01,2009-10,Sigma Defender,Prod,68
2009-11-01,2009-10,Sigma Defender,Sale,96
2009-12-01,2009-10,Sigma Defender,Prod,78
2009-12-01,2009-10,Sigma Defender,Sale,64
2010-01-01,2009-10,Sigma Defender,Prod,93
2010-01-01,2009-10,Sigma Defender,Sale,100
2010-02-01,2009-10,Sigma Defender,Prod,58
2010-02-01,2009-10,Sigma Defender,Sale,94
2010-03-01,2009-10,Sigma Defender,Prod,136
2010-03-01,2009-10,Sigma Defender,Sale,80
2010-04-01,2009-10,Sigma Defender,Prod,82
2010-04-01,2009-10,Sigma Defender,Sale,92
2010-05-01,2009-10,Sigma Defender,Prod,128
2010-05-01,2009-10,Sigma Defender,Sale,118
2010-06-01,2009-10,Sigma Defender,Prod,156
2010-06-01,2009-10,Sigma Defender,Sale,245
2010-07-01,2010-11,Sigma Defender,Prod,128
2010-07-01,2010-11,Sigma Defender,Sale,124
2010-08-01,2010-11,Sigma Defender,Prod,100
2010-08-01,2010-11,Sigma Defender,Sale,56
2010-09-01,2010-11,Sigma Defender,Prod,65
2010-09-01,2010-11,Sigma Defender,Sale,0
2010-10-01,2010-11,Sigma Defender,Prod,87
2010-10-01,2010-11,Sigma Defender,Sale,53
2010-11-01,2010-11,Sigma Defender,Prod,59
2010-11-01,2010-11,Sigma Defender,Sale,121
2010-12-01,2010-11,Sigma Defender,Prod,65
2010-12-01,2010-11,Sigma Defender,Sale,27
2011-01-01,2010-11,Sigma Defender,Prod,56
2011-01-01,2010-11,Sigma Defender,Sale,57
2011-02-01,2010-11,Sigma Defender,Prod,20
2011-02-01,2010-11,Sigma Defender,Sale,30
2011-03-01,2010-11,Sigma Defender,Prod,82
2011-03-01,2010-11,Sigma Defender,Sale,73
2011-04-01,2010-11,Sigma Defender,Prod,68
2011-04-01,2010-11,Sigma Defender,Sale,83
2011-05-01,2010-11,Sigma Defender,Prod,101
2011-05-01,2010-11,Sigma Defender,Sale,85
2011-06-01,2010-11,Sigma Defender,Prod,52
2011-06-01,2010-11,Sigma Defender,Sale,98
2011-07-01,2011-12,Sigma Defender,Prod,62
2011-07-01,2011-12,Sigma Defender,Sale,45
2011-08-01,2011-12,Sigma Defender,Prod,66
2011-08-01,2011-12,Sigma Defender,Sale,98
2011-09-01,2011-12,Sigma Defender,Prod,58
2011-09-01,2011-12,Sigma Defender,Sale,44
2011-10-01,2011-12,Sigma Defender,Prod,43
2011-10-01,2011-12,Sigma Defender,Sale,30
2011-11-01,2011-12,Sigma Defender,Prod,53
2011-11-01,2011-12,Sigma Defender,Sale,40
2011-12-01,2011-12,Sigma Defender,Prod,28
2011-12-01,2011-12,Sigma Defender,Sale,29
2012-01-01,2011-12,Sigma Defender,Prod,24
2012-01-01,2011-12,Sigma Defender,Sale,15
2012-02-01,2011-12,Sigma Defender,Prod,13
2012-02-01,2011-12,Sigma Defender,Sale,13
2012-03-01,2011-12,Sigma Defender,Prod,24
2012-03-01,2011-12,Sigma Defender,Sale,13
2012-04-01,2011-12,Sigma Defender,Prod,1
2012-04-01,2011-12,Sigma Defender,Sale,2
2012-05-01,2011-12,Sigma Defender,Prod,72
2012-05-01,2011-12,Sigma Defender,Sale,6
2012-06-01,2011-12,Sigma Defender,Prod,7
2012-06-01,2011-12,Sigma Defender,Sale,7
2012-07-01,2012-13,Sigma Defender,Prod,74
2012-07-01,2012-13,Sigma Defender,Sale,82
2012-08-01,2012-13,Sigma Defender,Prod,18
2012-08-01,2012-13,Sigma Defender,Sale,48
2012-09-01,2012-13,Sigma Defender,Prod,44
2012-09-01,2012-13,Sigma Defender,Sale,26
2012-10-01,2012-13,Sigma Defender,Prod,35
2012-10-01,2012-13,Sigma Defender,Sale,10
2012-11-01,2012-13,Sigma Defender,Prod,58
2012-11-01,2012-13,Sigma Defender,Sale,23
2012-12-01,2012-13,Sigma Defender,Prod,23
2012-12-01,2012-13,Sigma Defender,Sale,23
2013-01-01,2012-13,Sigma Defender,Prod,23
2013-01-01,2012-13,Sigma Defender,Sale,23
2013-02-01,2012-13,Sigma Defender,Prod,33
2013-02-01,2012-13,Sigma Defender,Sale,25
2013-03-01,2012-13,Sigma Defender,Prod,43
2013-03-01,2012-13,Sigma Defender,Sale,36
2013-04-01,2012-13,Sigma Defender,Prod,72
2013-04-01,2012-13,Sigma Defender,Sale,29
2013-05-01,2012-13,Sigma Defender,Prod,126
2013-05-01,2012-13,Sigma Defender,Sale,168
2013-06-01,2012-13,Sigma Defender,Prod,79
2013-06-01,2012-13,Sigma Defender,Sale,133
2013-07-01,2013-14,Sigma Defender,Prod,53
2013-07-01,2013-14,Sigma Defender,Sale,26
2013-08-01,2013-14,Sigma Defender,Prod,50
2013-08-01,2013-14,Sigma Defender,Sale,62
2013-09-01,2013-14,Sigma Defender,Prod,65
2013-09-01,2013-14,Sigma Defender,Sale,59
2013-10-01,2013-14,Sigma Defender,Prod,44
2013-10-01,2013-14,Sigma Defender,Sale,36
2013-11-01,2013-14,Sigma Defender,Prod,30
2013-11-01,2013-14,Sigma Defender,Sale,6
2013-12-01,2013-14,Sigma Defender,Prod,56
2013-12-01,2013-14,Sigma Defender,Sale,54
2014-01-01,2013-14,Sigma Defender,Prod,70
2014-01-01,2013-14,Sigma Defender,Sale,48
2014-02-01,2013-14,Sigma Defender,Prod,60
2014-02-01,2013-14,Sigma Defender,Sale,48
2014-03-01,2013-14,Sigma Defender,Prod,79
2014-03-01,2013-14,Sigma Defender,Sale,103
2014-04-01,2013-14,Sigma Defender,Prod,50
2014-04-01,2013-14,Sigma Defender,Sale,63
2014-05-01,2013-14,Sigma Defender,Prod,150
2014-05-01,2013-14,Sigma Defender,Sale,116
2014-06-01,2013-14,Sigma Defender,Prod,90
2014-06-01,2013-14,Sigma Defender,Sale,140
2014-07-01,2014-15,Sigma Defender,Prod,44
2014-07-01,2014-15,Sigma Defender,Sale,14
2014-08-01,2014-15,Sigma Defender,Prod,53
2014-08-01,2014-15,Sigma Defender,Sale,36
2014-09-01,2014-15,Sigma Defender,Prod,64
2014-09-01,2014-15,Sigma Defender,Sale,35
2014-10-01,2014-15,Sigma Defender,Prod,47
2014-10-01,2014-15,Sigma Defender,Sale,42
2014-11-01,2014-15,Sigma Defender,Prod,9
2014-11-01,2014-15,Sigma Defender,Sale,35
2014-12-01,2014-15,Sigma Defender,Prod,76
2014-12-01,2014-15,Sigma Defender,Sale,48
2015-01-01,2014-15,Sigma Defender,Prod,38
2015-01-01,2014-15,Sigma Defender,Sale,83
2015-02-01,2014-15,Sigma Defender,Prod,12
2015-02-01,2014-15,Sigma Defender,Sale,51
2015-03-01,2014-15,Sigma Defender,Prod,0
2015-03-01,2014-15,Sigma Defender,Sale,32
2015-04-01,2014-15,Sigma Defender,Prod,0
2015-04-01,2014-15,Sigma Defender,Sale,5
2015-05-01,2014-15,Sigma Defender,Prod,60
2015-05-01,2014-15,Sigma Defender,Sale,0
2015-06-01,2014-15,Sigma Defender,Prod,21
2015-06-01,2014-15,Sigma Defender,Sale,60
2015-07-01,2015-16,Sigma Defender,Prod,35
2015-07-01,2015-16,Sigma Defender,Sale,0
2015-08-01,2015-16,Sigma Defender,Prod,61
2015-08-01,2015-16,Sigma Defender,Sale,36
2015-09-01,2015-16,Sigma Defender,Prod,23
2015-09-01,2015-16,Sigma Defender,Sale,48
2015-10-01,2015-16,Sigma Defender,Prod,22
2015-10-01,2015-16,Sigma Defender,Sale,56
2015-11-01,2015-16,Sigma Defender,Prod,28
2015-11-01,2015-16,Sigma Defender,Sale,0
2015-12-01,2015-16,Sigma Defender,Prod,22
2015-12-01,2015-16,Sigma Defender,Sale,0
2016-01-01,2015-16,Sigma Defender,Prod,0
2016-01-01,2015-16,Sigma Defender,Sale,24
2016-02-01,2015-16,Sigma Defender,Prod,0
2016-02-01,2015-16,Sigma Defender,Sale,9
2016-03-01,2015-16,Sigma Defender,Prod,0
2016-03-01,2015-16,Sigma Defender,Sale,0
2016-04-01,2015-16,Sigma Defender,Prod,0
2016-04-01,2015-16,Sigma Defender,Sale,0
2016-05-01,2015-16,Sigma Defender,Prod,0
2016-05-01,2015-16,Sigma Defender,Sale,0
2016-06-01,2015-16,Sigma Defender,Prod,0
2016-06-01,2015-16,Sigma Defender,Sale,0
2007-07-01,2007-08,Sohrab,Prod,704
2007-07-01,2007-08,Sohrab,Sale,504
2007-08-01,2007-08,Sohrab,Prod,630
2007-08-01,2007-08,Sohrab,Sale,566
2007-09-01,2007-08,Sohrab,Prod,611
2007-09-01,2007-08,Sohrab,Sale,691
2007-10-01,2007-08,Sohrab,Prod,320
2007-10-01,2007-08,Sohrab,Sale,523
2007-11-01,2007-08,Sohrab,Prod,332
2007-11-01,2007-08,Sohrab,Sale,581
2007-12-01,2007-08,Sohrab,Prod,446
2007-12-01,2007-08,Sohrab,Sale,546
2008-01-01,2007-08,Sohrab,Prod,692
2008-01-01,2007-08,Sohrab,Sale,530
2008-02-01,2007-08,Sohrab,Prod,442
2008-02-01,2007-08,Sohrab,Sale,401
2008-03-01,2007-08,Sohrab,Prod,401
2008-03-01,2007-08,Sohrab,Sale,493
2008-04-01,2007-08,Sohrab,Prod,401
2008-04-01,2007-08,Sohrab,Sale,465
2008-05-01,2007-08,Sohrab,Prod,352
2008-05-01,2007-08,Sohrab,Sale,413
2008-06-01,2007-08,Sohrab,Prod,742
2008-06-01,2007-08,Sohrab,Sale,636
2008-07-01,2008-09,Sohrab,Prod,600
2008-07-01,2008-09,Sohrab,Sale,586
2008-08-01,2008-09,Sohrab,Prod,377
2008-08-01,2008-09,Sohrab,Sale,421
2008-09-01,2008-09,Sohrab,Prod,473
2008-09-01,2008-09,Sohrab,Sale,398
2008-10-01,2008-09,Sohrab,Prod,453
2008-10-01,2008-09,Sohrab,Sale,498
2008-11-01,2008-09,Sohrab,Prod,767
2008-11-01,2008-09,Sohrab,Sale,836
2008-12-01,2008-09,Sohrab,Prod,537
2008-12-01,2008-09,Sohrab,Sale,546
2009-01-01,2008-09,Sohrab,Prod,706
2009-01-01,2008-09,Sohrab,Sale,652
2009-02-01,2008-09,Sohrab,Prod,685
2009-02-01,2008-09,Sohrab,Sale,541
2009-03-01,2008-09,Sohrab,Prod,539
2009-03-01,2008-09,Sohrab,Sale,627
2009-04-01,2008-09,Sohrab,Prod,552
2009-04-01,2008-09,Sohrab,Sale,656
2009-05-01,2008-09,Sohrab,Prod,654
2009-05-01,2008-09,Sohrab,Sale,646
2009-06-01,2008-09,Sohrab,Prod,623
2009-06-01,2008-09,Sohrab,Sale,652
2009-07-01,2009-10,Sohrab,Prod,641
2009-07-01,2009-10,Sohrab,Sale,565
2009-08-01,2009-10,Sohrab,Prod,742
2009-08-01,2009-10,Sohrab,Sale,786
2009-09-01,2009-10,Sohrab,Prod,304
2009-09-01,2009-10,Sohrab,Sale,368
2009-10-01,2009-10,Sohrab,Prod,962
2009-10-01,2009-10,Sohrab,Sale,890
2009-11-01,2009-10,Sohrab,Prod,512
2009-11-01,2009-10,Sohrab,Sale,489
2009-12-01,2009-10,Sohrab,Prod,854
2009-12-01,2009-10,Sohrab,Sale,834
2010-01-01,2009-10,Sohrab,Prod,439
2010-01-01,2009-10,Sohrab,Sale,437
2010-02-01,2009-10,Sohrab,Prod,467
2010-02-01,2009-10,Sohrab,Sale,328
2010-03-01,2009-10,Sohrab,Prod,634
2010-03-01,2009-10,Sohrab,Sale,703
2010-04-01,2009-10,Sohrab,Prod,305
2010-04-01,2009-10,Sohrab,Sale,397
2010-05-01,2009-10,Sohrab,Prod,715
2010-05-01,2009-10,Sohrab,Sale,622
2010-06-01,2009-10,Sohrab,Prod,469
2010-06-01,2009-10,Sohrab,Sale,339
2010-07-01,2010-11,Sohrab,Prod,159
2010-07-01,2010-11,Sohrab,Sale,304
2010-08-01,2010-11,Sohrab,Prod,177
2010-08-01,2010-11,Sohrab,Sale,294
2010-09-01,2010-11,Sohrab,Prod,243
2010-09-01,2010-11,Sohrab,Sale,237
2010-10-01,2010-11,Sohrab,Prod,151
2010-10-01,2010-11,Sohrab,Sale,197
2010-11-01,2010-11,Sohrab,Prod,101
2010-11-01,2010-11,Sohrab,Sale,127
2010-12-01,2010-11,Sohrab,Prod,188
2010-12-01,2010-11,Sohrab,Sale,186
2011-01-01,2010-11,Sohrab,Prod,233
2011-01-01,2010-11,Sohrab,Sale,224
2011-02-01,2010-11,Sohrab,Prod,493
2011-02-01,2010-11,Sohrab,Sale,492
2011-03-01,2010-11,Sohrab,Prod,514
2011-03-01,2010-11,Sohrab,Sale,459
2011-04-01,2010-11,Sohrab,Prod,573
2011-04-01,2010-11,Sohrab,Sale,403
2011-05-01,2010-11,Sohrab,Prod,425
2011-05-01,2010-11,Sohrab,Sale,608
2011-06-01,2010-11,Sohrab,Prod,350
2011-06-01,2010-11,Sohrab,Sale,389
2011-07-01,2011-12,Sohrab,Prod,331
2011-07-01,2011-12,Sohrab,Sale,261
2011-08-01,2011-12,Sohrab,Prod,195
2011-08-01,2011-12,Sohrab,Sale,277
2011-09-01,2011-12,Sohrab,Prod,437
2011-09-01,2011-12,Sohrab,Sale,345
2011-10-01,2011-12,Sohrab,Prod,370
2011-10-01,2011-12,Sohrab,Sale,403
2011-11-01,2011-12,Sohrab,Prod,353
2011-11-01,2011-12,Sohrab,Sale,270
2011-12-01,2011-12,Sohrab,Prod,136
2011-12-01,2011-12,Sohrab,Sale,275
2012-01-01,2011-12,Sohrab,Prod,619
2012-01-01,2011-12,Sohrab,Sale,550
2012-02-01,2011-12,Sohrab,Prod,350
2012-02-01,2011-12,Sohrab,Sale,213
2012-03-01,2011-12,Sohrab,Prod,358
2012-03-01,2011-12,Sohrab,Sale,455
2012-04-01,2011-12,Sohrab,Prod,17
2012-04-01,2011-12,Sohrab,Sale,17
2012-05-01,2011-12,Sohrab,Prod,55
2012-05-01,2011-12,Sohrab,Sale,26
2012-06-01,2011-12,Sohrab,Prod,0
2012-06-01,2011-12,Sohrab,Sale,9
2012-07-01,2012-13,Sohrab,Prod,13
2012-07-01,2012-13,Sohrab,Sale,22
2012-08-01,2012-13,Sohrab,Prod,7
2012-08-01,2012-13,Sohrab,Sale,9
2012-09-01,2012-13,Sohrab,Prod,12
2012-09-01,2012-13,Sohrab,Sale,16
2012-10-01,2012-13,Sohrab,Prod,66
2012-10-01,2012-13,Sohrab,Sale,13
2012-11-01,2012-13,Sohrab,Prod,0
2012-11-01,2012-13,Sohrab,Sale,18
2012-12-01,2012-13,Sohrab,Prod,25
2012-12-01,2012-13,Sohrab,Sale,28
2013-01-01,2012-13,Sohrab,Prod,0
2013-01-01,2012-13,Sohrab,Sale,8
2013-02-01,2012-13,Sohrab,Prod,432
2013-02-01,2012-13,Sohrab,Sale,473
2013-03-01,2012-13,Sohrab,Prod,612
2013-03-01,2012-13,Sohrab,Sale,574
2013-04-01,2012-13,Sohrab,Prod,543
2013-04-01,2012-13,Sohrab,Sale,634
2013-05-01,2012-13,Sohrab,Prod,323
2013-05-01,2012-13,Sohrab,Sale,580
2013-06-01,2012-13,Sohrab,Prod,575
2013-06-01,2012-13,Sohrab,Sale,437
2013-07-01,2013-14,Sohrab,Prod,640
2013-07-01,2013-14,Sohrab,Sale,646
2013-08-01,2013-14,Sohrab,Prod,330
2013-08-01,2013-14,Sohrab,Sale,307
2013-09-01,2013-14,Sohrab,Prod,359
2013-09-01,2013-14,Sohrab,Sale,173
2013-10-01,2013-14,Sohrab,Prod,377
2013-10-01,2013-14,Sohrab,Sale,300
2013-11-01,2013-14,Sohrab,Prod,456
2013-11-01,2013-14,Sohrab,Sale,332
2013-12-01,2013-14,Sohrab,Prod,276
2013-12-01,2013-14,Sohrab,Sale,276
2014-01-01,2013-14,Sohrab,Prod,760
2014-01-01,2013-14,Sohrab,Sale,800
2014-02-01,2013-14,Sohrab,Prod,0
2014-02-01,2013-14,Sohrab,Sale,0
2014-03-01,2013-14,Sohrab,Prod,712
2014-03-01,2013-14,Sohrab,Sale,585
2014-04-01,2013-14,Sohrab,Prod,1
2014-04-01,2013-14,Sohrab,Sale,4
2014-05-01,2013-14,Sohrab,Prod,655
2014-05-01,2013-14,Sohrab,Sale,655
2014-06-01,2013-14,Sohrab,Prod,739
2014-06-01,2013-14,Sohrab,Sale,739
2014-07-01,2014-15,Sohrab,Prod,600
2014-07-01,2014-15,Sohrab,Sale,335
2014-08-01,2014-15,Sohrab,Prod,508
2014-08-01,2014-15,Sohrab,Sale,380
2014-09-01,2014-15,Sohrab,Prod,346
2014-09-01,2014-15,Sohrab,Sale,346
2014-10-01,2014-15,Sohrab,Prod,508
2014-10-01,2014-15,Sohrab,Sale,380
2014-11-01,2014-15,Sohrab,Prod,567
2014-11-01,2014-15,Sohrab,Sale,422
2014-12-01,2014-15,Sohrab,Prod,205
2014-12-01,2014-15,Sohrab,Sale,447
2015-01-01,2014-15,Sohrab,Prod,696
2015-01-01,2014-15,Sohrab,Sale,636
2015-02-01,2014-15,Sohrab,Prod,602
2015-02-01,2014-15,Sohrab,Sale,500
2015-03-01,2014-15,Sohrab,Prod,600
2015-03-01,2014-15,Sohrab,Sale,533
2015-04-01,2014-15,Sohrab,Prod,508
2015-04-01,2014-15,Sohrab,Sale,456
2015-05-01,2014-15,Sohrab,Prod,614
2015-05-01,2014-15,Sohrab,Sale,868
2015-06-01,2014-15,Sohrab,Prod,601
2015-06-01,2014-15,Sohrab,Sale,473
2015-07-01,2015-16,Sohrab,Prod,200
2015-07-01,2015-16,Sohrab,Sale,362
2015-08-01,2015-16,Sohrab,Prod,438
2015-08-01,2015-16,Sohrab,Sale,290
2015-09-01,2015-16,Sohrab,Prod,229
2015-09-01,2015-16,Sohrab,Sale,34
2015-10-01,2015-16,Sohrab,Prod,0
2015-10-01,2015-16,Sohrab,Sale,1
2015-11-01,2015-16,Sohrab,Prod,0
2015-11-01,2015-16,Sohrab,Sale,144
2015-12-01,2015-16,Sohrab,Prod,214
2015-12-01,2015-16,Sohrab,Sale,195
2016-01-01,2015-16,Sohrab,Prod,450
2016-01-01,2015-16,Sohrab,Sale,478
2016-02-01,2015-16,Sohrab,Prod,500
2016-02-01,2015-16,Sohrab,Sale,481
2016-03-01,2015-16,Sohrab,Prod,0
2016-03-01,2015-16,Sohrab,Sale,0
2016-04-01,2015-16,Sohrab,Prod,0
2016-04-01,2015-16,Sohrab,Sale,0
2016-05-01,2015-16,Sohrab,Prod,1
2016-05-01,2015-16,Sohrab,Sale,3
2016-06-01,2015-16,Sohrab,Prod,3
2016-06-01,2015-16,Sohrab,Sale,3
2016-07-01,2016-17,Sohrab,Prod,0
2016-07-01,2016-17,Sohrab,Sale,0
2016-08-01,2016-17,Sohrab,Prod,0
2016-08-01,2016-17,Sohrab,Sale,0
2016-09-01,2016-17,Sohrab,Prod,3
2016-09-01,2016-17,Sohrab,Sale,3
2016-10-01,2016-17,Sohrab,Prod,0
2016-10-01,2016-17,Sohrab,Sale,0
2016-11-01,2016-17,Sohrab,Prod,1
2016-11-01,2016-17,Sohrab,Sale,1
2016-12-01,2016-17,Sohrab,Prod,1
2016-12-01,2016-17,Sohrab,Sale,1
2017-01-01,2016-17,Sohrab,Prod,1
2017-01-01,2016-17,Sohrab,Sale,1
2017-02-01,2016-17,Sohrab,Prod,4
2017-02-01,2016-17,Sohrab,Sale,4
2017-03-01,2016-17,Sohrab,Prod,0
2017-03-01,2016-17,Sohrab,Sale,0
2017-04-01,2016-17,Sohrab,Prod,0
2017-04-01,2016-17,Sohrab,Sale,0
2017-05-01,2016-17,Sohrab,Prod,1
2017-05-01,2016-17,Sohrab,Sale,1
2017-06-01,2016-17,Sohrab,Prod,0
2017-06-01,2016-17,Sohrab,Sale,0
2017-07-01,2017-18,Sohrab,Prod,0
2017-07-01,2017-18,Sohrab,Sale,0
2017-08-01,2017-18,Sohrab,Prod,11
2017-08-01,2017-18,Sohrab,Sale,11
2017-09-01,2017-18,Sohrab,Prod,0
2017-09-01,2017-18,Sohrab,Sale,0
2017-10-01,2017-18,Sohrab,Prod,0
2017-10-01,2017-18,Sohrab,Sale,0
2017-11-01,2017-18,Sohrab,Prod,0
2017-11-01,2017-18,Sohrab,Sale,0
2017-12-01,2017-18,Sohrab,Prod,0
2017-12-01,2017-18,Sohrab,Sale,0
2018-01-01,2017-18,Sohrab,Prod,0
2018-01-01,2017-18,Sohrab,Sale,0
2018-02-01,2017-18,Sohrab,Prod,0
2018-02-01,2017-18,Sohrab,Sale,0
2018-03-01,2017-18,Sohrab,Prod,0
2018-03-01,2017-18,Sohrab,Sale,0
2018-04-01,2017-18,Sohrab,Prod,0
2018-04-01,2017-18,Sohrab,Sale,0
2018-05-01,2017-18,Sohrab,Prod,0
2018-05-01,2017-18,Sohrab,Sale,0
2018-06-01,2017-18,Sohrab,Prod,0
2018-06-01,2017-18,Sohrab,Sale,0
2007-07-01,2007-08,Sohrab Three-Wheeler,Prod,212
2007-07-01,2007-08,Sohrab Three-Wheeler,Sale,222
2007-08-01,2007-08,Sohrab Three-Wheeler,Prod,95
2007-08-01,2007-08,Sohrab Three-Wheeler,Sale,99
2007-09-01,2007-08,Sohrab Three-Wheeler,Prod,152
2007-09-01,2007-08,Sohrab Three-Wheeler,Sale,145
2007-10-01,2007-08,Sohrab Three-Wheeler,Prod,109
2007-10-01,2007-08,Sohrab Three-Wheeler,Sale,118
2007-11-01,2007-08,Sohrab Three-Wheeler,Prod,195
2007-11-01,2007-08,Sohrab Three-Wheeler,Sale,190
2007-12-01,2007-08,Sohrab Three-Wheeler,Prod,72
2007-12-01,2007-08,Sohrab Three-Wheeler,Sale,90
2008-01-01,2007-08,Sohrab Three-Wheeler,Prod,278
2008-01-01,2007-08,Sohrab Three-Wheeler,Sale,271
2008-02-01,2007-08,Sohrab Three-Wheeler,Prod,227
2008-02-01,2007-08,Sohrab Three-Wheeler,Sale,225
2008-03-01,2007-08,Sohrab Three-Wheeler,Prod,158
2008-03-01,2007-08,Sohrab Three-Wheeler,Sale,150
2008-04-01,2007-08,Sohrab Three-Wheeler,Prod,242
2008-04-01,2007-08,Sohrab Three-Wheeler,Sale,222
2008-05-01,2007-08,Sohrab Three-Wheeler,Prod,102
2008-05-01,2007-08,Sohrab Three-Wheeler,Sale,125
2008-06-01,2007-08,Sohrab Three-Wheeler,Prod,130
2008-06-01,2007-08,Sohrab Three-Wheeler,Sale,135
2008-07-01,2008-09,Sohrab Three-Wheeler,Prod,153
2008-07-01,2008-09,Sohrab Three-Wheeler,Sale,144
2008-08-01,2008-09,Sohrab Three-Wheeler,Prod,40
2008-08-01,2008-09,Sohrab Three-Wheeler,Sale,55
2008-09-01,2008-09,Sohrab Three-Wheeler,Prod,131
2008-09-01,2008-09,Sohrab Three-Wheeler,Sale,125
2008-10-01,2008-09,Sohrab Three-Wheeler,Prod,68
2008-10-01,2008-09,Sohrab Three-Wheeler,Sale,72
2008-11-01,2008-09,Sohrab Three-Wheeler,Prod,127
2008-11-01,2008-09,Sohrab Three-Wheeler,Sale,127
2008-12-01,2008-09,Sohrab Three-Wheeler,Prod,89
2008-12-01,2008-09,Sohrab Three-Wheeler,Sale,84
2009-01-01,2008-09,Sohrab Three-Wheeler,Prod,78
2009-01-01,2008-09,Sohrab Three-Wheeler,Sale,85
2009-02-01,2008-09,Sohrab Three-Wheeler,Prod,208
2009-02-01,2008-09,Sohrab Three-Wheeler,Sale,210
2009-03-01,2008-09,Sohrab Three-Wheeler,Prod,224
2009-03-01,2008-09,Sohrab Three-Wheeler,Sale,200
2009-04-01,2008-09,Sohrab Three-Wheeler,Prod,150
2009-04-01,2008-09,Sohrab Three-Wheeler,Sale,173
2009-05-01,2008-09,Sohrab Three-Wheeler,Prod,211
2009-05-01,2008-09,Sohrab Three-Wheeler,Sale,213
2009-06-01,2008-09,Sohrab Three-Wheeler,Prod,253
2009-06-01,2008-09,Sohrab Three-Wheeler,Sale,253
2009-07-01,2009-10,Sohrab Three-Wheeler,Prod,337
2009-07-01,2009-10,Sohrab Three-Wheeler,Sale,298
2009-08-01,2009-10,Sohrab Three-Wheeler,Prod,283
2009-08-01,2009-10,Sohrab Three-Wheeler,Sale,321
2009-09-01,2009-10,Sohrab Three-Wheeler,Prod,135
2009-09-01,2009-10,Sohrab Three-Wheeler,Sale,136
2009-10-01,2009-10,Sohrab Three-Wheeler,Prod,297
2009-10-01,2009-10,Sohrab Three-Wheeler,Sale,297
2009-11-01,2009-10,Sohrab Three-Wheeler,Prod,163
2009-11-01,2009-10,Sohrab Three-Wheeler,Sale,163
2009-12-01,2009-10,Sohrab Three-Wheeler,Prod,403
2009-12-01,2009-10,Sohrab Three-Wheeler,Sale,378
2010-01-01,2009-10,Sohrab Three-Wheeler,Prod,376
2010-01-01,2009-10,Sohrab Three-Wheeler,Sale,397
2010-02-01,2009-10,Sohrab Three-Wheeler,Prod,432
2010-02-01,2009-10,Sohrab Three-Wheeler,Sale,433
2010-03-01,2009-10,Sohrab Three-Wheeler,Prod,324
2010-03-01,2009-10,Sohrab Three-Wheeler,Sale,298
2010-04-01,2009-10,Sohrab Three-Wheeler,Prod,287
2010-04-01,2009-10,Sohrab Three-Wheeler,Sale,311
2010-05-01,2009-10,Sohrab Three-Wheeler,Prod,388
2010-05-01,2009-10,Sohrab Three-Wheeler,Sale,379
2010-06-01,2009-10,Sohrab Three-Wheeler,Prod,388
2010-06-01,2009-10,Sohrab Three-Wheeler,Sale,369
2010-07-01,2010-11,Sohrab Three-Wheeler,Prod,450
2010-07-01,2010-11,Sohrab Three-Wheeler,Sale,261
2010-08-01,2010-11,Sohrab Three-Wheeler,Prod,110
2010-08-01,2010-11,Sohrab Three-Wheeler,Sale,207
2010-09-01,2010-11,Sohrab Three-Wheeler,Prod,0
2010-09-01,2010-11,Sohrab Three-Wheeler,Sale,125
2010-10-01,2010-11,Sohrab Three-Wheeler,Prod,69
2010-10-01,2010-11,Sohrab Three-Wheeler,Sale,74
2010-11-01,2010-11,Sohrab Three-Wheeler,Prod,108
2010-11-01,2010-11,Sohrab Three-Wheeler,Sale,90
2010-12-01,2010-11,Sohrab Three-Wheeler,Prod,125
2010-12-01,2010-11,Sohrab Three-Wheeler,Sale,126
2011-01-01,2010-11,Sohrab Three-Wheeler,Prod,182
2011-01-01,2010-11,Sohrab Three-Wheeler,Sale,180
2011-02-01,2010-11,Sohrab Three-Wheeler,Prod,115
2011-02-01,2010-11,Sohrab Three-Wheeler,Sale,117
2011-03-01,2010-11,Sohrab Three-Wheeler,Prod,120
2011-03-01,2010-11,Sohrab Three-Wheeler,Sale,120
2011-04-01,2010-11,Sohrab Three-Wheeler,Prod,67
2011-04-01,2010-11,Sohrab Three-Wheeler,Sale,9
2011-05-01,2010-11,Sohrab Three-Wheeler,Prod,0
2011-05-01,2010-11,Sohrab Three-Wheeler,Sale,55
2011-06-01,2010-11,Sohrab Three-Wheeler,Prod,214
2011-06-01,2010-11,Sohrab Three-Wheeler,Sale,217
2011-07-01,2011-12,Sohrab Three-Wheeler,Prod,0
2011-07-01,2011-12,Sohrab Three-Wheeler,Sale,0
2011-08-01,2011-12,Sohrab Three-Wheeler,Prod,0
2011-08-01,2011-12,Sohrab Three-Wheeler,Sale,0
2011-09-01,2011-12,Sohrab Three-Wheeler,Prod,5
2011-09-01,2011-12,Sohrab Three-Wheeler,Sale,4
2011-10-01,2011-12,Sohrab Three-Wheeler,Prod,0
2011-10-01,2011-12,Sohrab Three-Wheeler,Sale,0
2011-11-01,2011-12,Sohrab Three-Wheeler,Prod,0
2011-11-01,2011-12,Sohrab Three-Wheeler,Sale,1
2011-12-01,2011-12,Sohrab Three-Wheeler,Prod,0
2011-12-01,2011-12,Sohrab Three-Wheeler,Sale,0
2012-01-01,2011-12,Sohrab Three-Wheeler,Prod,0
2012-01-01,2011-12,Sohrab Three-Wheeler,Sale,0
2012-02-01,2011-12,Sohrab Three-Wheeler,Prod,0
2012-02-01,2011-12,Sohrab Three-Wheeler,Sale,0
2012-03-01,2011-12,Sohrab Three-Wheeler,Prod,0
2012-03-01,2011-12,Sohrab Three-Wheeler,Sale,0
2012-04-01,2011-12,Sohrab Three-Wheeler,Prod,391
2012-04-01,2011-12,Sohrab Three-Wheeler,Sale,351
2012-05-01,2011-12,Sohrab Three-Wheeler,Prod,335
2012-05-01,2011-12,Sohrab Three-Wheeler,Sale,416
2012-06-01,2011-12,Sohrab Three-Wheeler,Prod,332
2012-06-01,2011-12,Sohrab Three-Wheeler,Sale,403
2012-07-01,2012-13,Sohrab Three-Wheeler,Prod,536
2012-07-01,2012-13,Sohrab Three-Wheeler,Sale,421
2012-08-01,2012-13,Sohrab Three-Wheeler,Prod,300
2012-08-01,2012-13,Sohrab Three-Wheeler,Sale,308
2012-09-01,2012-13,Sohrab Three-Wheeler,Prod,287
2012-09-01,2012-13,Sohrab Three-Wheeler,Sale,297
2012-10-01,2012-13,Sohrab Three-Wheeler,Prod,573
2012-10-01,2012-13,Sohrab Three-Wheeler,Sale,394
2012-11-01,2012-13,Sohrab Three-Wheeler,Prod,52
2012-11-01,2012-13,Sohrab Three-Wheeler,Sale,329
2012-12-01,2012-13,Sohrab Three-Wheeler,Prod,556
2012-12-01,2012-13,Sohrab Three-Wheeler,Sale,518
2013-01-01,2012-13,Sohrab Three-Wheeler,Prod,477
2013-01-01,2012-13,Sohrab Three-Wheeler,Sale,466
2013-02-01,2012-13,Sohrab Three-Wheeler,Prod,0
2013-02-01,2012-13,Sohrab Three-Wheeler,Sale,0
2013-03-01,2012-13,Sohrab Three-Wheeler,Prod,0
2013-03-01,2012-13,Sohrab Three-Wheeler,Sale,0
2013-04-01,2012-13,Sohrab Three-Wheeler,Prod,0
2013-04-01,2012-13,Sohrab Three-Wheeler,Sale,0
2013-05-01,2012-13,Sohrab Three-Wheeler,Prod,0
2013-05-01,2012-13,Sohrab Three-Wheeler,Sale,0
2013-06-01,2012-13,Sohrab Three-Wheeler,Prod,0
2013-06-01,2012-13,Sohrab Three-Wheeler,Sale,0
2013-07-01,2013-14,Sohrab Three-Wheeler,Prod,0
2013-07-01,2013-14,Sohrab Three-Wheeler,Sale,0
2013-08-01,2013-14,Sohrab Three-Wheeler,Prod,0
2013-08-01,2013-14,Sohrab Three-Wheeler,Sale,0
2013-09-01,2013-14,Sohrab Three-Wheeler,Prod,0
2013-09-01,2013-14,Sohrab Three-Wheeler,Sale,0
2013-10-01,2013-14,Sohrab Three-Wheeler,Prod,0
2013-10-01,2013-14,Sohrab Three-Wheeler,Sale,0
2013-11-01,2013-14,Sohrab Three-Wheeler,Prod,0
2013-11-01,2013-14,Sohrab Three-Wheeler,Sale,0
2013-12-01,2013-14,Sohrab Three-Wheeler,Prod,0
2013-12-01,2013-14,Sohrab Three-Wheeler,Sale,0
2014-01-01,2013-14,Sohrab Three-Wheeler,Prod,0
2014-01-01,2013-14,Sohrab Three-Wheeler,Sale,0
2014-02-01,2013-14,Sohrab Three-Wheeler,Prod,0
2014-02-01,2013-14,Sohrab Three-Wheeler,Sale,0
2014-03-01,2013-14,Sohrab Three-Wheeler,Prod,0
2014-03-01,2013-14,Sohrab Three-Wheeler,Sale,0
2014-04-01,2013-14,Sohrab Three-Wheeler,Prod,0
2014-04-01,2013-14,Sohrab Three-Wheeler,Sale,0
2014-05-01,2013-14,Sohrab Three-Wheeler,Prod,0
2014-05-01,2013-14,Sohrab Three-Wheeler,Sale,0
2014-06-01,2013-14,Sohrab Three-Wheeler,Prod,900
2014-06-01,2013-14,Sohrab Three-Wheeler,Sale,900
2014-07-01,2014-15,Sohrab Three-Wheeler,Prod,0
2014-07-01,2014-15,Sohrab Three-Wheeler,Sale,0
2014-08-01,2014-15,Sohrab Three-Wheeler,Prod,0
2014-08-01,2014-15,Sohrab Three-Wheeler,Sale,0
2014-09-01,2014-15,Sohrab Three-Wheeler,Prod,0
2014-09-01,2014-15,Sohrab Three-Wheeler,Sale,0
2014-10-01,2014-15,Sohrab Three-Wheeler,Prod,0
2014-10-01,2014-15,Sohrab Three-Wheeler,Sale,0
2014-11-01,2014-15,Sohrab Three-Wheeler,Prod,0
2014-11-01,2014-15,Sohrab Three-Wheeler,Sale,0
2014-12-01,2014-15,Sohrab Three-Wheeler,Prod,0
2014-12-01,2014-15,Sohrab Three-Wheeler,Sale,0
2015-01-01,2014-15,Sohrab Three-Wheeler,Prod,0
2015-01-01,2014-15,Sohrab Three-Wheeler,Sale,0
2015-02-01,2014-15,Sohrab Three-Wheeler,Prod,0
2015-02-01,2014-15,Sohrab Three-Wheeler,Sale,0
2015-03-01,2014-15,Sohrab Three-Wheeler,Prod,0
2015-03-01,2014-15,Sohrab Three-Wheeler,Sale,0
2015-04-01,2014-15,Sohrab Three-Wheeler,Prod,0
2015-04-01,2014-15,Sohrab Three-Wheeler,Sale,0
2015-05-01,2014-15,Sohrab Three-Wheeler,Prod,0
2015-05-01,2014-15,Sohrab Three-Wheeler,Sale,0
2015-06-01,2014-15,Sohrab Three-Wheeler,Prod,0
2015-06-01,2014-15,Sohrab Three-Wheeler,Sale,0
2015-07-01,2015-16,Sohrab Three-Wheeler,Prod,0
2015-07-01,2015-16,Sohrab Three-Wheeler,Sale,0
2015-08-01,2015-16,Sohrab Three-Wheeler,Prod,0
2015-08-01,2015-16,Sohrab Three-Wheeler,Sale,0
2015-09-01,2015-16,Sohrab Three-Wheeler,Prod,0
2015-09-01,2015-16,Sohrab Three-Wheeler,Sale,0
2015-10-01,2015-16,Sohrab Three-Wheeler,Prod,0
2015-10-01,2015-16,Sohrab Three-Wheeler,Sale,46
2015-11-01,2015-16,Sohrab Three-Wheeler,Prod,0
2015-11-01,2015-16,Sohrab Three-Wheeler,Sale,0
2015-12-01,2015-16,Sohrab Three-Wheeler,Prod,0
2015-12-01,2015-16,Sohrab Three-Wheeler,Sale,0
2016-01-01,2015-16,Sohrab Three-Wheeler,Prod,0
2016-01-01,2015-16,Sohrab Three-Wheeler,Sale,0
2016-02-01,2015-16,Sohrab Three-Wheeler,Prod,0
2016-02-01,2015-16,Sohrab Three-Wheeler,Sale,0
2016-03-01,2015-16,Sohrab Three-Wheeler,Prod,249
2016-03-01,2015-16,Sohrab Three-Wheeler,Sale,0
2016-04-01,2015-16,Sohrab Three-Wheeler,Prod,300
2016-04-01,2015-16,Sohrab Three-Wheeler,Sale,229
2016-05-01,2015-16,Sohrab Three-Wheeler,Prod,609
2016-05-01,2015-16,Sohrab Three-Wheeler,Sale,569
2016-06-01,2015-16,Sohrab Three-Wheeler,Prod,326
2016-06-01,2015-16,Sohrab Three-Wheeler,Sale,440
2016-07-01,2016-17,Sohrab Three-Wheeler,Prod,401
2016-07-01,2016-17,Sohrab Three-Wheeler,Sale,330
2016-08-01,2016-17,Sohrab Three-Wheeler,Prod,601
2016-08-01,2016-17,Sohrab Three-Wheeler,Sale,500
2016-09-01,2016-17,Sohrab Three-Wheeler,Prod,359
2016-09-01,2016-17,Sohrab Three-Wheeler,Sale,359
2016-10-01,2016-17,Sohrab Three-Wheeler,Prod,690
2016-10-01,2016-17,Sohrab Three-Wheeler,Sale,700
2016-11-01,2016-17,Sohrab Three-Wheeler,Prod,0
2016-11-01,2016-17,Sohrab Three-Wheeler,Sale,0
2016-12-01,2016-17,Sohrab Three-Wheeler,Prod,811
2016-12-01,2016-17,Sohrab Three-Wheeler,Sale,641
2017-01-01,2016-17,Sohrab Three-Wheeler,Prod,710
2017-01-01,2016-17,Sohrab Three-Wheeler,Sale,710
2017-02-01,2016-17,Sohrab Three-Wheeler,Prod,776
2017-02-01,2016-17,Sohrab Three-Wheeler,Sale,776
2017-03-01,2016-17,Sohrab Three-Wheeler,Prod,310
2017-03-01,2016-17,Sohrab Three-Wheeler,Sale,148
2017-04-01,2016-17,Sohrab Three-Wheeler,Prod,342
2017-04-01,2016-17,Sohrab Three-Wheeler,Sale,342
2017-05-01,2016-17,Sohrab Three-Wheeler,Prod,605
2017-05-01,2016-17,Sohrab Three-Wheeler,Sale,376
2017-06-01,2016-17,Sohrab Three-Wheeler,Prod,995
2017-06-01,2016-17,Sohrab Three-Wheeler,Sale,995
2017-07-01,2017-18,Sohrab Three-Wheeler,Prod,343
2017-07-01,2017-18,Sohrab Three-Wheeler,Sale,343
2017-08-01,2017-18,Sohrab Three-Wheeler,Prod,597
2017-08-01,2017-18,Sohrab Three-Wheeler,Sale,597
2017-09-01,2017-18,Sohrab Three-Wheeler,Prod,536
2017-09-01,2017-18,Sohrab Three-Wheeler,Sale,536
2017-10-01,2017-18,Sohrab Three-Wheeler,Prod,0
2017-10-01,2017-18,Sohrab Three-Wheeler,Sale,0
2017-11-01,2017-18,Sohrab Three-Wheeler,Prod,0
2017-11-01,2017-18,Sohrab Three-Wheeler,Sale,0
2017-12-01,2017-18,Sohrab Three-Wheeler,Prod,0
2017-12-01,2017-18,Sohrab Three-Wheeler,Sale,0
2018-01-01,2017-18,Sohrab Three-Wheeler,Prod,0
2018-01-01,2017-18,Sohrab Three-Wheeler,Sale,0
2018-02-01,2017-18,Sohrab Three-Wheeler,Prod,0
2018-02-01,2017-18,Sohrab Three-Wheeler,Sale,0
2018-03-01,2017-18,Sohrab Three-Wheeler,Prod,0
2018-03-01,2017-18,Sohrab Three-Wheeler,Sale,0
2018-04-01,2017-18,Sohrab Three-Wheeler,Prod,0
2018-04-01,2017-18,Sohrab Three-Wheeler,Sale,0
2018-05-01,2017-18,Sohrab Three-Wheeler,Prod,0
2018-05-01,2017-18,Sohrab Three-Wheeler,Sale,0
2018-06-01,2017-18,Sohrab Three-Wheeler,Prod,0
2018-06-01,2017-18,Sohrab Three-Wheeler,Sale,0
2007-07-01,2007-08,Suzuki,Prod,2672
2007-07-01,2007-08,Suzuki,Sale,2118
2007-08-01,2007-08,Suzuki,Prod,2649
2007-08-01,2007-08,Suzuki,Sale,2654
2007-09-01,2007-08,Suzuki,Prod,2170
2007-09-01,2007-08,Suzuki,Sale,2570
2007-10-01,2007-08,Suzuki,Prod,2800
2007-10-01,2007-08,Suzuki,Sale,2414
2007-11-01,2007-08,Suzuki,Prod,2800
2007-11-01,2007-08,Suzuki,Sale,2652
2007-12-01,2007-08,Suzuki,Prod,2144
2007-12-01,2007-08,Suzuki,Sale,2236
2008-01-01,2007-08,Suzuki,Prod,2427
2008-01-01,2007-08,Suzuki,Sale,2767
2008-02-01,2007-08,Suzuki,Prod,2730
2008-02-01,2007-08,Suzuki,Sale,2605
2008-03-01,2007-08,Suzuki,Prod,3320
2008-03-01,2007-08,Suzuki,Sale,3168
2008-04-01,2007-08,Suzuki,Prod,3800
2008-04-01,2007-08,Suzuki,Sale,3173
2008-05-01,2007-08,Suzuki,Prod,3237
2008-05-01,2007-08,Suzuki,Sale,4416
2008-06-01,2007-08,Suzuki,Prod,3031
2008-06-01,2007-08,Suzuki,Sale,2628
2008-07-01,2008-09,Suzuki,Prod,1600
2008-07-01,2008-09,Suzuki,Sale,1570
2008-08-01,2008-09,Suzuki,Prod,1756
2008-08-01,2008-09,Suzuki,Sale,1662
2008-09-01,2008-09,Suzuki,Prod,1379
2008-09-01,2008-09,Suzuki,Sale,1544
2008-10-01,2008-09,Suzuki,Prod,1664
2008-10-01,2008-09,Suzuki,Sale,1560
2008-11-01,2008-09,Suzuki,Prod,1223
2008-11-01,2008-09,Suzuki,Sale,1135
2008-12-01,2008-09,Suzuki,Prod,525
2008-12-01,2008-09,Suzuki,Sale,789
2009-01-01,2008-09,Suzuki,Prod,800
2009-01-01,2008-09,Suzuki,Sale,1259
2009-02-01,2008-09,Suzuki,Prod,780
2009-02-01,2008-09,Suzuki,Sale,980
2009-03-01,2008-09,Suzuki,Prod,1081
2009-03-01,2008-09,Suzuki,Sale,1110
2009-04-01,2008-09,Suzuki,Prod,1250
2009-04-01,2008-09,Suzuki,Sale,1042
2009-05-01,2008-09,Suzuki,Prod,1199
2009-05-01,2008-09,Suzuki,Sale,1195
2009-06-01,2008-09,Suzuki,Prod,1335
2009-06-01,2008-09,Suzuki,Sale,1480
2009-07-01,2009-10,Suzuki,Prod,1323
2009-07-01,2009-10,Suzuki,Sale,1349
2009-08-01,2009-10,Suzuki,Prod,1376
2009-08-01,2009-10,Suzuki,Sale,1260
2009-09-01,2009-10,Suzuki,Prod,1260
2009-09-01,2009-10,Suzuki,Sale,1191
2009-10-01,2009-10,Suzuki,Prod,1419
2009-10-01,2009-10,Suzuki,Sale,1266
2009-11-01,2009-10,Suzuki,Prod,1561
2009-11-01,2009-10,Suzuki,Sale,1206
2009-12-01,2009-10,Suzuki,Prod,1146
2009-12-01,2009-10,Suzuki,Sale,1280
2010-01-01,2009-10,Suzuki,Prod,1515
2010-01-01,2009-10,Suzuki,Sale,1444
2010-02-01,2009-10,Suzuki,Prod,1281
2010-02-01,2009-10,Suzuki,Sale,1517
2010-03-01,2009-10,Suzuki,Prod,1619
2010-03-01,2009-10,Suzuki,Sale,1647
2010-04-01,2009-10,Suzuki,Prod,1975
2010-04-01,2009-10,Suzuki,Sale,1878
2010-05-01,2009-10,Suzuki,Prod,1990
2010-05-01,2009-10,Suzuki,Sale,1725
2010-06-01,2009-10,Suzuki,Prod,2085
2010-06-01,2009-10,Suzuki,Sale,1674
2010-07-01,2010-11,Suzuki,Prod,1973
2010-07-01,2010-11,Suzuki,Sale,1561
2010-08-01,2010-11,Suzuki,Prod,1537
2010-08-01,2010-11,Suzuki,Sale,1394
2010-09-01,2010-11,Suzuki,Prod,1345
2010-09-01,2010-11,Suzuki,Sale,1623
2010-10-01,2010-11,Suzuki,Prod,1584
2010-10-01,2010-11,Suzuki,Sale,1724
2010-11-01,2010-11,Suzuki,Prod,1315
2010-11-01,2010-11,Suzuki,Sale,1266
2010-12-01,2010-11,Suzuki,Prod,1399
2010-12-01,2010-11,Suzuki,Sale,1560
2011-01-01,2010-11,Suzuki,Prod,1775
2011-01-01,2010-11,Suzuki,Sale,1910
2011-02-01,2010-11,Suzuki,Prod,2115
2011-02-01,2010-11,Suzuki,Sale,2065
2011-03-01,2010-11,Suzuki,Prod,2057
2011-03-01,2010-11,Suzuki,Sale,2045
2011-04-01,2010-11,Suzuki,Prod,1822
2011-04-01,2010-11,Suzuki,Sale,1738
2011-05-01,2010-11,Suzuki,Prod,2147
2011-05-01,2010-11,Suzuki,Sale,1850
2011-06-01,2010-11,Suzuki,Prod,1190
2011-06-01,2010-11,Suzuki,Sale,949
2011-07-01,2011-12,Suzuki,Prod,510
2011-07-01,2011-12,Suzuki,Sale,2105
2011-08-01,2011-12,Suzuki,Prod,1594
2011-08-01,2011-12,Suzuki,Sale,1617
2011-09-01,2011-12,Suzuki,Prod,1785
2011-09-01,2011-12,Suzuki,Sale,1784
2011-10-01,2011-12,Suzuki,Prod,2242
2011-10-01,2011-12,Suzuki,Sale,1808
2011-11-01,2011-12,Suzuki,Prod,1485
2011-11-01,2011-12,Suzuki,Sale,1521
2011-12-01,2011-12,Suzuki,Prod,1401
2011-12-01,2011-12,Suzuki,Sale,1762
2012-01-01,2011-12,Suzuki,Prod,1760
2012-01-01,2011-12,Suzuki,Sale,1802
2012-02-01,2011-12,Suzuki,Prod,2306
2012-02-01,2011-12,Suzuki,Sale,2005
2012-03-01,2011-12,Suzuki,Prod,2056
2012-03-01,2011-12,Suzuki,Sale,2030
2012-04-01,2011-12,Suzuki,Prod,2209
2012-04-01,2011-12,Suzuki,Sale,1644
2012-05-01,2011-12,Suzuki,Prod,2168
2012-05-01,2011-12,Suzuki,Sale,2222
2012-06-01,2011-12,Suzuki,Prod,1873
2012-06-01,2011-12,Suzuki,Sale,2394
2012-07-01,2012-13,Suzuki,Prod,1915
2012-07-01,2012-13,Suzuki,Sale,1293
2012-08-01,2012-13,Suzuki,Prod,1579
2012-08-01,2012-13,Suzuki,Sale,1516
2012-09-01,2012-13,Suzuki,Prod,1573
2012-09-01,2012-13,Suzuki,Sale,1337
2012-10-01,2012-13,Suzuki,Prod,1683
2012-10-01,2012-13,Suzuki,Sale,1203
2012-11-01,2012-13,Suzuki,Prod,1170
2012-11-01,2012-13,Suzuki,Sale,1330
2012-12-01,2012-13,Suzuki,Prod,1008
2012-12-01,2012-13,Suzuki,Sale,1522
2013-01-01,2012-13,Suzuki,Prod,1381
2013-01-01,2012-13,Suzuki,Sale,1600
2013-02-01,2012-13,Suzuki,Prod,1692
2013-02-01,2012-13,Suzuki,Sale,1735
2013-03-01,2012-13,Suzuki,Prod,2216
2013-03-01,2012-13,Suzuki,Sale,2017
2013-04-01,2012-13,Suzuki,Prod,1721
2013-04-01,2012-13,Suzuki,Sale,2009
2013-05-01,2012-13,Suzuki,Prod,2180
2013-05-01,2012-13,Suzuki,Sale,1878
2013-06-01,2012-13,Suzuki,Prod,2060
2013-06-01,2012-13,Suzuki,Sale,2072
2013-07-01,2013-14,Suzuki,Prod,1726
2013-07-01,2013-14,Suzuki,Sale,1904
2013-08-01,2013-14,Suzuki,Prod,1743
2013-08-01,2013-14,Suzuki,Sale,1990
2013-09-01,2013-14,Suzuki,Prod,1876
2013-09-01,2013-14,Suzuki,Sale,2091
2013-10-01,2013-14,Suzuki,Prod,1944
2013-10-01,2013-14,Suzuki,Sale,1965
2013-11-01,2013-14,Suzuki,Prod,2000
2013-11-01,2013-14,Suzuki,Sale,2021
2013-12-01,2013-14,Suzuki,Prod,2271
2013-12-01,2013-14,Suzuki,Sale,1767
2014-01-01,2013-14,Suzuki,Prod,2233
2014-01-01,2013-14,Suzuki,Sale,2114
2014-02-01,2013-14,Suzuki,Prod,2065
2014-02-01,2013-14,Suzuki,Sale,2106
2014-03-01,2013-14,Suzuki,Prod,2340
2014-03-01,2013-14,Suzuki,Sale,2112
2014-04-01,2013-14,Suzuki,Prod,2365
2014-04-01,2013-14,Suzuki,Sale,2106
2014-05-01,2013-14,Suzuki,Prod,1864
2014-05-01,2013-14,Suzuki,Sale,2015
2014-06-01,2013-14,Suzuki,Prod,2074
2014-06-01,2013-14,Suzuki,Sale,2165
2014-07-01,2014-15,Suzuki,Prod,1380
2014-07-01,2014-15,Suzuki,Sale,1833
2014-08-01,2014-15,Suzuki,Prod,2095
2014-08-01,2014-15,Suzuki,Sale,2061
2014-09-01,2014-15,Suzuki,Prod,2245
2014-09-01,2014-15,Suzuki,Sale,2020
2014-10-01,2014-15,Suzuki,Prod,2124
2014-10-01,2014-15,Suzuki,Sale,1540
2014-11-01,2014-15,Suzuki,Prod,1565
2014-11-01,2014-15,Suzuki,Sale,1811
2014-12-01,2014-15,Suzuki,Prod,1520
2014-12-01,2014-15,Suzuki,Sale,1502
2015-01-01,2014-15,Suzuki,Prod,2287
2015-01-01,2014-15,Suzuki,Sale,1880
2015-02-01,2014-15,Suzuki,Prod,1633
2015-02-01,2014-15,Suzuki,Sale,2014
2015-03-01,2014-15,Suzuki,Prod,1504
2015-03-01,2014-15,Suzuki,Sale,2007
2015-04-01,2014-15,Suzuki,Prod,1769
2015-04-01,2014-15,Suzuki,Sale,2075
2015-05-01,2014-15,Suzuki,Prod,1966
2015-05-01,2014-15,Suzuki,Sale,2069
2015-06-01,2014-15,Suzuki,Prod,2006
2015-06-01,2014-15,Suzuki,Sale,1891
2015-07-01,2015-16,Suzuki,Prod,1898
2015-07-01,2015-16,Suzuki,Sale,1588
2015-08-01,2015-16,Suzuki,Prod,2021
2015-08-01,2015-16,Suzuki,Sale,1533
2015-09-01,2015-16,Suzuki,Prod,1456
2015-09-01,2015-16,Suzuki,Sale,1142
2015-10-01,2015-16,Suzuki,Prod,890
2015-10-01,2015-16,Suzuki,Sale,1371
2015-11-01,2015-16,Suzuki,Prod,958
2015-11-01,2015-16,Suzuki,Sale,1446
2015-12-01,2015-16,Suzuki,Prod,1184
2015-12-01,2015-16,Suzuki,Sale,1553
2016-01-01,2015-16,Suzuki,Prod,1724
2016-01-01,2015-16,Suzuki,Sale,1576
2016-02-01,2015-16,Suzuki,Prod,1071
2016-02-01,2015-16,Suzuki,Sale,1461
2016-03-01,2015-16,Suzuki,Prod,1654
2016-03-01,2015-16,Suzuki,Sale,1449
2016-04-01,2015-16,Suzuki,Prod,1246
2016-04-01,2015-16,Suzuki,Sale,1444
2016-05-01,2015-16,Suzuki,Prod,1447
2016-05-01,2015-16,Suzuki,Sale,1536
2016-06-01,2015-16,Suzuki,Prod,1283
2016-06-01,2015-16,Suzuki,Sale,1357
2016-07-01,2016-17,Suzuki,Prod,1577
2016-07-01,2016-17,Suzuki,Sale,1423
2016-08-01,2016-17,Suzuki,Prod,1560
2016-08-01,2016-17,Suzuki,Sale,1402
2016-09-01,2016-17,Suzuki,Prod,1703
2016-09-01,2016-17,Suzuki,Sale,1498
2016-10-01,2016-17,Suzuki,Prod,1747
2016-10-01,2016-17,Suzuki,Sale,1497
2016-11-01,2016-17,Suzuki,Prod,1705
2016-11-01,2016-17,Suzuki,Sale,1350
2016-12-01,2016-17,Suzuki,Prod,1660
2016-12-01,2016-17,Suzuki,Sale,1905
2017-01-01,2016-17,Suzuki,Prod,1430
2017-01-01,2016-17,Suzuki,Sale,1269
2017-02-01,2016-17,Suzuki,Prod,1634
2017-02-01,2016-17,Suzuki,Sale,1693
2017-03-01,2016-17,Suzuki,Prod,1696
2017-03-01,2016-17,Suzuki,Sale,1562
2017-04-01,2016-17,Suzuki,Prod,1425
2017-04-01,2016-17,Suzuki,Sale,1641
2017-05-01,2016-17,Suzuki,Prod,1701
2017-05-01,2016-17,Suzuki,Sale,1485
2017-06-01,2016-17,Suzuki,Prod,1194
2017-06-01,2016-17,Suzuki,Sale,1753
2017-07-01,2017-18,Suzuki,Prod,1660
2017-07-01,2017-18,Suzuki,Sale,1545
2017-08-01,2017-18,Suzuki,Prod,1828
2017-08-01,2017-18,Suzuki,Sale,1733
2017-09-01,2017-18,Suzuki,Prod,1708
2017-09-01,2017-18,Suzuki,Sale,1736
2017-10-01,2017-18,Suzuki,Prod,1907
2017-10-01,2017-18,Suzuki,Sale,1761
2017-11-01,2017-18,Suzuki,Prod,1625
2017-11-01,2017-18,Suzuki,Sale,1753
2017-12-01,2017-18,Suzuki,Prod,1794
2017-12-01,2017-18,Suzuki,Sale,1914
2018-01-01,2017-18,Suzuki,Prod,2197
2018-01-01,2017-18,Suzuki,Sale,1510
2018-02-01,2017-18,Suzuki,Prod,1736
2018-02-01,2017-18,Suzuki,Sale,2055
2018-03-01,2017-18,Suzuki,Prod,2025
2018-03-01,2017-18,Suzuki,Sale,1964
2018-04-01,2017-18,Suzuki,Prod,1981
2018-04-01,2017-18,Suzuki,Sale,1840
2018-05-01,2017-18,Suzuki,Prod,1706
2018-05-01,2017-18,Suzuki,Sale,1846
2018-06-01,2017-18,Suzuki,Prod,1497
2018-06-01,2017-18,Suzuki,Sale,2067
2018-07-01,2018-19,Suzuki,Prod,2120
2018-07-01,2018-19,Suzuki,Sale,1901
2018-08-01,2018-19,Suzuki,Prod,1756
2018-08-01,2018-19,Suzuki,Sale,1837
2018-09-01,2018-19,Suzuki,Prod,1986
2018-09-01,2018-19,Suzuki,Sale,1922
2018-10-01,2018-19,Suzuki,Prod,2310
2018-10-01,2018-19,Suzuki,Sale,2305
2018-11-01,2018-19,Suzuki,Prod,1950
2018-11-01,2018-19,Suzuki,Sale,1849
2018-12-01,2018-19,Suzuki,Prod,1733
2018-12-01,2018-19,Suzuki,Sale,2050
2019-01-01,2018-19,Suzuki,Prod,2171
2019-01-01,2018-19,Suzuki,Sale,1874
2019-02-01,2018-19,Suzuki,Prod,1731
2019-02-01,2018-19,Suzuki,Sale,1951
2019-03-01,2018-19,Suzuki,Prod,2211
2019-03-01,2018-19,Suzuki,Sale,2184
2019-04-01,2018-19,Suzuki,Prod,2201
2019-04-01,2018-19,Suzuki,Sale,1796
2019-05-01,2018-19,Suzuki,Prod,1666
2019-05-01,2018-19,Suzuki,Sale,1880
2019-06-01,2018-19,Suzuki,Prod,1805
2019-06-01,2018-19,Suzuki,Sale,1803
2019-07-01,2019-20,Suzuki,Prod,2124
2019-07-01,2019-20,Suzuki,Sale,1614
2019-08-01,2019-20,Suzuki,Prod,1549
2019-08-01,2019-20,Suzuki,Sale,1548
2019-09-01,2019-20,Suzuki,Prod,1390
2019-09-01,2019-20,Suzuki,Sale,1856
2019-10-01,2019-20,Suzuki,Prod,1956
2019-10-01,2019-20,Suzuki,Sale,1899
2019-11-01,2019-20,Suzuki,Prod,1858
2019-11-01,2019-20,Suzuki,Sale,2050
2019-12-01,2019-20,Suzuki,Prod,2075
2019-12-01,2019-20,Suzuki,Sale,1898
2020-01-01,2019-20,Suzuki,Prod,2310
2020-01-01,2019-20,Suzuki,Sale,1876
2020-02-01,2019-20,Suzuki,Prod,1890
2020-02-01,2019-20,Suzuki,Sale,1799
2020-03-01,2019-20,Suzuki,Prod,1047
2020-03-01,2019-20,Suzuki,Sale,1097
2020-04-01,2019-20,Suzuki,Prod,0
2020-04-01,2019-20,Suzuki,Sale,0
2020-05-01,2019-20,Suzuki,Prod,0
2020-05-01,2019-20,Suzuki,Sale,508
2020-06-01,2019-20,Suzuki,Prod,630
2020-06-01,2019-20,Suzuki,Sale,1156
2020-07-01,2020-21,Suzuki,Prod,1288
2020-07-01,2020-21,Suzuki,Sale,1282
2020-08-01,2020-21,Suzuki,Prod,1379
2020-08-01,2020-21,Suzuki,Sale,1448
2020-09-01,2020-21,Suzuki,Prod,1833
2020-09-01,2020-21,Suzuki,Sale,1853
2020-10-01,2020-21,Suzuki,Prod,1792
2020-10-01,2020-21,Suzuki,Sale,2045
2020-11-01,2020-21,Suzuki,Prod,2079
2020-11-01,2020-21,Suzuki,Sale,2091
2020-12-01,2020-21,Suzuki,Prod,2282
2020-12-01,2020-21,Suzuki,Sale,1855
2021-01-01,2020-21,Suzuki,Prod,2220
2021-01-01,2020-21,Suzuki,Sale,2108
2021-02-01,2020-21,Suzuki,Prod,1979
2021-02-01,2020-21,Suzuki,Sale,2272
2021-03-01,2020-21,Suzuki,Prod,2727
2021-03-01,2020-21,Suzuki,Sale,2409
2021-04-01,2020-21,Suzuki,Prod,2343
2021-04-01,2020-21,Suzuki,Sale,2610
2021-05-01,2020-21,Suzuki,Prod,1799
2021-05-01,2020-21,Suzuki,Sale,2112
2021-06-01,2020-21,Suzuki,Prod,3120
2021-06-01,2020-21,Suzuki,Sale,2766
2021-07-01,2021-22,Suzuki,Prod,2965
2021-07-01,2021-22,Suzuki,Sale,2715
2021-08-01,2021-22,Suzuki,Prod,2939
2021-08-01,2021-22,Suzuki,Sale,2988
2021-09-01,2021-22,Suzuki,Prod,3249
2021-09-01,2021-22,Suzuki,Sale,2878
2021-10-01,2021-22,Suzuki,Prod,2666
2021-10-01,2021-22,Suzuki,Sale,3080
2021-11-01,2021-22,Suzuki,Prod,2888
2021-11-01,2021-22,Suzuki,Sale,3254
2021-12-01,2021-22,Suzuki,Prod,3248
2021-12-01,2021-22,Suzuki,Sale,3115
2022-01-01,2021-22,Suzuki,Prod,3239
2022-01-01,2021-22,Suzuki,Sale,3210
2022-02-01,2021-22,Suzuki,Prod,3419
2022-02-01,2021-22,Suzuki,Sale,3275
2022-03-01,2021-22,Suzuki,Prod,3837
2022-03-01,2021-22,Suzuki,Sale,3178
2022-04-01,2021-22,Suzuki,Prod,2638
2022-04-01,2021-22,Suzuki,Sale,3305
2022-05-01,2021-22,Suzuki,Prod,3334
2022-05-01,2021-22,Suzuki,Sale,3580
2022-06-01,2021-22,Suzuki,Prod,3921
2022-06-01,2021-22,Suzuki,Sale,3268
2022-07-01,2022-23,Suzuki,Prod,3279
2022-07-01,2022-23,Suzuki,Sale,3512
2022-08-01,2022-23,Suzuki,Prod,3652
2022-08-01,2022-23,Suzuki,Sale,3455
2022-09-01,2022-23,Suzuki,Prod,3810
2022-09-01,2022-23,Suzuki,Sale,3040
2022-10-01,2022-23,Suzuki,Prod,3741
2022-10-01,2022-23,Suzuki,Sale,3525
2022-11-01,2022-23,Suzuki,Prod,3752
2022-11-01,2022-23,Suzuki,Sale,3918
2022-12-01,2022-23,Suzuki,Prod,3755
2022-12-01,2022-23,Suzuki,Sale,3312
2023-01-01,2022-23,Suzuki,Prod,2771
2023-01-01,2022-23,Suzuki,Sale,2223
2023-02-01,2022-23,Suzuki,Prod,3032
2023-02-01,2022-23,Suzuki,Sale,1996
2023-03-01,2022-23,Suzuki,Prod,1639
2023-03-01,2022-23,Suzuki,Sale,1954
2023-04-01,2022-23,Suzuki,Prod,13
2023-04-01,2022-23,Suzuki,Sale,1156
2023-05-01,2022-23,Suzuki,Prod,1372
2023-05-01,2022-23,Suzuki,Sale,820
2023-06-01,2022-23,Suzuki,Prod,219
2023-06-01,2022-23,Suzuki,Sale,363
2023-07-01,2023-24,Suzuki,Prod,693
2023-07-01,2023-24,Suzuki,Sale,957
2023-08-01,2023-24,Suzuki,Prod,213
2023-08-01,2023-24,Suzuki,Sale,1722
2023-09-01,2023-24,Suzuki,Prod,677
2023-09-01,2023-24,Suzuki,Sale,1096
2023-10-01,2023-24,Suzuki,Prod,2029
2023-10-01,2023-24,Suzuki,Sale,1220
2023-11-01,2023-24,Suzuki,Prod,1924
2023-11-01,2023-24,Suzuki,Sale,1028
2023-12-01,2023-24,Suzuki,Prod,1372
2023-12-01,2023-24,Suzuki,Sale,1363
2024-01-01,2023-24,Suzuki,Prod,1470
2024-01-01,2023-24,Suzuki,Sale,1484
2024-02-01,2023-24,Suzuki,Prod,1268
2024-02-01,2023-24,Suzuki,Sale,1446
2024-03-01,2023-24,Suzuki,Prod,1271
2024-03-01,2023-24,Suzuki,Sale,1610
2024-04-01,2023-24,Suzuki,Prod,1397
2024-04-01,2023-24,Suzuki,Sale,1684
2024-05-01,2023-24,Suzuki,Prod,1807
2024-05-01,2023-24,Suzuki,Sale,1696
2024-06-01,2023-24,Suzuki,Prod,1440
2024-06-01,2023-24,Suzuki,Sale,1570
2024-07-01,2024-25,Suzuki,Prod,1760
2024-07-01,2024-25,Suzuki,Sale,1643
2024-08-01,2024-25,Suzuki,Prod,1682
2024-08-01,2024-25,Suzuki,Sale,1906
2024-09-01,2024-25,Suzuki,Prod,1754
2024-09-01,2024-25,Suzuki,Sale,2049
2024-10-01,2024-25,Suzuki,Prod,1853
2024-10-01,2024-25,Suzuki,Sale,2182
2024-11-01,2024-25,Suzuki,Prod,2023
2024-11-01,2024-25,Suzuki,Sale,1912
2024-12-01,2024-25,Suzuki,Prod,2058
2024-12-01,2024-25,Suzuki,Sale,1870
2025-01-01,2024-25,Suzuki,Prod,2753
2025-01-01,2024-25,Suzuki,Sale,2348
2025-02-01,2024-25,Suzuki,Prod,2231
2025-02-01,2024-25,Suzuki,Sale,2359
2025-03-01,2024-25,Suzuki,Prod,1774
2025-03-01,2024-25,Suzuki,Sale,2396
2025-04-01,2024-25,Suzuki,Prod,2296
2025-04-01,2024-25,Suzuki,Sale,1892
2025-05-01,2024-25,Suzuki,Prod,2703
2025-05-01,2024-25,Suzuki,Sale,2854
2025-06-01,2024-25,Suzuki,Prod,2442
2025-06-01,2024-25,Suzuki,Sale,2665
2007-07-01,2007-08,Suzuki Alto,Prod,1981
2007-07-01,2007-08,Suzuki Alto,Sale,1320
2007-08-01,2007-08,Suzuki Alto,Prod,1847
2007-08-01,2007-08,Suzuki Alto,Sale,2617
2007-09-01,2007-08,Suzuki Alto,Prod,1777
2007-09-01,2007-08,Suzuki Alto,Sale,1253
2007-10-01,2007-08,Suzuki Alto,Prod,1590
2007-10-01,2007-08,Suzuki Alto,Sale,1537
2007-11-01,2007-08,Suzuki Alto,Prod,1947
2007-11-01,2007-08,Suzuki Alto,Sale,1264
2007-12-01,2007-08,Suzuki Alto,Prod,1452
2007-12-01,2007-08,Suzuki Alto,Sale,821
2008-01-01,2007-08,Suzuki Alto,Prod,632
2008-01-01,2007-08,Suzuki Alto,Sale,1386
2008-02-01,2007-08,Suzuki Alto,Prod,1509
2008-02-01,2007-08,Suzuki Alto,Sale,1417
2008-03-01,2007-08,Suzuki Alto,Prod,1672
2008-03-01,2007-08,Suzuki Alto,Sale,2070
2008-04-01,2007-08,Suzuki Alto,Prod,1604
2008-04-01,2007-08,Suzuki Alto,Sale,1865
2008-05-01,2007-08,Suzuki Alto,Prod,1608
2008-05-01,2007-08,Suzuki Alto,Sale,1627
2008-06-01,2007-08,Suzuki Alto,Prod,1186
2008-06-01,2007-08,Suzuki Alto,Sale,1920
2008-07-01,2008-09,Suzuki Alto,Prod,1202
2008-07-01,2008-09,Suzuki Alto,Sale,425
2008-08-01,2008-09,Suzuki Alto,Prod,1235
2008-08-01,2008-09,Suzuki Alto,Sale,847
2008-09-01,2008-09,Suzuki Alto,Prod,498
2008-09-01,2008-09,Suzuki Alto,Sale,1009
2008-10-01,2008-09,Suzuki Alto,Prod,1030
2008-10-01,2008-09,Suzuki Alto,Sale,1231
2008-11-01,2008-09,Suzuki Alto,Prod,306
2008-11-01,2008-09,Suzuki Alto,Sale,200
2008-12-01,2008-09,Suzuki Alto,Prod,396
2008-12-01,2008-09,Suzuki Alto,Sale,100
2009-01-01,2008-09,Suzuki Alto,Prod,7
2009-01-01,2008-09,Suzuki Alto,Sale,733
2009-02-01,2008-09,Suzuki Alto,Prod,173
2009-02-01,2008-09,Suzuki Alto,Sale,170
2009-03-01,2008-09,Suzuki Alto,Prod,404
2009-03-01,2008-09,Suzuki Alto,Sale,255
2009-04-01,2008-09,Suzuki Alto,Prod,512
2009-04-01,2008-09,Suzuki Alto,Sale,341
2009-05-01,2008-09,Suzuki Alto,Prod,254
2009-05-01,2008-09,Suzuki Alto,Sale,571
2009-06-01,2008-09,Suzuki Alto,Prod,624
2009-06-01,2008-09,Suzuki Alto,Sale,668
2009-07-01,2009-10,Suzuki Alto,Prod,619
2009-07-01,2009-10,Suzuki Alto,Sale,629
2009-08-01,2009-10,Suzuki Alto,Prod,683
2009-08-01,2009-10,Suzuki Alto,Sale,733
2009-09-01,2009-10,Suzuki Alto,Prod,1162
2009-09-01,2009-10,Suzuki Alto,Sale,1003
2009-10-01,2009-10,Suzuki Alto,Prod,1327
2009-10-01,2009-10,Suzuki Alto,Sale,1265
2009-11-01,2009-10,Suzuki Alto,Prod,1126
2009-11-01,2009-10,Suzuki Alto,Sale,675
2009-12-01,2009-10,Suzuki Alto,Prod,640
2009-12-01,2009-10,Suzuki Alto,Sale,729
2010-01-01,2009-10,Suzuki Alto,Prod,662
2010-01-01,2009-10,Suzuki Alto,Sale,860
2010-02-01,2009-10,Suzuki Alto,Prod,687
2010-02-01,2009-10,Suzuki Alto,Sale,857
2010-03-01,2009-10,Suzuki Alto,Prod,946
2010-03-01,2009-10,Suzuki Alto,Sale,887
2010-04-01,2009-10,Suzuki Alto,Prod,1148
2010-04-01,2009-10,Suzuki Alto,Sale,1002
2010-05-01,2009-10,Suzuki Alto,Prod,1016
2010-05-01,2009-10,Suzuki Alto,Sale,1009
2010-06-01,2009-10,Suzuki Alto,Prod,649
2010-06-01,2009-10,Suzuki Alto,Sale,1145
2010-07-01,2010-11,Suzuki Alto,Prod,1154
2010-07-01,2010-11,Suzuki Alto,Sale,631
2010-08-01,2010-11,Suzuki Alto,Prod,1041
2010-08-01,2010-11,Suzuki Alto,Sale,1141
2010-09-01,2010-11,Suzuki Alto,Prod,933
2010-09-01,2010-11,Suzuki Alto,Sale,1047
2010-10-01,2010-11,Suzuki Alto,Prod,1067
2010-10-01,2010-11,Suzuki Alto,Sale,1100
2010-11-01,2010-11,Suzuki Alto,Prod,970
2010-11-01,2010-11,Suzuki Alto,Sale,1031
2010-12-01,2010-11,Suzuki Alto,Prod,814
2010-12-01,2010-11,Suzuki Alto,Sale,812
2011-01-01,2010-11,Suzuki Alto,Prod,584
2011-01-01,2010-11,Suzuki Alto,Sale,676
2011-02-01,2010-11,Suzuki Alto,Prod,1292
2011-02-01,2010-11,Suzuki Alto,Sale,1000
2011-03-01,2010-11,Suzuki Alto,Prod,1931
2011-03-01,2010-11,Suzuki Alto,Sale,1957
2011-04-01,2010-11,Suzuki Alto,Prod,1022
2011-04-01,2010-11,Suzuki Alto,Sale,1101
2011-05-01,2010-11,Suzuki Alto,Prod,996
2011-05-01,2010-11,Suzuki Alto,Sale,1056
2011-06-01,2010-11,Suzuki Alto,Prod,1069
2011-06-01,2010-11,Suzuki Alto,Sale,380
2011-07-01,2011-12,Suzuki Alto,Prod,990
2011-07-01,2011-12,Suzuki Alto,Sale,1728
2011-08-01,2011-12,Suzuki Alto,Prod,846
2011-08-01,2011-12,Suzuki Alto,Sale,853
2011-09-01,2011-12,Suzuki Alto,Prod,1096
2011-09-01,2011-12,Suzuki Alto,Sale,1052
2011-10-01,2011-12,Suzuki Alto,Prod,1342
2011-10-01,2011-12,Suzuki Alto,Sale,1104
2011-11-01,2011-12,Suzuki Alto,Prod,1096
2011-11-01,2011-12,Suzuki Alto,Sale,1216
2011-12-01,2011-12,Suzuki Alto,Prod,971
2011-12-01,2011-12,Suzuki Alto,Sale,826
2012-01-01,2011-12,Suzuki Alto,Prod,1878
2012-01-01,2011-12,Suzuki Alto,Sale,1582
2012-02-01,2011-12,Suzuki Alto,Prod,1766
2012-02-01,2011-12,Suzuki Alto,Sale,1493
2012-03-01,2011-12,Suzuki Alto,Prod,1754
2012-03-01,2011-12,Suzuki Alto,Sale,1964
2012-04-01,2011-12,Suzuki Alto,Prod,1672
2012-04-01,2011-12,Suzuki Alto,Sale,1015
2012-05-01,2011-12,Suzuki Alto,Prod,1352
2012-05-01,2011-12,Suzuki Alto,Sale,1380
2012-06-01,2011-12,Suzuki Alto,Prod,525
2012-06-01,2011-12,Suzuki Alto,Sale,2075
2012-07-01,2012-13,Suzuki Alto,Prod,0
2012-07-01,2012-13,Suzuki Alto,Sale,0
2012-08-01,2012-13,Suzuki Alto,Prod,0
2012-08-01,2012-13,Suzuki Alto,Sale,0
2012-09-01,2012-13,Suzuki Alto,Prod,0
2012-09-01,2012-13,Suzuki Alto,Sale,0
2012-10-01,2012-13,Suzuki Alto,Prod,0
2012-10-01,2012-13,Suzuki Alto,Sale,0
2012-11-01,2012-13,Suzuki Alto,Prod,0
2012-11-01,2012-13,Suzuki Alto,Sale,0
2012-12-01,2012-13,Suzuki Alto,Prod,0
2012-12-01,2012-13,Suzuki Alto,Sale,0
2013-01-01,2012-13,Suzuki Alto,Prod,0
2013-01-01,2012-13,Suzuki Alto,Sale,0
2013-02-01,2012-13,Suzuki Alto,Prod,0
2013-02-01,2012-13,Suzuki Alto,Sale,0
2013-03-01,2012-13,Suzuki Alto,Prod,0
2013-03-01,2012-13,Suzuki Alto,Sale,0
2013-04-01,2012-13,Suzuki Alto,Prod,0
2013-04-01,2012-13,Suzuki Alto,Sale,0
2013-05-01,2012-13,Suzuki Alto,Prod,0
2013-05-01,2012-13,Suzuki Alto,Sale,0
2013-06-01,2012-13,Suzuki Alto,Prod,0
2013-06-01,2012-13,Suzuki Alto,Sale,0
2018-07-01,2018-19,Suzuki Alto,Prod,0
2018-07-01,2018-19,Suzuki Alto,Sale,0
2018-08-01,2018-19,Suzuki Alto,Prod,0
2018-08-01,2018-19,Suzuki Alto,Sale,0
2018-09-01,2018-19,Suzuki Alto,Prod,0
2018-09-01,2018-19,Suzuki Alto,Sale,0
2018-10-01,2018-19,Suzuki Alto,Prod,0
2018-10-01,2018-19,Suzuki Alto,Sale,0
2018-11-01,2018-19,Suzuki Alto,Prod,0
2018-11-01,2018-19,Suzuki Alto,Sale,0
2018-12-01,2018-19,Suzuki Alto,Prod,0
2018-12-01,2018-19,Suzuki Alto,Sale,0
2019-01-01,2018-19,Suzuki Alto,Prod,0
2019-01-01,2018-19,Suzuki Alto,Sale,0
2019-02-01,2018-19,Suzuki Alto,Prod,0
2019-02-01,2018-19,Suzuki Alto,Sale,0
2019-03-01,2018-19,Suzuki Alto,Prod,0
2019-03-01,2018-19,Suzuki Alto,Sale,0
2019-04-01,2018-19,Suzuki Alto,Prod,0
2019-04-01,2018-19,Suzuki Alto,Sale,0
2019-05-01,2018-19,Suzuki Alto,Prod,0
2019-05-01,2018-19,Suzuki Alto,Sale,0
2019-06-01,2018-19,Suzuki Alto,Prod,1472
2019-06-01,2018-19,Suzuki Alto,Sale,1685
2019-07-01,2019-20,Suzuki Alto,Prod,4463
2019-07-01,2019-20,Suzuki Alto,Sale,4584
2019-08-01,2019-20,Suzuki Alto,Prod,3419
2019-08-01,2019-20,Suzuki Alto,Sale,3435
2019-09-01,2019-20,Suzuki Alto,Prod,3935
2019-09-01,2019-20,Suzuki Alto,Sale,4924
2019-10-01,2019-20,Suzuki Alto,Prod,4945
2019-10-01,2019-20,Suzuki Alto,Sale,4048
2019-11-01,2019-20,Suzuki Alto,Prod,3213
2019-11-01,2019-20,Suzuki Alto,Sale,2967
2019-12-01,2019-20,Suzuki Alto,Prod,4732
2019-12-01,2019-20,Suzuki Alto,Sale,3700
2020-01-01,2019-20,Suzuki Alto,Prod,4178
2020-01-01,2019-20,Suzuki Alto,Sale,1794
2020-02-01,2019-20,Suzuki Alto,Prod,3067
2020-02-01,2019-20,Suzuki Alto,Sale,1620
2020-03-01,2019-20,Suzuki Alto,Prod,1502
2020-03-01,2019-20,Suzuki Alto,Sale,884
2020-04-01,2019-20,Suzuki Alto,Prod,0
2020-04-01,2019-20,Suzuki Alto,Sale,0
2020-05-01,2019-20,Suzuki Alto,Prod,0
2020-05-01,2019-20,Suzuki Alto,Sale,1304
2020-06-01,2019-20,Suzuki Alto,Prod,332
2020-06-01,2019-20,Suzuki Alto,Sale,1656
2020-07-01,2020-21,Suzuki Alto,Prod,128
2020-07-01,2020-21,Suzuki Alto,Sale,2158
2020-08-01,2020-21,Suzuki Alto,Prod,750
2020-08-01,2020-21,Suzuki Alto,Sale,2389
2020-09-01,2020-21,Suzuki Alto,Prod,2840
2020-09-01,2020-21,Suzuki Alto,Sale,3104
2020-10-01,2020-21,Suzuki Alto,Prod,2735
2020-10-01,2020-21,Suzuki Alto,Sale,2893
2020-11-01,2020-21,Suzuki Alto,Prod,2667
2020-11-01,2020-21,Suzuki Alto,Sale,2723
2020-12-01,2020-21,Suzuki Alto,Prod,3614
2020-12-01,2020-21,Suzuki Alto,Sale,2954
2021-01-01,2020-21,Suzuki Alto,Prod,3647
2021-01-01,2020-21,Suzuki Alto,Sale,3827
2021-02-01,2020-21,Suzuki Alto,Prod,4096
2021-02-01,2020-21,Suzuki Alto,Sale,4245
2021-03-01,2020-21,Suzuki Alto,Prod,4704
2021-03-01,2020-21,Suzuki Alto,Sale,4745
2021-04-01,2020-21,Suzuki Alto,Prod,3668
2021-04-01,2020-21,Suzuki Alto,Sale,4091
2021-05-01,2020-21,Suzuki Alto,Prod,3416
2021-05-01,2020-21,Suzuki Alto,Sale,3375
2021-06-01,2020-21,Suzuki Alto,Prod,3729
2021-06-01,2020-21,Suzuki Alto,Sale,1216
2021-07-01,2021-22,Suzuki Alto,Prod,3893
2021-07-01,2021-22,Suzuki Alto,Sale,6110
2021-08-01,2021-22,Suzuki Alto,Prod,4552
2021-08-01,2021-22,Suzuki Alto,Sale,5031
2021-09-01,2021-22,Suzuki Alto,Prod,4946
2021-09-01,2021-22,Suzuki Alto,Sale,4540
2021-10-01,2021-22,Suzuki Alto,Prod,4654
2021-10-01,2021-22,Suzuki Alto,Sale,5092
2021-11-01,2021-22,Suzuki Alto,Prod,3333
2021-11-01,2021-22,Suzuki Alto,Sale,2420
2021-12-01,2021-22,Suzuki Alto,Prod,8108
2021-12-01,2021-22,Suzuki Alto,Sale,9195
2022-01-01,2021-22,Suzuki Alto,Prod,3721
2022-01-01,2021-22,Suzuki Alto,Sale,3864
2022-02-01,2021-22,Suzuki Alto,Prod,7558
2022-02-01,2021-22,Suzuki Alto,Sale,7175
2022-03-01,2021-22,Suzuki Alto,Prod,9693
2022-03-01,2021-22,Suzuki Alto,Sale,9814
2022-04-01,2021-22,Suzuki Alto,Prod,4609
2022-04-01,2021-22,Suzuki Alto,Sale,5009
2022-05-01,2021-22,Suzuki Alto,Prod,5539
2022-05-01,2021-22,Suzuki Alto,Sale,5461
2022-06-01,2021-22,Suzuki Alto,Prod,7267
2022-06-01,2021-22,Suzuki Alto,Sale,7487
2022-07-01,2022-23,Suzuki Alto,Prod,4936
2022-07-01,2022-23,Suzuki Alto,Sale,4618
2022-08-01,2022-23,Suzuki Alto,Prod,1949
2022-08-01,2022-23,Suzuki Alto,Sale,2293
2022-09-01,2022-23,Suzuki Alto,Prod,2430
2022-09-01,2022-23,Suzuki Alto,Sale,2372
2022-10-01,2022-23,Suzuki Alto,Prod,4182
2022-10-01,2022-23,Suzuki Alto,Sale,4181
2022-11-01,2022-23,Suzuki Alto,Prod,7246
2022-11-01,2022-23,Suzuki Alto,Sale,7252
2022-12-01,2022-23,Suzuki Alto,Prod,6730
2022-12-01,2022-23,Suzuki Alto,Sale,6898
2023-01-01,2022-23,Suzuki Alto,Prod,0
2023-01-01,2022-23,Suzuki Alto,Sale,44
2023-02-01,2022-23,Suzuki Alto,Prod,607
2023-02-01,2022-23,Suzuki Alto,Sale,544
2023-03-01,2022-23,Suzuki Alto,Prod,2539
2023-03-01,2022-23,Suzuki Alto,Sale,2542
2023-04-01,2022-23,Suzuki Alto,Prod,1272
2023-04-01,2022-23,Suzuki Alto,Sale,820
2023-05-01,2022-23,Suzuki Alto,Prod,2125
2023-05-01,2022-23,Suzuki Alto,Sale,1902
2023-06-01,2022-23,Suzuki Alto,Prod,1884
2023-06-01,2022-23,Suzuki Alto,Sale,1913
2023-07-01,2023-24,Suzuki Alto,Prod,1233
2023-07-01,2023-24,Suzuki Alto,Sale,1440
2023-08-01,2023-24,Suzuki Alto,Prod,3404
2023-08-01,2023-24,Suzuki Alto,Sale,2769
2023-09-01,2023-24,Suzuki Alto,Prod,3031
2023-09-01,2023-24,Suzuki Alto,Sale,2551
2023-10-01,2023-24,Suzuki Alto,Prod,1676
2023-10-01,2023-24,Suzuki Alto,Sale,2602
2023-11-01,2023-24,Suzuki Alto,Prod,2304
2023-11-01,2023-24,Suzuki Alto,Sale,1944
2023-12-01,2023-24,Suzuki Alto,Prod,3755
2023-12-01,2023-24,Suzuki Alto,Sale,2099
2024-01-01,2023-24,Suzuki Alto,Prod,4411
2024-01-01,2023-24,Suzuki Alto,Sale,2983
2024-02-01,2023-24,Suzuki Alto,Prod,3654
2024-02-01,2023-24,Suzuki Alto,Sale,3373
2024-03-01,2023-24,Suzuki Alto,Prod,3159
2024-03-01,2023-24,Suzuki Alto,Sale,2922
2024-04-01,2023-24,Suzuki Alto,Prod,3020
2024-04-01,2023-24,Suzuki Alto,Sale,4786
2024-05-01,2023-24,Suzuki Alto,Prod,4096
2024-05-01,2023-24,Suzuki Alto,Sale,4062
2024-06-01,2023-24,Suzuki Alto,Prod,3317
2024-06-01,2023-24,Suzuki Alto,Sale,4352
2024-07-01,2024-25,Suzuki Alto,Prod,2715
2024-07-01,2024-25,Suzuki Alto,Sale,2869
2024-08-01,2024-25,Suzuki Alto,Prod,727
2024-08-01,2024-25,Suzuki Alto,Sale,2023
2024-09-01,2024-25,Suzuki Alto,Prod,4127
2024-09-01,2024-25,Suzuki Alto,Sale,3146
2024-10-01,2024-25,Suzuki Alto,Prod,3985
2024-10-01,2024-25,Suzuki Alto,Sale,4685
2024-11-01,2024-25,Suzuki Alto,Prod,3825
2024-11-01,2024-25,Suzuki Alto,Sale,2756
2024-12-01,2024-25,Suzuki Alto,Prod,4201
2024-12-01,2024-25,Suzuki Alto,Sale,4115
2025-01-01,2024-25,Suzuki Alto,Prod,4738
2025-01-01,2024-25,Suzuki Alto,Sale,5039
2025-02-01,2024-25,Suzuki Alto,Prod,4016
2025-02-01,2024-25,Suzuki Alto,Sale,3561
2025-03-01,2024-25,Suzuki Alto,Prod,2956
2025-03-01,2024-25,Suzuki Alto,Sale,3090
2025-04-01,2024-25,Suzuki Alto,Prod,3559
2025-04-01,2024-25,Suzuki Alto,Sale,2276
2025-05-01,2024-25,Suzuki Alto,Prod,3991
2025-05-01,2024-25,Suzuki Alto,Sale,3409
2025-06-01,2024-25,Suzuki Alto,Prod,5981
2025-06-01,2024-25,Suzuki Alto,Sale,9497
2007-07-01,2007-08,Suzuki Bolan,Prod,1182
2007-07-01,2007-08,Suzuki Bolan,Sale,1139
2007-08-01,2007-08,Suzuki Bolan,Prod,1562
2007-08-01,2007-08,Suzuki Bolan,Sale,1611
2007-09-01,2007-08,Suzuki Bolan,Prod,1610
2007-09-01,2007-08,Suzuki Bolan,Sale,1593
2007-10-01,2007-08,Suzuki Bolan,Prod,1410
2007-10-01,2007-08,Suzuki Bolan,Sale,1370
2007-11-01,2007-08,Suzuki Bolan,Prod,1821
2007-11-01,2007-08,Suzuki Bolan,Sale,1817
2007-12-01,2007-08,Suzuki Bolan,Prod,1326
2007-12-01,2007-08,Suzuki Bolan,Sale,1271
2008-01-01,2007-08,Suzuki Bolan,Prod,1128
2008-01-01,2007-08,Suzuki Bolan,Sale,1103
2008-02-01,2007-08,Suzuki Bolan,Prod,1516
2008-02-01,2007-08,Suzuki Bolan,Sale,1526
2008-03-01,2007-08,Suzuki Bolan,Prod,1496
2008-03-01,2007-08,Suzuki Bolan,Sale,1554
2008-04-01,2007-08,Suzuki Bolan,Prod,1679
2008-04-01,2007-08,Suzuki Bolan,Sale,1657
2008-05-01,2007-08,Suzuki Bolan,Prod,1461
2008-05-01,2007-08,Suzuki Bolan,Sale,1412
2008-06-01,2007-08,Suzuki Bolan,Prod,1059
2008-06-01,2007-08,Suzuki Bolan,Sale,1156
2008-07-01,2008-09,Suzuki Bolan,Prod,1075
2008-07-01,2008-09,Suzuki Bolan,Sale,925
2008-08-01,2008-09,Suzuki Bolan,Prod,1123
2008-08-01,2008-09,Suzuki Bolan,Sale,1214
2008-09-01,2008-09,Suzuki Bolan,Prod,858
2008-09-01,2008-09,Suzuki Bolan,Sale,749
2008-10-01,2008-09,Suzuki Bolan,Prod,1219
2008-10-01,2008-09,Suzuki Bolan,Sale,1280
2008-11-01,2008-09,Suzuki Bolan,Prod,1132
2008-11-01,2008-09,Suzuki Bolan,Sale,1257
2008-12-01,2008-09,Suzuki Bolan,Prod,894
2008-12-01,2008-09,Suzuki Bolan,Sale,468
2009-01-01,2008-09,Suzuki Bolan,Prod,709
2009-01-01,2008-09,Suzuki Bolan,Sale,473
2009-02-01,2008-09,Suzuki Bolan,Prod,506
2009-02-01,2008-09,Suzuki Bolan,Sale,312
2009-03-01,2008-09,Suzuki Bolan,Prod,610
2009-03-01,2008-09,Suzuki Bolan,Sale,435
2009-04-01,2008-09,Suzuki Bolan,Prod,594
2009-04-01,2008-09,Suzuki Bolan,Sale,453
2009-05-01,2008-09,Suzuki Bolan,Prod,467
2009-05-01,2008-09,Suzuki Bolan,Sale,540
2009-06-01,2008-09,Suzuki Bolan,Prod,452
2009-06-01,2008-09,Suzuki Bolan,Sale,558
2009-07-01,2009-10,Suzuki Bolan,Prod,830
2009-07-01,2009-10,Suzuki Bolan,Sale,946
2009-08-01,2009-10,Suzuki Bolan,Prod,461
2009-08-01,2009-10,Suzuki Bolan,Sale,949
2009-09-01,2009-10,Suzuki Bolan,Prod,474
2009-09-01,2009-10,Suzuki Bolan,Sale,736
2009-10-01,2009-10,Suzuki Bolan,Prod,1039
2009-10-01,2009-10,Suzuki Bolan,Sale,738
2009-11-01,2009-10,Suzuki Bolan,Prod,911
2009-11-01,2009-10,Suzuki Bolan,Sale,962
2009-12-01,2009-10,Suzuki Bolan,Prod,822
2009-12-01,2009-10,Suzuki Bolan,Sale,890
2010-01-01,2009-10,Suzuki Bolan,Prod,962
2010-01-01,2009-10,Suzuki Bolan,Sale,886
2010-02-01,2009-10,Suzuki Bolan,Prod,885
2010-02-01,2009-10,Suzuki Bolan,Sale,861
2010-03-01,2009-10,Suzuki Bolan,Prod,1003
2010-03-01,2009-10,Suzuki Bolan,Sale,930
2010-04-01,2009-10,Suzuki Bolan,Prod,1032
2010-04-01,2009-10,Suzuki Bolan,Sale,1112
2010-05-01,2009-10,Suzuki Bolan,Prod,981
2010-05-01,2009-10,Suzuki Bolan,Sale,1000
2010-06-01,2009-10,Suzuki Bolan,Prod,1141
2010-06-01,2009-10,Suzuki Bolan,Sale,1429
2010-07-01,2010-11,Suzuki Bolan,Prod,1253
2010-07-01,2010-11,Suzuki Bolan,Sale,850
2010-08-01,2010-11,Suzuki Bolan,Prod,926
2010-08-01,2010-11,Suzuki Bolan,Sale,1000
2010-09-01,2010-11,Suzuki Bolan,Prod,1088
2010-09-01,2010-11,Suzuki Bolan,Sale,1060
2010-10-01,2010-11,Suzuki Bolan,Prod,1273
2010-10-01,2010-11,Suzuki Bolan,Sale,1266
2010-11-01,2010-11,Suzuki Bolan,Prod,1263
2010-11-01,2010-11,Suzuki Bolan,Sale,1202
2010-12-01,2010-11,Suzuki Bolan,Prod,1175
2010-12-01,2010-11,Suzuki Bolan,Sale,1105
2011-01-01,2010-11,Suzuki Bolan,Prod,1117
2011-01-01,2010-11,Suzuki Bolan,Sale,1100
2011-02-01,2010-11,Suzuki Bolan,Prod,545
2011-02-01,2010-11,Suzuki Bolan,Sale,1069
2011-03-01,2010-11,Suzuki Bolan,Prod,2125
2011-03-01,2010-11,Suzuki Bolan,Sale,1612
2011-04-01,2010-11,Suzuki Bolan,Prod,1166
2011-04-01,2010-11,Suzuki Bolan,Sale,1301
2011-05-01,2010-11,Suzuki Bolan,Prod,1178
2011-05-01,2010-11,Suzuki Bolan,Sale,1302
2011-06-01,2010-11,Suzuki Bolan,Prod,1250
2011-06-01,2010-11,Suzuki Bolan,Sale,444
2011-07-01,2011-12,Suzuki Bolan,Prod,1051
2011-07-01,2011-12,Suzuki Bolan,Sale,1818
2011-08-01,2011-12,Suzuki Bolan,Prod,945
2011-08-01,2011-12,Suzuki Bolan,Sale,957
2011-09-01,2011-12,Suzuki Bolan,Prod,1093
2011-09-01,2011-12,Suzuki Bolan,Sale,1314
2011-10-01,2011-12,Suzuki Bolan,Prod,1980
2011-10-01,2011-12,Suzuki Bolan,Sale,1422
2011-11-01,2011-12,Suzuki Bolan,Prod,1380
2011-11-01,2011-12,Suzuki Bolan,Sale,1369
2011-12-01,2011-12,Suzuki Bolan,Prod,1603
2011-12-01,2011-12,Suzuki Bolan,Sale,1968
2012-01-01,2011-12,Suzuki Bolan,Prod,2068
2012-01-01,2011-12,Suzuki Bolan,Sale,1975
2012-02-01,2011-12,Suzuki Bolan,Prod,2229
2012-02-01,2011-12,Suzuki Bolan,Sale,1890
2012-03-01,2011-12,Suzuki Bolan,Prod,2268
2012-03-01,2011-12,Suzuki Bolan,Sale,2435
2012-04-01,2011-12,Suzuki Bolan,Prod,2426
2012-04-01,2011-12,Suzuki Bolan,Sale,2136
2012-05-01,2011-12,Suzuki Bolan,Prod,1986
2012-05-01,2011-12,Suzuki Bolan,Sale,2503
2012-06-01,2011-12,Suzuki Bolan,Prod,2565
2012-06-01,2011-12,Suzuki Bolan,Sale,2753
2012-07-01,2012-13,Suzuki Bolan,Prod,1007
2012-07-01,2012-13,Suzuki Bolan,Sale,762
2012-08-01,2012-13,Suzuki Bolan,Prod,906
2012-08-01,2012-13,Suzuki Bolan,Sale,862
2012-09-01,2012-13,Suzuki Bolan,Prod,942
2012-09-01,2012-13,Suzuki Bolan,Sale,989
2012-10-01,2012-13,Suzuki Bolan,Prod,996
2012-10-01,2012-13,Suzuki Bolan,Sale,870
2012-11-01,2012-13,Suzuki Bolan,Prod,1095
2012-11-01,2012-13,Suzuki Bolan,Sale,878
2012-12-01,2012-13,Suzuki Bolan,Prod,1238
2012-12-01,2012-13,Suzuki Bolan,Sale,1204
2013-01-01,2012-13,Suzuki Bolan,Prod,1241
2013-01-01,2012-13,Suzuki Bolan,Sale,1318
2013-02-01,2012-13,Suzuki Bolan,Prod,1206
2013-02-01,2012-13,Suzuki Bolan,Sale,1501
2013-03-01,2012-13,Suzuki Bolan,Prod,1120
2013-03-01,2012-13,Suzuki Bolan,Sale,1304
2013-04-01,2012-13,Suzuki Bolan,Prod,742
2013-04-01,2012-13,Suzuki Bolan,Sale,756
2013-05-01,2012-13,Suzuki Bolan,Prod,1223
2013-05-01,2012-13,Suzuki Bolan,Sale,1087
2013-06-01,2012-13,Suzuki Bolan,Prod,1330
2013-06-01,2012-13,Suzuki Bolan,Sale,1410
2013-07-01,2013-14,Suzuki Bolan,Prod,988
2013-07-01,2013-14,Suzuki Bolan,Sale,989
2013-08-01,2013-14,Suzuki Bolan,Prod,1095
2013-08-01,2013-14,Suzuki Bolan,Sale,1085
2013-09-01,2013-14,Suzuki Bolan,Prod,1064
2013-09-01,2013-14,Suzuki Bolan,Sale,1093
2013-10-01,2013-14,Suzuki Bolan,Prod,1148
2013-10-01,2013-14,Suzuki Bolan,Sale,1082
2013-11-01,2013-14,Suzuki Bolan,Prod,1227
2013-11-01,2013-14,Suzuki Bolan,Sale,1003
2013-12-01,2013-14,Suzuki Bolan,Prod,1476
2013-12-01,2013-14,Suzuki Bolan,Sale,1306
2014-01-01,2013-14,Suzuki Bolan,Prod,1020
2014-01-01,2013-14,Suzuki Bolan,Sale,1252
2014-02-01,2013-14,Suzuki Bolan,Prod,1102
2014-02-01,2013-14,Suzuki Bolan,Sale,1156
2014-03-01,2013-14,Suzuki Bolan,Prod,1349
2014-03-01,2013-14,Suzuki Bolan,Sale,1297
2014-04-01,2013-14,Suzuki Bolan,Prod,1220
2014-04-01,2013-14,Suzuki Bolan,Sale,1152
2014-05-01,2013-14,Suzuki Bolan,Prod,1194
2014-05-01,2013-14,Suzuki Bolan,Sale,1452
2014-06-01,2013-14,Suzuki Bolan,Prod,1108
2014-06-01,2013-14,Suzuki Bolan,Sale,1221
2014-07-01,2014-15,Suzuki Bolan,Prod,836
2014-07-01,2014-15,Suzuki Bolan,Sale,817
2014-08-01,2014-15,Suzuki Bolan,Prod,1213
2014-08-01,2014-15,Suzuki Bolan,Sale,1105
2014-09-01,2014-15,Suzuki Bolan,Prod,1374
2014-09-01,2014-15,Suzuki Bolan,Sale,1098
2014-10-01,2014-15,Suzuki Bolan,Prod,1259
2014-10-01,2014-15,Suzuki Bolan,Sale,1208
2014-11-01,2014-15,Suzuki Bolan,Prod,1153
2014-11-01,2014-15,Suzuki Bolan,Sale,1186
2014-12-01,2014-15,Suzuki Bolan,Prod,1260
2014-12-01,2014-15,Suzuki Bolan,Sale,1273
2015-01-01,2014-15,Suzuki Bolan,Prod,1730
2015-01-01,2014-15,Suzuki Bolan,Sale,1285
2015-02-01,2014-15,Suzuki Bolan,Prod,1828
2015-02-01,2014-15,Suzuki Bolan,Sale,2439
2015-03-01,2014-15,Suzuki Bolan,Prod,3486
2015-03-01,2014-15,Suzuki Bolan,Sale,3521
2015-04-01,2014-15,Suzuki Bolan,Prod,3367
2015-04-01,2014-15,Suzuki Bolan,Sale,3248
2015-05-01,2014-15,Suzuki Bolan,Prod,3268
2015-05-01,2014-15,Suzuki Bolan,Sale,3399
2015-06-01,2014-15,Suzuki Bolan,Prod,3178
2015-06-01,2014-15,Suzuki Bolan,Sale,3003
2015-07-01,2015-16,Suzuki Bolan,Prod,2769
2015-07-01,2015-16,Suzuki Bolan,Sale,2546
2015-08-01,2015-16,Suzuki Bolan,Prod,3629
2015-08-01,2015-16,Suzuki Bolan,Sale,3863
2015-09-01,2015-16,Suzuki Bolan,Prod,3332
2015-09-01,2015-16,Suzuki Bolan,Sale,3487
2015-10-01,2015-16,Suzuki Bolan,Prod,3237
2015-10-01,2015-16,Suzuki Bolan,Sale,3123
2015-11-01,2015-16,Suzuki Bolan,Prod,3105
2015-11-01,2015-16,Suzuki Bolan,Sale,3307
2015-12-01,2015-16,Suzuki Bolan,Prod,3595
2015-12-01,2015-16,Suzuki Bolan,Sale,3190
2016-01-01,2015-16,Suzuki Bolan,Prod,3053
2016-01-01,2015-16,Suzuki Bolan,Sale,2786
2016-02-01,2015-16,Suzuki Bolan,Prod,1000
2016-02-01,2015-16,Suzuki Bolan,Sale,1546
2016-03-01,2015-16,Suzuki Bolan,Prod,1517
2016-03-01,2015-16,Suzuki Bolan,Sale,1500
2016-04-01,2015-16,Suzuki Bolan,Prod,1800
2016-04-01,2015-16,Suzuki Bolan,Sale,1428
2016-05-01,2015-16,Suzuki Bolan,Prod,1533
2016-05-01,2015-16,Suzuki Bolan,Sale,1722
2016-06-01,2015-16,Suzuki Bolan,Prod,1518
2016-06-01,2015-16,Suzuki Bolan,Sale,1656
2016-07-01,2016-17,Suzuki Bolan,Prod,1481
2016-07-01,2016-17,Suzuki Bolan,Sale,1182
2016-08-01,2016-17,Suzuki Bolan,Prod,2020
2016-08-01,2016-17,Suzuki Bolan,Sale,1683
2016-09-01,2016-17,Suzuki Bolan,Prod,1557
2016-09-01,2016-17,Suzuki Bolan,Sale,1825
2016-10-01,2016-17,Suzuki Bolan,Prod,1987
2016-10-01,2016-17,Suzuki Bolan,Sale,1434
2016-11-01,2016-17,Suzuki Bolan,Prod,1661
2016-11-01,2016-17,Suzuki Bolan,Sale,1799
2016-12-01,2016-17,Suzuki Bolan,Prod,1713
2016-12-01,2016-17,Suzuki Bolan,Sale,1690
2017-01-01,2016-17,Suzuki Bolan,Prod,1620
2017-01-01,2016-17,Suzuki Bolan,Sale,2030
2017-02-01,2016-17,Suzuki Bolan,Prod,1635
2017-02-01,2016-17,Suzuki Bolan,Sale,1638
2017-03-01,2016-17,Suzuki Bolan,Prod,1750
2017-03-01,2016-17,Suzuki Bolan,Sale,1657
2017-04-01,2016-17,Suzuki Bolan,Prod,1384
2017-04-01,2016-17,Suzuki Bolan,Sale,1181
2017-05-01,2016-17,Suzuki Bolan,Prod,1645
2017-05-01,2016-17,Suzuki Bolan,Sale,1861
2017-06-01,2016-17,Suzuki Bolan,Prod,1078
2017-06-01,2016-17,Suzuki Bolan,Sale,1265
2017-07-01,2017-18,Suzuki Bolan,Prod,1849
2017-07-01,2017-18,Suzuki Bolan,Sale,1661
2017-08-01,2017-18,Suzuki Bolan,Prod,1842
2017-08-01,2017-18,Suzuki Bolan,Sale,1563
2017-09-01,2017-18,Suzuki Bolan,Prod,1884
2017-09-01,2017-18,Suzuki Bolan,Sale,1587
2017-10-01,2017-18,Suzuki Bolan,Prod,2113
2017-10-01,2017-18,Suzuki Bolan,Sale,2104
2017-11-01,2017-18,Suzuki Bolan,Prod,1896
2017-11-01,2017-18,Suzuki Bolan,Sale,1709
2017-12-01,2017-18,Suzuki Bolan,Prod,1919
2017-12-01,2017-18,Suzuki Bolan,Sale,1860
2018-01-01,2017-18,Suzuki Bolan,Prod,2103
2018-01-01,2017-18,Suzuki Bolan,Sale,2208
2018-02-01,2017-18,Suzuki Bolan,Prod,1748
2018-02-01,2017-18,Suzuki Bolan,Sale,2012
2018-03-01,2017-18,Suzuki Bolan,Prod,1913
2018-03-01,2017-18,Suzuki Bolan,Sale,1559
2018-04-01,2017-18,Suzuki Bolan,Prod,1828
2018-04-01,2017-18,Suzuki Bolan,Sale,2231
2018-05-01,2017-18,Suzuki Bolan,Prod,1382
2018-05-01,2017-18,Suzuki Bolan,Sale,1687
2018-06-01,2017-18,Suzuki Bolan,Prod,1402
2018-06-01,2017-18,Suzuki Bolan,Sale,1557
2018-07-01,2018-19,Suzuki Bolan,Prod,1858
2018-07-01,2018-19,Suzuki Bolan,Sale,1346
2018-08-01,2018-19,Suzuki Bolan,Prod,1638
2018-08-01,2018-19,Suzuki Bolan,Sale,1213
2018-09-01,2018-19,Suzuki Bolan,Prod,1434
2018-09-01,2018-19,Suzuki Bolan,Sale,1219
2018-10-01,2018-19,Suzuki Bolan,Prod,1860
2018-10-01,2018-19,Suzuki Bolan,Sale,1634
2018-11-01,2018-19,Suzuki Bolan,Prod,1641
2018-11-01,2018-19,Suzuki Bolan,Sale,1051
2018-12-01,2018-19,Suzuki Bolan,Prod,1180
2018-12-01,2018-19,Suzuki Bolan,Sale,1668
2019-01-01,2018-19,Suzuki Bolan,Prod,1242
2019-01-01,2018-19,Suzuki Bolan,Sale,1609
2019-02-01,2018-19,Suzuki Bolan,Prod,1273
2019-02-01,2018-19,Suzuki Bolan,Sale,1645
2019-03-01,2018-19,Suzuki Bolan,Prod,1954
2019-03-01,2018-19,Suzuki Bolan,Sale,2144
2019-04-01,2018-19,Suzuki Bolan,Prod,1417
2019-04-01,2018-19,Suzuki Bolan,Sale,1487
2019-05-01,2018-19,Suzuki Bolan,Prod,1203
2019-05-01,2018-19,Suzuki Bolan,Sale,1270
2019-06-01,2018-19,Suzuki Bolan,Prod,1029
2019-06-01,2018-19,Suzuki Bolan,Sale,1342
2019-07-01,2019-20,Suzuki Bolan,Prod,1367
2019-07-01,2019-20,Suzuki Bolan,Sale,332
2019-08-01,2019-20,Suzuki Bolan,Prod,965
2019-08-01,2019-20,Suzuki Bolan,Sale,371
2019-09-01,2019-20,Suzuki Bolan,Prod,744
2019-09-01,2019-20,Suzuki Bolan,Sale,403
2019-10-01,2019-20,Suzuki Bolan,Prod,302
2019-10-01,2019-20,Suzuki Bolan,Sale,399
2019-11-01,2019-20,Suzuki Bolan,Prod,123
2019-11-01,2019-20,Suzuki Bolan,Sale,444
2019-12-01,2019-20,Suzuki Bolan,Prod,210
2019-12-01,2019-20,Suzuki Bolan,Sale,841
2020-01-01,2019-20,Suzuki Bolan,Prod,252
2020-01-01,2019-20,Suzuki Bolan,Sale,564
2020-02-01,2019-20,Suzuki Bolan,Prod,94
2020-02-01,2019-20,Suzuki Bolan,Sale,719
2020-03-01,2019-20,Suzuki Bolan,Prod,94
2020-03-01,2019-20,Suzuki Bolan,Sale,394
2020-04-01,2019-20,Suzuki Bolan,Prod,0
2020-04-01,2019-20,Suzuki Bolan,Sale,0
2020-05-01,2019-20,Suzuki Bolan,Prod,0
2020-05-01,2019-20,Suzuki Bolan,Sale,386
2020-06-01,2019-20,Suzuki Bolan,Prod,299
2020-06-01,2019-20,Suzuki Bolan,Sale,306
2020-07-01,2020-21,Suzuki Bolan,Prod,730
2020-07-01,2020-21,Suzuki Bolan,Sale,519
2020-08-01,2020-21,Suzuki Bolan,Prod,539
2020-08-01,2020-21,Suzuki Bolan,Sale,615
2020-09-01,2020-21,Suzuki Bolan,Prod,802
2020-09-01,2020-21,Suzuki Bolan,Sale,624
2020-10-01,2020-21,Suzuki Bolan,Prod,757
2020-10-01,2020-21,Suzuki Bolan,Sale,680
2020-11-01,2020-21,Suzuki Bolan,Prod,350
2020-11-01,2020-21,Suzuki Bolan,Sale,549
2020-12-01,2020-21,Suzuki Bolan,Prod,489
2020-12-01,2020-21,Suzuki Bolan,Sale,595
2021-01-01,2020-21,Suzuki Bolan,Prod,1045
2021-01-01,2020-21,Suzuki Bolan,Sale,986
2021-02-01,2020-21,Suzuki Bolan,Prod,885
2021-02-01,2020-21,Suzuki Bolan,Sale,913
2021-03-01,2020-21,Suzuki Bolan,Prod,996
2021-03-01,2020-21,Suzuki Bolan,Sale,1017
2021-04-01,2020-21,Suzuki Bolan,Prod,766
2021-04-01,2020-21,Suzuki Bolan,Sale,747
2021-05-01,2020-21,Suzuki Bolan,Prod,563
2021-05-01,2020-21,Suzuki Bolan,Sale,764
2021-06-01,2020-21,Suzuki Bolan,Prod,942
2021-06-01,2020-21,Suzuki Bolan,Sale,187
2021-07-01,2021-22,Suzuki Bolan,Prod,396
2021-07-01,2021-22,Suzuki Bolan,Sale,950
2021-08-01,2021-22,Suzuki Bolan,Prod,1196
2021-08-01,2021-22,Suzuki Bolan,Sale,1097
2021-09-01,2021-22,Suzuki Bolan,Prod,809
2021-09-01,2021-22,Suzuki Bolan,Sale,894
2021-10-01,2021-22,Suzuki Bolan,Prod,1347
2021-10-01,2021-22,Suzuki Bolan,Sale,1071
2021-11-01,2021-22,Suzuki Bolan,Prod,1234
2021-11-01,2021-22,Suzuki Bolan,Sale,1189
2021-12-01,2021-22,Suzuki Bolan,Prod,969
2021-12-01,2021-22,Suzuki Bolan,Sale,1040
2022-01-01,2021-22,Suzuki Bolan,Prod,1242
2022-01-01,2021-22,Suzuki Bolan,Sale,956
2022-02-01,2021-22,Suzuki Bolan,Prod,840
2022-02-01,2021-22,Suzuki Bolan,Sale,1070
2022-03-01,2021-22,Suzuki Bolan,Prod,1017
2022-03-01,2021-22,Suzuki Bolan,Sale,1295
2022-04-01,2021-22,Suzuki Bolan,Prod,581
2022-04-01,2021-22,Suzuki Bolan,Sale,860
2022-05-01,2021-22,Suzuki Bolan,Prod,801
2022-05-01,2021-22,Suzuki Bolan,Sale,723
2022-06-01,2021-22,Suzuki Bolan,Prod,1096
2022-06-01,2021-22,Suzuki Bolan,Sale,1216
2022-07-01,2022-23,Suzuki Bolan,Prod,739
2022-07-01,2022-23,Suzuki Bolan,Sale,353
2022-08-01,2022-23,Suzuki Bolan,Prod,453
2022-08-01,2022-23,Suzuki Bolan,Sale,227
2022-09-01,2022-23,Suzuki Bolan,Prod,680
2022-09-01,2022-23,Suzuki Bolan,Sale,609
2022-10-01,2022-23,Suzuki Bolan,Prod,425
2022-10-01,2022-23,Suzuki Bolan,Sale,280
2022-11-01,2022-23,Suzuki Bolan,Prod,479
2022-11-01,2022-23,Suzuki Bolan,Sale,503
2022-12-01,2022-23,Suzuki Bolan,Prod,481
2022-12-01,2022-23,Suzuki Bolan,Sale,464
2023-01-01,2022-23,Suzuki Bolan,Prod,346
2023-01-01,2022-23,Suzuki Bolan,Sale,556
2023-02-01,2022-23,Suzuki Bolan,Prod,481
2023-02-01,2022-23,Suzuki Bolan,Sale,91
2023-03-01,2022-23,Suzuki Bolan,Prod,159
2023-03-01,2022-23,Suzuki Bolan,Sale,782
2023-04-01,2022-23,Suzuki Bolan,Prod,154
2023-04-01,2022-23,Suzuki Bolan,Sale,163
2023-05-01,2022-23,Suzuki Bolan,Prod,50
2023-05-01,2022-23,Suzuki Bolan,Sale,157
2023-06-01,2022-23,Suzuki Bolan,Prod,215
2023-06-01,2022-23,Suzuki Bolan,Sale,262
2023-07-01,2023-24,Suzuki Bolan,Prod,90
2023-07-01,2023-24,Suzuki Bolan,Sale,146
2023-08-01,2023-24,Suzuki Bolan,Prod,141
2023-08-01,2023-24,Suzuki Bolan,Sale,166
2023-09-01,2023-24,Suzuki Bolan,Prod,155
2023-09-01,2023-24,Suzuki Bolan,Sale,229
2023-10-01,2023-24,Suzuki Bolan,Prod,157
2023-10-01,2023-24,Suzuki Bolan,Sale,143
2023-11-01,2023-24,Suzuki Bolan,Prod,39
2023-11-01,2023-24,Suzuki Bolan,Sale,169
2023-12-01,2023-24,Suzuki Bolan,Prod,292
2023-12-01,2023-24,Suzuki Bolan,Sale,326
2024-01-01,2023-24,Suzuki Bolan,Prod,192
2024-01-01,2023-24,Suzuki Bolan,Sale,135
2024-02-01,2023-24,Suzuki Bolan,Prod,192
2024-02-01,2023-24,Suzuki Bolan,Sale,183
2024-03-01,2023-24,Suzuki Bolan,Prod,191
2024-03-01,2023-24,Suzuki Bolan,Sale,237
2024-04-01,2023-24,Suzuki Bolan,Prod,202
2024-04-01,2023-24,Suzuki Bolan,Sale,237
2024-05-01,2023-24,Suzuki Bolan,Prod,840
2024-05-01,2023-24,Suzuki Bolan,Sale,447
2024-06-01,2023-24,Suzuki Bolan,Prod,995
2024-06-01,2023-24,Suzuki Bolan,Sale,356
2024-07-01,2024-25,Suzuki Bolan,Prod,398
2024-07-01,2024-25,Suzuki Bolan,Sale,288
2024-08-01,2024-25,Suzuki Bolan,Prod,281
2024-08-01,2024-25,Suzuki Bolan,Sale,743
2024-09-01,2024-25,Suzuki Bolan,Prod,1351
2024-09-01,2024-25,Suzuki Bolan,Sale,615
2024-10-01,2024-25,Suzuki Bolan,Prod,0
2024-10-01,2024-25,Suzuki Bolan,Sale,1044
2024-11-01,2024-25,Suzuki Bolan,Prod,0
2024-11-01,2024-25,Suzuki Bolan,Sale,206
2024-12-01,2024-25,Suzuki Bolan,Prod,0
2024-12-01,2024-25,Suzuki Bolan,Sale,117
2025-01-01,2024-25,Suzuki Bolan,Prod,0
2025-01-01,2024-25,Suzuki Bolan,Sale,138
2025-02-01,2024-25,Suzuki Bolan,Prod,0
2025-02-01,2024-25,Suzuki Bolan,Sale,9
2025-03-01,2024-25,Suzuki Bolan,Prod,0
2025-03-01,2024-25,Suzuki Bolan,Sale,8
2025-04-01,2024-25,Suzuki Bolan,Prod,0
2025-04-01,2024-25,Suzuki Bolan,Sale,0
2025-05-01,2024-25,Suzuki Bolan,Prod,0
2025-05-01,2024-25,Suzuki Bolan,Sale,0
2025-06-01,2024-25,Suzuki Bolan,Prod,0
2025-06-01,2024-25,Suzuki Bolan,Sale,0
2007-07-01,2007-08,Suzuki Cultus,Prod,709
2007-07-01,2007-08,Suzuki Cultus,Sale,389
2007-08-01,2007-08,Suzuki Cultus,Prod,3166
2007-08-01,2007-08,Suzuki Cultus,Sale,3398
2007-09-01,2007-08,Suzuki Cultus,Prod,3019
2007-09-01,2007-08,Suzuki Cultus,Sale,2340
2007-10-01,2007-08,Suzuki Cultus,Prod,3131
2007-10-01,2007-08,Suzuki Cultus,Sale,2838
2007-11-01,2007-08,Suzuki Cultus,Prod,2047
2007-11-01,2007-08,Suzuki Cultus,Sale,1712
2007-12-01,2007-08,Suzuki Cultus,Prod,1739
2007-12-01,2007-08,Suzuki Cultus,Sale,1674
2008-01-01,2007-08,Suzuki Cultus,Prod,1524
2008-01-01,2007-08,Suzuki Cultus,Sale,2080
2008-02-01,2007-08,Suzuki Cultus,Prod,2040
2008-02-01,2007-08,Suzuki Cultus,Sale,2204
2008-03-01,2007-08,Suzuki Cultus,Prod,2477
2008-03-01,2007-08,Suzuki Cultus,Sale,2707
2008-04-01,2007-08,Suzuki Cultus,Prod,2980
2008-04-01,2007-08,Suzuki Cultus,Sale,2795
2008-05-01,2007-08,Suzuki Cultus,Prod,2966
2008-05-01,2007-08,Suzuki Cultus,Sale,2221
2008-06-01,2007-08,Suzuki Cultus,Prod,1864
2008-06-01,2007-08,Suzuki Cultus,Sale,3205
2008-07-01,2008-09,Suzuki Cultus,Prod,900
2008-07-01,2008-09,Suzuki Cultus,Sale,653
2008-08-01,2008-09,Suzuki Cultus,Prod,1421
2008-08-01,2008-09,Suzuki Cultus,Sale,1282
2008-09-01,2008-09,Suzuki Cultus,Prod,1179
2008-09-01,2008-09,Suzuki Cultus,Sale,1442
2008-10-01,2008-09,Suzuki Cultus,Prod,1496
2008-10-01,2008-09,Suzuki Cultus,Sale,1498
2008-11-01,2008-09,Suzuki Cultus,Prod,616
2008-11-01,2008-09,Suzuki Cultus,Sale,613
2008-12-01,2008-09,Suzuki Cultus,Prod,521
2008-12-01,2008-09,Suzuki Cultus,Sale,254
2009-01-01,2008-09,Suzuki Cultus,Prod,403
2009-01-01,2008-09,Suzuki Cultus,Sale,741
2009-02-01,2008-09,Suzuki Cultus,Prod,420
2009-02-01,2008-09,Suzuki Cultus,Sale,412
2009-03-01,2008-09,Suzuki Cultus,Prod,506
2009-03-01,2008-09,Suzuki Cultus,Sale,371
2009-04-01,2008-09,Suzuki Cultus,Prod,608
2009-04-01,2008-09,Suzuki Cultus,Sale,484
2009-05-01,2008-09,Suzuki Cultus,Prod,425
2009-05-01,2008-09,Suzuki Cultus,Sale,671
2009-06-01,2008-09,Suzuki Cultus,Prod,686
2009-06-01,2008-09,Suzuki Cultus,Sale,777
2009-07-01,2009-10,Suzuki Cultus,Prod,955
2009-07-01,2009-10,Suzuki Cultus,Sale,909
2009-08-01,2009-10,Suzuki Cultus,Prod,952
2009-08-01,2009-10,Suzuki Cultus,Sale,968
2009-09-01,2009-10,Suzuki Cultus,Prod,922
2009-09-01,2009-10,Suzuki Cultus,Sale,975
2009-10-01,2009-10,Suzuki Cultus,Prod,1159
2009-10-01,2009-10,Suzuki Cultus,Sale,1201
2009-11-01,2009-10,Suzuki Cultus,Prod,995
2009-11-01,2009-10,Suzuki Cultus,Sale,880
2009-12-01,2009-10,Suzuki Cultus,Prod,981
2009-12-01,2009-10,Suzuki Cultus,Sale,805
2010-01-01,2009-10,Suzuki Cultus,Prod,880
2010-01-01,2009-10,Suzuki Cultus,Sale,950
2010-02-01,2009-10,Suzuki Cultus,Prod,860
2010-02-01,2009-10,Suzuki Cultus,Sale,900
2010-03-01,2009-10,Suzuki Cultus,Prod,1314
2010-03-01,2009-10,Suzuki Cultus,Sale,1200
2010-04-01,2009-10,Suzuki Cultus,Prod,1287
2010-04-01,2009-10,Suzuki Cultus,Sale,1104
2010-05-01,2009-10,Suzuki Cultus,Prod,1195
2010-05-01,2009-10,Suzuki Cultus,Sale,1250
2010-06-01,2009-10,Suzuki Cultus,Prod,953
2010-06-01,2009-10,Suzuki Cultus,Sale,1516
2010-07-01,2010-11,Suzuki Cultus,Prod,1112
2010-07-01,2010-11,Suzuki Cultus,Sale,704
2010-08-01,2010-11,Suzuki Cultus,Prod,923
2010-08-01,2010-11,Suzuki Cultus,Sale,1050
2010-09-01,2010-11,Suzuki Cultus,Prod,1031
2010-09-01,2010-11,Suzuki Cultus,Sale,1106
2010-10-01,2010-11,Suzuki Cultus,Prod,1084
2010-10-01,2010-11,Suzuki Cultus,Sale,963
2010-11-01,2010-11,Suzuki Cultus,Prod,1015
2010-11-01,2010-11,Suzuki Cultus,Sale,977
2010-12-01,2010-11,Suzuki Cultus,Prod,924
2010-12-01,2010-11,Suzuki Cultus,Sale,799
2011-01-01,2010-11,Suzuki Cultus,Prod,493
2011-01-01,2010-11,Suzuki Cultus,Sale,908
2011-02-01,2010-11,Suzuki Cultus,Prod,441
2011-02-01,2010-11,Suzuki Cultus,Sale,412
2011-03-01,2010-11,Suzuki Cultus,Prod,1960
2011-03-01,2010-11,Suzuki Cultus,Sale,1435
2011-04-01,2010-11,Suzuki Cultus,Prod,1038
2011-04-01,2010-11,Suzuki Cultus,Sale,1264
2011-05-01,2010-11,Suzuki Cultus,Prod,1249
2011-05-01,2010-11,Suzuki Cultus,Sale,1321
2011-06-01,2010-11,Suzuki Cultus,Prod,1144
2011-06-01,2010-11,Suzuki Cultus,Sale,489
2011-07-01,2011-12,Suzuki Cultus,Prod,929
2011-07-01,2011-12,Suzuki Cultus,Sale,1700
2011-08-01,2011-12,Suzuki Cultus,Prod,963
2011-08-01,2011-12,Suzuki Cultus,Sale,972
2011-09-01,2011-12,Suzuki Cultus,Prod,1181
2011-09-01,2011-12,Suzuki Cultus,Sale,1038
2011-10-01,2011-12,Suzuki Cultus,Prod,1513
2011-10-01,2011-12,Suzuki Cultus,Sale,1287
2011-11-01,2011-12,Suzuki Cultus,Prod,1020
2011-11-01,2011-12,Suzuki Cultus,Sale,1019
2011-12-01,2011-12,Suzuki Cultus,Prod,1043
2011-12-01,2011-12,Suzuki Cultus,Sale,1018
2012-01-01,2011-12,Suzuki Cultus,Prod,1080
2012-01-01,2011-12,Suzuki Cultus,Sale,1191
2012-02-01,2011-12,Suzuki Cultus,Prod,1107
2012-02-01,2011-12,Suzuki Cultus,Sale,1348
2012-03-01,2011-12,Suzuki Cultus,Prod,1069
2012-03-01,2011-12,Suzuki Cultus,Sale,1025
2012-04-01,2011-12,Suzuki Cultus,Prod,1065
2012-04-01,2011-12,Suzuki Cultus,Sale,711
2012-05-01,2011-12,Suzuki Cultus,Prod,1208
2012-05-01,2011-12,Suzuki Cultus,Sale,1212
2012-06-01,2011-12,Suzuki Cultus,Prod,1422
2012-06-01,2011-12,Suzuki Cultus,Sale,1172
2012-07-01,2012-13,Suzuki Cultus,Prod,1451
2012-07-01,2012-13,Suzuki Cultus,Sale,1135
2012-08-01,2012-13,Suzuki Cultus,Prod,854
2012-08-01,2012-13,Suzuki Cultus,Sale,1173
2012-09-01,2012-13,Suzuki Cultus,Prod,823
2012-09-01,2012-13,Suzuki Cultus,Sale,1022
2012-10-01,2012-13,Suzuki Cultus,Prod,763
2012-10-01,2012-13,Suzuki Cultus,Sale,987
2012-11-01,2012-13,Suzuki Cultus,Prod,940
2012-11-01,2012-13,Suzuki Cultus,Sale,1031
2012-12-01,2012-13,Suzuki Cultus,Prod,1028
2012-12-01,2012-13,Suzuki Cultus,Sale,845
2013-01-01,2012-13,Suzuki Cultus,Prod,1122
2013-01-01,2012-13,Suzuki Cultus,Sale,1266
2013-02-01,2012-13,Suzuki Cultus,Prod,1094
2013-02-01,2012-13,Suzuki Cultus,Sale,1169
2013-03-01,2012-13,Suzuki Cultus,Prod,1224
2013-03-01,2012-13,Suzuki Cultus,Sale,1228
2013-04-01,2012-13,Suzuki Cultus,Prod,941
2013-04-01,2012-13,Suzuki Cultus,Sale,1056
2013-05-01,2012-13,Suzuki Cultus,Prod,1368
2013-05-01,2012-13,Suzuki Cultus,Sale,1394
2013-06-01,2012-13,Suzuki Cultus,Prod,1177
2013-06-01,2012-13,Suzuki Cultus,Sale,1002
2013-07-01,2013-14,Suzuki Cultus,Prod,1069
2013-07-01,2013-14,Suzuki Cultus,Sale,1225
2013-08-01,2013-14,Suzuki Cultus,Prod,1047
2013-08-01,2013-14,Suzuki Cultus,Sale,1018
2013-09-01,2013-14,Suzuki Cultus,Prod,1133
2013-09-01,2013-14,Suzuki Cultus,Sale,1108
2013-10-01,2013-14,Suzuki Cultus,Prod,1378
2013-10-01,2013-14,Suzuki Cultus,Sale,1258
2013-11-01,2013-14,Suzuki Cultus,Prod,1455
2013-11-01,2013-14,Suzuki Cultus,Sale,1262
2013-12-01,2013-14,Suzuki Cultus,Prod,1570
2013-12-01,2013-14,Suzuki Cultus,Sale,1384
2014-01-01,2013-14,Suzuki Cultus,Prod,1215
2014-01-01,2013-14,Suzuki Cultus,Sale,1456
2014-02-01,2013-14,Suzuki Cultus,Prod,1207
2014-02-01,2013-14,Suzuki Cultus,Sale,1346
2014-03-01,2013-14,Suzuki Cultus,Prod,1216
2014-03-01,2013-14,Suzuki Cultus,Sale,1018
2014-04-01,2013-14,Suzuki Cultus,Prod,1235
2014-04-01,2013-14,Suzuki Cultus,Sale,1446
2014-05-01,2013-14,Suzuki Cultus,Prod,851
2014-05-01,2013-14,Suzuki Cultus,Sale,990
2014-06-01,2013-14,Suzuki Cultus,Prod,1091
2014-06-01,2013-14,Suzuki Cultus,Sale,1171
2014-07-01,2014-15,Suzuki Cultus,Prod,805
2014-07-01,2014-15,Suzuki Cultus,Sale,807
2014-08-01,2014-15,Suzuki Cultus,Prod,1289
2014-08-01,2014-15,Suzuki Cultus,Sale,1257
2014-09-01,2014-15,Suzuki Cultus,Prod,1167
2014-09-01,2014-15,Suzuki Cultus,Sale,917
2014-10-01,2014-15,Suzuki Cultus,Prod,1281
2014-10-01,2014-15,Suzuki Cultus,Sale,1264
2014-11-01,2014-15,Suzuki Cultus,Prod,1189
2014-11-01,2014-15,Suzuki Cultus,Sale,1180
2014-12-01,2014-15,Suzuki Cultus,Prod,1335
2014-12-01,2014-15,Suzuki Cultus,Sale,1182
2015-01-01,2014-15,Suzuki Cultus,Prod,1089
2015-01-01,2014-15,Suzuki Cultus,Sale,1140
2015-02-01,2014-15,Suzuki Cultus,Prod,950
2015-02-01,2014-15,Suzuki Cultus,Sale,1162
2015-03-01,2014-15,Suzuki Cultus,Prod,1699
2015-03-01,2014-15,Suzuki Cultus,Sale,1593
2015-04-01,2014-15,Suzuki Cultus,Prod,1021
2015-04-01,2014-15,Suzuki Cultus,Sale,895
2015-05-01,2014-15,Suzuki Cultus,Prod,1135
2015-05-01,2014-15,Suzuki Cultus,Sale,1353
2015-06-01,2014-15,Suzuki Cultus,Prod,1182
2015-06-01,2014-15,Suzuki Cultus,Sale,1087
2015-07-01,2015-16,Suzuki Cultus,Prod,1057
2015-07-01,2015-16,Suzuki Cultus,Sale,970
2015-08-01,2015-16,Suzuki Cultus,Prod,1529
2015-08-01,2015-16,Suzuki Cultus,Sale,1284
2015-09-01,2015-16,Suzuki Cultus,Prod,1303
2015-09-01,2015-16,Suzuki Cultus,Sale,1266
2015-10-01,2015-16,Suzuki Cultus,Prod,1360
2015-10-01,2015-16,Suzuki Cultus,Sale,1340
2015-11-01,2015-16,Suzuki Cultus,Prod,1529
2015-11-01,2015-16,Suzuki Cultus,Sale,1413
2015-12-01,2015-16,Suzuki Cultus,Prod,1493
2015-12-01,2015-16,Suzuki Cultus,Sale,1685
2016-01-01,2015-16,Suzuki Cultus,Prod,1703
2016-01-01,2015-16,Suzuki Cultus,Sale,1018
2016-02-01,2015-16,Suzuki Cultus,Prod,1132
2016-02-01,2015-16,Suzuki Cultus,Sale,1141
2016-03-01,2015-16,Suzuki Cultus,Prod,1478
2016-03-01,2015-16,Suzuki Cultus,Sale,1630
2016-04-01,2015-16,Suzuki Cultus,Prod,1549
2016-04-01,2015-16,Suzuki Cultus,Sale,1527
2016-05-01,2015-16,Suzuki Cultus,Prod,1396
2016-05-01,2015-16,Suzuki Cultus,Sale,1576
2016-06-01,2015-16,Suzuki Cultus,Prod,1243
2016-06-01,2015-16,Suzuki Cultus,Sale,1600
2016-07-01,2016-17,Suzuki Cultus,Prod,1205
2016-07-01,2016-17,Suzuki Cultus,Sale,1138
2016-08-01,2016-17,Suzuki Cultus,Prod,1489
2016-08-01,2016-17,Suzuki Cultus,Sale,1052
2016-09-01,2016-17,Suzuki Cultus,Prod,1659
2016-09-01,2016-17,Suzuki Cultus,Sale,1132
2016-10-01,2016-17,Suzuki Cultus,Prod,1522
2016-10-01,2016-17,Suzuki Cultus,Sale,1188
2016-11-01,2016-17,Suzuki Cultus,Prod,1543
2016-11-01,2016-17,Suzuki Cultus,Sale,1295
2016-12-01,2016-17,Suzuki Cultus,Prod,1777
2016-12-01,2016-17,Suzuki Cultus,Sale,1298
2017-01-01,2016-17,Suzuki Cultus,Prod,1926
2017-01-01,2016-17,Suzuki Cultus,Sale,1366
2017-02-01,2016-17,Suzuki Cultus,Prod,1505
2017-02-01,2016-17,Suzuki Cultus,Sale,1751
2017-03-01,2016-17,Suzuki Cultus,Prod,710
2017-03-01,2016-17,Suzuki Cultus,Sale,1685
2017-04-01,2016-17,Suzuki Cultus,Prod,1661
2017-04-01,2016-17,Suzuki Cultus,Sale,1321
2017-05-01,2016-17,Suzuki Cultus,Prod,1808
2017-05-01,2016-17,Suzuki Cultus,Sale,2012
2017-06-01,2016-17,Suzuki Cultus,Prod,992
2017-06-01,2016-17,Suzuki Cultus,Sale,1768
2017-07-01,2017-18,Suzuki Cultus,Prod,2044
2017-07-01,2017-18,Suzuki Cultus,Sale,1894
2017-08-01,2017-18,Suzuki Cultus,Prod,1721
2017-08-01,2017-18,Suzuki Cultus,Sale,1776
2017-09-01,2017-18,Suzuki Cultus,Prod,1654
2017-09-01,2017-18,Suzuki Cultus,Sale,1511
2017-10-01,2017-18,Suzuki Cultus,Prod,1728
2017-10-01,2017-18,Suzuki Cultus,Sale,1458
2017-11-01,2017-18,Suzuki Cultus,Prod,1603
2017-11-01,2017-18,Suzuki Cultus,Sale,1363
2017-12-01,2017-18,Suzuki Cultus,Prod,1234
2017-12-01,2017-18,Suzuki Cultus,Sale,1499
2018-01-01,2017-18,Suzuki Cultus,Prod,2002
2018-01-01,2017-18,Suzuki Cultus,Sale,2046
2018-02-01,2017-18,Suzuki Cultus,Prod,1716
2018-02-01,2017-18,Suzuki Cultus,Sale,2150
2018-03-01,2017-18,Suzuki Cultus,Prod,1871
2018-03-01,2017-18,Suzuki Cultus,Sale,1927
2018-04-01,2017-18,Suzuki Cultus,Prod,1510
2018-04-01,2017-18,Suzuki Cultus,Sale,2085
2018-05-01,2017-18,Suzuki Cultus,Prod,1312
2018-05-01,2017-18,Suzuki Cultus,Sale,1412
2018-06-01,2017-18,Suzuki Cultus,Prod,1499
2018-06-01,2017-18,Suzuki Cultus,Sale,1362
2018-07-01,2018-19,Suzuki Cultus,Prod,1786
2018-07-01,2018-19,Suzuki Cultus,Sale,1661
2018-08-01,2018-19,Suzuki Cultus,Prod,1566
2018-08-01,2018-19,Suzuki Cultus,Sale,1380
2018-09-01,2018-19,Suzuki Cultus,Prod,1452
2018-09-01,2018-19,Suzuki Cultus,Sale,1788
2018-10-01,2018-19,Suzuki Cultus,Prod,2614
2018-10-01,2018-19,Suzuki Cultus,Sale,2401
2018-11-01,2018-19,Suzuki Cultus,Prod,2287
2018-11-01,2018-19,Suzuki Cultus,Sale,1545
2018-12-01,2018-19,Suzuki Cultus,Prod,1843
2018-12-01,2018-19,Suzuki Cultus,Sale,1982
2019-01-01,2018-19,Suzuki Cultus,Prod,2362
2019-01-01,2018-19,Suzuki Cultus,Sale,2185
2019-02-01,2018-19,Suzuki Cultus,Prod,2187
2019-02-01,2018-19,Suzuki Cultus,Sale,1843
2019-03-01,2018-19,Suzuki Cultus,Prod,2483
2019-03-01,2018-19,Suzuki Cultus,Sale,2253
2019-04-01,2018-19,Suzuki Cultus,Prod,1737
2019-04-01,2018-19,Suzuki Cultus,Sale,2191
2019-05-01,2018-19,Suzuki Cultus,Prod,1550
2019-05-01,2018-19,Suzuki Cultus,Sale,2546
2019-06-01,2018-19,Suzuki Cultus,Prod,1717
2019-06-01,2018-19,Suzuki Cultus,Sale,988
2019-07-01,2019-20,Suzuki Cultus,Prod,2293
2019-07-01,2019-20,Suzuki Cultus,Sale,1208
2019-08-01,2019-20,Suzuki Cultus,Prod,1007
2019-08-01,2019-20,Suzuki Cultus,Sale,1289
2019-09-01,2019-20,Suzuki Cultus,Prod,702
2019-09-01,2019-20,Suzuki Cultus,Sale,1101
2019-10-01,2019-20,Suzuki Cultus,Prod,1192
2019-10-01,2019-20,Suzuki Cultus,Sale,1179
2019-11-01,2019-20,Suzuki Cultus,Prod,729
2019-11-01,2019-20,Suzuki Cultus,Sale,914
2019-12-01,2019-20,Suzuki Cultus,Prod,803
2019-12-01,2019-20,Suzuki Cultus,Sale,918
2020-01-01,2019-20,Suzuki Cultus,Prod,1389
2020-01-01,2019-20,Suzuki Cultus,Sale,1701
2020-02-01,2019-20,Suzuki Cultus,Prod,1107
2020-02-01,2019-20,Suzuki Cultus,Sale,1535
2020-03-01,2019-20,Suzuki Cultus,Prod,1090
2020-03-01,2019-20,Suzuki Cultus,Sale,710
2020-04-01,2019-20,Suzuki Cultus,Prod,0
2020-04-01,2019-20,Suzuki Cultus,Sale,0
2020-05-01,2019-20,Suzuki Cultus,Prod,0
2020-05-01,2019-20,Suzuki Cultus,Sale,922
2020-06-01,2019-20,Suzuki Cultus,Prod,602
2020-06-01,2019-20,Suzuki Cultus,Sale,830
2020-07-01,2020-21,Suzuki Cultus,Prod,1428
2020-07-01,2020-21,Suzuki Cultus,Sale,1077
2020-08-01,2020-21,Suzuki Cultus,Prod,960
2020-08-01,2020-21,Suzuki Cultus,Sale,1400
2020-09-01,2020-21,Suzuki Cultus,Prod,863
2020-09-01,2020-21,Suzuki Cultus,Sale,786
2020-10-01,2020-21,Suzuki Cultus,Prod,590
2020-10-01,2020-21,Suzuki Cultus,Sale,816
2020-11-01,2020-21,Suzuki Cultus,Prod,1753
2020-11-01,2020-21,Suzuki Cultus,Sale,1517
2020-12-01,2020-21,Suzuki Cultus,Prod,1988
2020-12-01,2020-21,Suzuki Cultus,Sale,1921
2021-01-01,2020-21,Suzuki Cultus,Prod,1012
2021-01-01,2020-21,Suzuki Cultus,Sale,1470
2021-02-01,2020-21,Suzuki Cultus,Prod,1379
2021-02-01,2020-21,Suzuki Cultus,Sale,1484
2021-03-01,2020-21,Suzuki Cultus,Prod,1716
2021-03-01,2020-21,Suzuki Cultus,Sale,1637
2021-04-01,2020-21,Suzuki Cultus,Prod,1281
2021-04-01,2020-21,Suzuki Cultus,Sale,1312
2021-05-01,2020-21,Suzuki Cultus,Prod,2347
2021-05-01,2020-21,Suzuki Cultus,Sale,1820
2021-06-01,2020-21,Suzuki Cultus,Prod,3397
2021-06-01,2020-21,Suzuki Cultus,Sale,2270
2021-07-01,2021-22,Suzuki Cultus,Prod,3051
2021-07-01,2021-22,Suzuki Cultus,Sale,4213
2021-08-01,2021-22,Suzuki Cultus,Prod,2907
2021-08-01,2021-22,Suzuki Cultus,Sale,2845
2021-09-01,2021-22,Suzuki Cultus,Prod,2787
2021-09-01,2021-22,Suzuki Cultus,Sale,3056
2021-10-01,2021-22,Suzuki Cultus,Prod,1264
2021-10-01,2021-22,Suzuki Cultus,Sale,1340
2021-11-01,2021-22,Suzuki Cultus,Prod,1703
2021-11-01,2021-22,Suzuki Cultus,Sale,1651
2021-12-01,2021-22,Suzuki Cultus,Prod,1183
2021-12-01,2021-22,Suzuki Cultus,Sale,1411
2022-01-01,2021-22,Suzuki Cultus,Prod,1324
2022-01-01,2021-22,Suzuki Cultus,Sale,1172
2022-02-01,2021-22,Suzuki Cultus,Prod,1940
2022-02-01,2021-22,Suzuki Cultus,Sale,1692
2022-03-01,2021-22,Suzuki Cultus,Prod,623
2022-03-01,2021-22,Suzuki Cultus,Sale,306
2022-04-01,2021-22,Suzuki Cultus,Prod,1178
2022-04-01,2021-22,Suzuki Cultus,Sale,1745
2022-05-01,2021-22,Suzuki Cultus,Prod,1186
2022-05-01,2021-22,Suzuki Cultus,Sale,1270
2022-06-01,2021-22,Suzuki Cultus,Prod,2364
2022-06-01,2021-22,Suzuki Cultus,Sale,2468
2022-07-01,2022-23,Suzuki Cultus,Prod,1251
2022-07-01,2022-23,Suzuki Cultus,Sale,661
2022-08-01,2022-23,Suzuki Cultus,Prod,470
2022-08-01,2022-23,Suzuki Cultus,Sale,411
2022-09-01,2022-23,Suzuki Cultus,Prod,316
2022-09-01,2022-23,Suzuki Cultus,Sale,751
2022-10-01,2022-23,Suzuki Cultus,Prod,996
2022-10-01,2022-23,Suzuki Cultus,Sale,1129
2022-11-01,2022-23,Suzuki Cultus,Prod,1055
2022-11-01,2022-23,Suzuki Cultus,Sale,1134
2022-12-01,2022-23,Suzuki Cultus,Prod,1249
2022-12-01,2022-23,Suzuki Cultus,Sale,1057
2023-01-01,2022-23,Suzuki Cultus,Prod,528
2023-01-01,2022-23,Suzuki Cultus,Sale,543
2023-02-01,2022-23,Suzuki Cultus,Prod,273
2023-02-01,2022-23,Suzuki Cultus,Sale,72
2023-03-01,2022-23,Suzuki Cultus,Prod,293
2023-03-01,2022-23,Suzuki Cultus,Sale,475
2023-04-01,2022-23,Suzuki Cultus,Prod,521
2023-04-01,2022-23,Suzuki Cultus,Sale,177
2023-05-01,2022-23,Suzuki Cultus,Prod,724
2023-05-01,2022-23,Suzuki Cultus,Sale,282
2023-06-01,2022-23,Suzuki Cultus,Prod,453
2023-06-01,2022-23,Suzuki Cultus,Sale,264
2023-07-01,2023-24,Suzuki Cultus,Prod,0
2023-07-01,2023-24,Suzuki Cultus,Sale,177
2023-08-01,2023-24,Suzuki Cultus,Prod,158
2023-08-01,2023-24,Suzuki Cultus,Sale,305
2023-09-01,2023-24,Suzuki Cultus,Prod,147
2023-09-01,2023-24,Suzuki Cultus,Sale,332
2023-10-01,2023-24,Suzuki Cultus,Prod,173
2023-10-01,2023-24,Suzuki Cultus,Sale,328
2023-11-01,2023-24,Suzuki Cultus,Prod,225
2023-11-01,2023-24,Suzuki Cultus,Sale,469
2023-12-01,2023-24,Suzuki Cultus,Prod,359
2023-12-01,2023-24,Suzuki Cultus,Sale,297
2024-01-01,2023-24,Suzuki Cultus,Prod,288
2024-01-01,2023-24,Suzuki Cultus,Sale,273
2024-02-01,2023-24,Suzuki Cultus,Prod,240
2024-02-01,2023-24,Suzuki Cultus,Sale,320
2024-03-01,2023-24,Suzuki Cultus,Prod,192
2024-03-01,2023-24,Suzuki Cultus,Sale,302
2024-04-01,2023-24,Suzuki Cultus,Prod,287
2024-04-01,2023-24,Suzuki Cultus,Sale,320
2024-05-01,2023-24,Suzuki Cultus,Prod,383
2024-05-01,2023-24,Suzuki Cultus,Sale,229
2024-06-01,2023-24,Suzuki Cultus,Prod,237
2024-06-01,2023-24,Suzuki Cultus,Sale,526
2024-07-01,2024-25,Suzuki Cultus,Prod,149
2024-07-01,2024-25,Suzuki Cultus,Sale,96
2024-08-01,2024-25,Suzuki Cultus,Prod,45
2024-08-01,2024-25,Suzuki Cultus,Sale,131
2024-09-01,2024-25,Suzuki Cultus,Prod,77
2024-09-01,2024-25,Suzuki Cultus,Sale,59
2024-10-01,2024-25,Suzuki Cultus,Prod,310
2024-10-01,2024-25,Suzuki Cultus,Sale,343
2024-11-01,2024-25,Suzuki Cultus,Prod,245
2024-11-01,2024-25,Suzuki Cultus,Sale,179
2024-12-01,2024-25,Suzuki Cultus,Prod,382
2024-12-01,2024-25,Suzuki Cultus,Sale,322
2025-01-01,2024-25,Suzuki Cultus,Prod,383
2025-01-01,2024-25,Suzuki Cultus,Sale,475
2025-02-01,2024-25,Suzuki Cultus,Prod,289
2025-02-01,2024-25,Suzuki Cultus,Sale,282
2025-03-01,2024-25,Suzuki Cultus,Prod,144
2025-03-01,2024-25,Suzuki Cultus,Sale,97
2025-04-01,2024-25,Suzuki Cultus,Prod,235
2025-04-01,2024-25,Suzuki Cultus,Sale,146
2025-05-01,2024-25,Suzuki Cultus,Prod,547
2025-05-01,2024-25,Suzuki Cultus,Sale,252
2025-06-01,2024-25,Suzuki Cultus,Prod,514
2025-06-01,2024-25,Suzuki Cultus,Sale,523
2024-07-01,2024-25,Suzuki Every,Prod,0
2024-07-01,2024-25,Suzuki Every,Sale,0
2024-08-01,2024-25,Suzuki Every,Prod,0
2024-08-01,2024-25,Suzuki Every,Sale,0
2024-09-01,2024-25,Suzuki Every,Prod,0
2024-09-01,2024-25,Suzuki Every,Sale,0
2024-10-01,2024-25,Suzuki Every,Prod,736
2024-10-01,2024-25,Suzuki Every,Sale,262
2024-11-01,2024-25,Suzuki Every,Prod,981
2024-11-01,2024-25,Suzuki Every,Sale,636
2024-12-01,2024-25,Suzuki Every,Prod,944
2024-12-01,2024-25,Suzuki Every,Sale,113
2025-01-01,2024-25,Suzuki Every,Prod,620
2025-01-01,2024-25,Suzuki Every,Sale,456
2025-02-01,2024-25,Suzuki Every,Prod,390
2025-02-01,2024-25,Suzuki Every,Sale,110
2025-03-01,2024-25,Suzuki Every,Prod,284
2025-03-01,2024-25,Suzuki Every,Sale,353
2025-04-01,2024-25,Suzuki Every,Prod,413
2025-04-01,2024-25,Suzuki Every,Sale,323
2025-05-01,2024-25,Suzuki Every,Prod,547
2025-05-01,2024-25,Suzuki Every,Sale,456
2025-06-01,2024-25,Suzuki Every,Prod,428
2025-06-01,2024-25,Suzuki Every,Sale,681
2007-07-01,2007-08,Suzuki Liana,Prod,353
2007-07-01,2007-08,Suzuki Liana,Sale,318
2007-08-01,2007-08,Suzuki Liana,Prod,199
2007-08-01,2007-08,Suzuki Liana,Sale,613
2007-09-01,2007-08,Suzuki Liana,Prod,514
2007-09-01,2007-08,Suzuki Liana,Sale,386
2007-10-01,2007-08,Suzuki Liana,Prod,439
2007-10-01,2007-08,Suzuki Liana,Sale,162
2007-11-01,2007-08,Suzuki Liana,Prod,306
2007-11-01,2007-08,Suzuki Liana,Sale,192
2007-12-01,2007-08,Suzuki Liana,Prod,10
2007-12-01,2007-08,Suzuki Liana,Sale,175
2008-01-01,2007-08,Suzuki Liana,Prod,30
2008-01-01,2007-08,Suzuki Liana,Sale,180
2008-02-01,2007-08,Suzuki Liana,Prod,175
2008-02-01,2007-08,Suzuki Liana,Sale,186
2008-03-01,2007-08,Suzuki Liana,Prod,280
2008-03-01,2007-08,Suzuki Liana,Sale,208
2008-04-01,2007-08,Suzuki Liana,Prod,145
2008-04-01,2007-08,Suzuki Liana,Sale,196
2008-05-01,2007-08,Suzuki Liana,Prod,96
2008-05-01,2007-08,Suzuki Liana,Sale,148
2008-06-01,2007-08,Suzuki Liana,Prod,58
2008-06-01,2007-08,Suzuki Liana,Sale,219
2008-07-01,2008-09,Suzuki Liana,Prod,11
2008-07-01,2008-09,Suzuki Liana,Sale,59
2008-08-01,2008-09,Suzuki Liana,Prod,66
2008-08-01,2008-09,Suzuki Liana,Sale,101
2008-09-01,2008-09,Suzuki Liana,Prod,143
2008-09-01,2008-09,Suzuki Liana,Sale,102
2008-10-01,2008-09,Suzuki Liana,Prod,149
2008-10-01,2008-09,Suzuki Liana,Sale,114
2008-11-01,2008-09,Suzuki Liana,Prod,14
2008-11-01,2008-09,Suzuki Liana,Sale,35
2008-12-01,2008-09,Suzuki Liana,Prod,3
2008-12-01,2008-09,Suzuki Liana,Sale,158
2009-01-01,2008-09,Suzuki Liana,Prod,0
2009-01-01,2008-09,Suzuki Liana,Sale,21
2009-02-01,2008-09,Suzuki Liana,Prod,18
2009-02-01,2008-09,Suzuki Liana,Sale,33
2009-03-01,2008-09,Suzuki Liana,Prod,96
2009-03-01,2008-09,Suzuki Liana,Sale,45
2009-04-01,2008-09,Suzuki Liana,Prod,11
2009-04-01,2008-09,Suzuki Liana,Sale,48
2009-05-01,2008-09,Suzuki Liana,Prod,20
2009-05-01,2008-09,Suzuki Liana,Sale,45
2009-06-01,2008-09,Suzuki Liana,Prod,153
2009-06-01,2008-09,Suzuki Liana,Sale,90
2009-07-01,2009-10,Suzuki Liana,Prod,92
2009-07-01,2009-10,Suzuki Liana,Sale,87
2009-08-01,2009-10,Suzuki Liana,Prod,91
2009-08-01,2009-10,Suzuki Liana,Sale,101
2009-09-01,2009-10,Suzuki Liana,Prod,116
2009-09-01,2009-10,Suzuki Liana,Sale,170
2009-10-01,2009-10,Suzuki Liana,Prod,96
2009-10-01,2009-10,Suzuki Liana,Sale,59
2009-11-01,2009-10,Suzuki Liana,Prod,83
2009-11-01,2009-10,Suzuki Liana,Sale,74
2009-12-01,2009-10,Suzuki Liana,Prod,66
2009-12-01,2009-10,Suzuki Liana,Sale,42
2010-01-01,2009-10,Suzuki Liana,Prod,54
2010-01-01,2009-10,Suzuki Liana,Sale,88
2010-02-01,2009-10,Suzuki Liana,Prod,44
2010-02-01,2009-10,Suzuki Liana,Sale,30
2010-03-01,2009-10,Suzuki Liana,Prod,70
2010-03-01,2009-10,Suzuki Liana,Sale,119
2010-04-01,2009-10,Suzuki Liana,Prod,56
2010-04-01,2009-10,Suzuki Liana,Sale,78
2010-05-01,2009-10,Suzuki Liana,Prod,65
2010-05-01,2009-10,Suzuki Liana,Sale,95
2010-06-01,2009-10,Suzuki Liana,Prod,67
2010-06-01,2009-10,Suzuki Liana,Sale,82
2010-07-01,2010-11,Suzuki Liana,Prod,28
2010-07-01,2010-11,Suzuki Liana,Sale,17
2010-08-01,2010-11,Suzuki Liana,Prod,80
2010-08-01,2010-11,Suzuki Liana,Sale,34
2010-09-01,2010-11,Suzuki Liana,Prod,8
2010-09-01,2010-11,Suzuki Liana,Sale,22
2010-10-01,2010-11,Suzuki Liana,Prod,79
2010-10-01,2010-11,Suzuki Liana,Sale,50
2010-11-01,2010-11,Suzuki Liana,Prod,53
2010-11-01,2010-11,Suzuki Liana,Sale,39
2010-12-01,2010-11,Suzuki Liana,Prod,40
2010-12-01,2010-11,Suzuki Liana,Sale,26
2011-01-01,2010-11,Suzuki Liana,Prod,40
2011-01-01,2010-11,Suzuki Liana,Sale,52
2011-02-01,2010-11,Suzuki Liana,Prod,70
2011-02-01,2010-11,Suzuki Liana,Sale,65
2011-03-01,2010-11,Suzuki Liana,Prod,81
2011-03-01,2010-11,Suzuki Liana,Sale,31
2011-04-01,2010-11,Suzuki Liana,Prod,4
2011-04-01,2010-11,Suzuki Liana,Sale,50
2011-05-01,2010-11,Suzuki Liana,Prod,75
2011-05-01,2010-11,Suzuki Liana,Sale,61
2011-06-01,2010-11,Suzuki Liana,Prod,56
2011-06-01,2010-11,Suzuki Liana,Sale,23
2011-07-01,2011-12,Suzuki Liana,Prod,13
2011-07-01,2011-12,Suzuki Liana,Sale,100
2011-08-01,2011-12,Suzuki Liana,Prod,61
2011-08-01,2011-12,Suzuki Liana,Sale,27
2011-09-01,2011-12,Suzuki Liana,Prod,48
2011-09-01,2011-12,Suzuki Liana,Sale,29
2011-10-01,2011-12,Suzuki Liana,Prod,94
2011-10-01,2011-12,Suzuki Liana,Sale,12
2011-11-01,2011-12,Suzuki Liana,Prod,18
2011-11-01,2011-12,Suzuki Liana,Sale,20
2011-12-01,2011-12,Suzuki Liana,Prod,0
2011-12-01,2011-12,Suzuki Liana,Sale,11
2012-01-01,2011-12,Suzuki Liana,Prod,0
2012-01-01,2011-12,Suzuki Liana,Sale,60
2012-02-01,2011-12,Suzuki Liana,Prod,0
2012-02-01,2011-12,Suzuki Liana,Sale,57
2012-03-01,2011-12,Suzuki Liana,Prod,1
2012-03-01,2011-12,Suzuki Liana,Sale,58
2012-04-01,2011-12,Suzuki Liana,Prod,50
2012-04-01,2011-12,Suzuki Liana,Sale,28
2012-05-01,2011-12,Suzuki Liana,Prod,28
2012-05-01,2011-12,Suzuki Liana,Sale,23
2012-06-01,2011-12,Suzuki Liana,Prod,21
2012-06-01,2011-12,Suzuki Liana,Sale,25
2012-07-01,2012-13,Suzuki Liana,Prod,23
2012-07-01,2012-13,Suzuki Liana,Sale,25
2012-08-01,2012-13,Suzuki Liana,Prod,21
2012-08-01,2012-13,Suzuki Liana,Sale,20
2012-09-01,2012-13,Suzuki Liana,Prod,24
2012-09-01,2012-13,Suzuki Liana,Sale,9
2012-10-01,2012-13,Suzuki Liana,Prod,25
2012-10-01,2012-13,Suzuki Liana,Sale,32
2012-11-01,2012-13,Suzuki Liana,Prod,2
2012-11-01,2012-13,Suzuki Liana,Sale,10
2012-12-01,2012-13,Suzuki Liana,Prod,0
2012-12-01,2012-13,Suzuki Liana,Sale,14
2013-01-01,2012-13,Suzuki Liana,Prod,7
2013-01-01,2012-13,Suzuki Liana,Sale,2
2013-02-01,2012-13,Suzuki Liana,Prod,24
2013-02-01,2012-13,Suzuki Liana,Sale,12
2013-03-01,2012-13,Suzuki Liana,Prod,24
2013-03-01,2012-13,Suzuki Liana,Sale,14
2013-04-01,2012-13,Suzuki Liana,Prod,0
2013-04-01,2012-13,Suzuki Liana,Sale,9
2013-05-01,2012-13,Suzuki Liana,Prod,0
2013-05-01,2012-13,Suzuki Liana,Sale,4
2013-06-01,2012-13,Suzuki Liana,Prod,0
2013-06-01,2012-13,Suzuki Liana,Sale,13
2013-07-01,2013-14,Suzuki Liana,Prod,0
2013-07-01,2013-14,Suzuki Liana,Sale,5
2013-08-01,2013-14,Suzuki Liana,Prod,0
2013-08-01,2013-14,Suzuki Liana,Sale,8
2013-09-01,2013-14,Suzuki Liana,Prod,0
2013-09-01,2013-14,Suzuki Liana,Sale,17
2013-10-01,2013-14,Suzuki Liana,Prod,72
2013-10-01,2013-14,Suzuki Liana,Sale,31
2013-11-01,2013-14,Suzuki Liana,Prod,0
2013-11-01,2013-14,Suzuki Liana,Sale,0
2013-12-01,2013-14,Suzuki Liana,Prod,72
2013-12-01,2013-14,Suzuki Liana,Sale,26
2014-01-01,2013-14,Suzuki Liana,Prod,0
2014-01-01,2013-14,Suzuki Liana,Sale,22
2014-02-01,2013-14,Suzuki Liana,Prod,0
2014-02-01,2013-14,Suzuki Liana,Sale,1
2014-03-01,2013-14,Suzuki Liana,Prod,0
2014-03-01,2013-14,Suzuki Liana,Sale,13
2014-04-01,2013-14,Suzuki Liana,Prod,0
2014-04-01,2013-14,Suzuki Liana,Sale,8
2014-05-01,2013-14,Suzuki Liana,Prod,0
2014-05-01,2013-14,Suzuki Liana,Sale,8
2014-06-01,2013-14,Suzuki Liana,Prod,0
2014-06-01,2013-14,Suzuki Liana,Sale,22
2014-07-01,2014-15,Suzuki Liana,Prod,0
2014-07-01,2014-15,Suzuki Liana,Sale,4
2014-08-01,2014-15,Suzuki Liana,Prod,0
2014-08-01,2014-15,Suzuki Liana,Sale,4
2014-09-01,2014-15,Suzuki Liana,Prod,0
2014-09-01,2014-15,Suzuki Liana,Sale,5
2014-10-01,2014-15,Suzuki Liana,Prod,0
2014-10-01,2014-15,Suzuki Liana,Sale,1
2014-11-01,2014-15,Suzuki Liana,Prod,0
2014-11-01,2014-15,Suzuki Liana,Sale,5
2014-12-01,2014-15,Suzuki Liana,Prod,0
2014-12-01,2014-15,Suzuki Liana,Sale,0
2015-01-01,2014-15,Suzuki Liana,Prod,0
2015-01-01,2014-15,Suzuki Liana,Sale,3
2015-02-01,2014-15,Suzuki Liana,Prod,0
2015-02-01,2014-15,Suzuki Liana,Sale,0
2015-03-01,2014-15,Suzuki Liana,Prod,0
2015-03-01,2014-15,Suzuki Liana,Sale,1
2015-04-01,2014-15,Suzuki Liana,Prod,0
2015-04-01,2014-15,Suzuki Liana,Sale,0
2015-05-01,2014-15,Suzuki Liana,Prod,0
2015-05-01,2014-15,Suzuki Liana,Sale,0
2015-06-01,2014-15,Suzuki Liana,Prod,0
2015-06-01,2014-15,Suzuki Liana,Sale,0
2015-07-01,2015-16,Suzuki Liana,Prod,0
2015-07-01,2015-16,Suzuki Liana,Sale,0
2015-08-01,2015-16,Suzuki Liana,Prod,0
2015-08-01,2015-16,Suzuki Liana,Sale,0
2015-09-01,2015-16,Suzuki Liana,Prod,0
2015-09-01,2015-16,Suzuki Liana,Sale,0
2015-10-01,2015-16,Suzuki Liana,Prod,0
2015-10-01,2015-16,Suzuki Liana,Sale,0
2015-11-01,2015-16,Suzuki Liana,Prod,0
2015-11-01,2015-16,Suzuki Liana,Sale,0
2015-12-01,2015-16,Suzuki Liana,Prod,0
2015-12-01,2015-16,Suzuki Liana,Sale,0
2016-01-01,2015-16,Suzuki Liana,Prod,0
2016-01-01,2015-16,Suzuki Liana,Sale,0
2016-02-01,2015-16,Suzuki Liana,Prod,0
2016-02-01,2015-16,Suzuki Liana,Sale,0
2016-03-01,2015-16,Suzuki Liana,Prod,0
2016-03-01,2015-16,Suzuki Liana,Sale,0
2016-04-01,2015-16,Suzuki Liana,Prod,0
2016-04-01,2015-16,Suzuki Liana,Sale,0
2016-05-01,2015-16,Suzuki Liana,Prod,0
2016-05-01,2015-16,Suzuki Liana,Sale,0
2016-06-01,2015-16,Suzuki Liana,Prod,0
2016-06-01,2015-16,Suzuki Liana,Sale,0
2007-07-01,2007-08,Suzuki Mehran,Prod,2976
2007-07-01,2007-08,Suzuki Mehran,Sale,2690
2007-08-01,2007-08,Suzuki Mehran,Prod,3328
2007-08-01,2007-08,Suzuki Mehran,Sale,3566
2007-09-01,2007-08,Suzuki Mehran,Prod,3109
2007-09-01,2007-08,Suzuki Mehran,Sale,2603
2007-10-01,2007-08,Suzuki Mehran,Prod,2814
2007-10-01,2007-08,Suzuki Mehran,Sale,3014
2007-11-01,2007-08,Suzuki Mehran,Prod,3475
2007-11-01,2007-08,Suzuki Mehran,Sale,3480
2007-12-01,2007-08,Suzuki Mehran,Prod,2193
2007-12-01,2007-08,Suzuki Mehran,Sale,2233
2008-01-01,2007-08,Suzuki Mehran,Prod,3047
2008-01-01,2007-08,Suzuki Mehran,Sale,2669
2008-02-01,2007-08,Suzuki Mehran,Prod,3008
2008-02-01,2007-08,Suzuki Mehran,Sale,3030
2008-03-01,2007-08,Suzuki Mehran,Prod,2983
2008-03-01,2007-08,Suzuki Mehran,Sale,3390
2008-04-01,2007-08,Suzuki Mehran,Prod,3599
2008-04-01,2007-08,Suzuki Mehran,Sale,3160
2008-05-01,2007-08,Suzuki Mehran,Prod,3633
2008-05-01,2007-08,Suzuki Mehran,Sale,3303
2008-06-01,2007-08,Suzuki Mehran,Prod,2084
2008-06-01,2007-08,Suzuki Mehran,Sale,2388
2008-07-01,2008-09,Suzuki Mehran,Prod,2547
2008-07-01,2008-09,Suzuki Mehran,Sale,1339
2008-08-01,2008-09,Suzuki Mehran,Prod,1506
2008-08-01,2008-09,Suzuki Mehran,Sale,1867
2008-09-01,2008-09,Suzuki Mehran,Prod,926
2008-09-01,2008-09,Suzuki Mehran,Sale,1963
2008-10-01,2008-09,Suzuki Mehran,Prod,1759
2008-10-01,2008-09,Suzuki Mehran,Sale,1898
2008-11-01,2008-09,Suzuki Mehran,Prod,517
2008-11-01,2008-09,Suzuki Mehran,Sale,558
2008-12-01,2008-09,Suzuki Mehran,Prod,598
2008-12-01,2008-09,Suzuki Mehran,Sale,208
2009-01-01,2008-09,Suzuki Mehran,Prod,494
2009-01-01,2008-09,Suzuki Mehran,Sale,1078
2009-02-01,2008-09,Suzuki Mehran,Prod,547
2009-02-01,2008-09,Suzuki Mehran,Sale,598
2009-03-01,2008-09,Suzuki Mehran,Prod,598
2009-03-01,2008-09,Suzuki Mehran,Sale,678
2009-04-01,2008-09,Suzuki Mehran,Prod,1108
2009-04-01,2008-09,Suzuki Mehran,Sale,955
2009-05-01,2008-09,Suzuki Mehran,Prod,1356
2009-05-01,2008-09,Suzuki Mehran,Sale,1143
2009-06-01,2008-09,Suzuki Mehran,Prod,1283
2009-06-01,2008-09,Suzuki Mehran,Sale,1136
2009-07-01,2009-10,Suzuki Mehran,Prod,1865
2009-07-01,2009-10,Suzuki Mehran,Sale,1377
2009-08-01,2009-10,Suzuki Mehran,Prod,1900
2009-08-01,2009-10,Suzuki Mehran,Sale,1983
2009-09-01,2009-10,Suzuki Mehran,Prod,1456
2009-09-01,2009-10,Suzuki Mehran,Sale,1798
2009-10-01,2009-10,Suzuki Mehran,Prod,2345
2009-10-01,2009-10,Suzuki Mehran,Sale,2324
2009-11-01,2009-10,Suzuki Mehran,Prod,1884
2009-11-01,2009-10,Suzuki Mehran,Sale,1740
2009-12-01,2009-10,Suzuki Mehran,Prod,1458
2009-12-01,2009-10,Suzuki Mehran,Sale,1765
2010-01-01,2009-10,Suzuki Mehran,Prod,1745
2010-01-01,2009-10,Suzuki Mehran,Sale,1666
2010-02-01,2009-10,Suzuki Mehran,Prod,1713
2010-02-01,2009-10,Suzuki Mehran,Sale,1707
2010-03-01,2009-10,Suzuki Mehran,Prod,1944
2010-03-01,2009-10,Suzuki Mehran,Sale,1868
2010-04-01,2009-10,Suzuki Mehran,Prod,1723
2010-04-01,2009-10,Suzuki Mehran,Sale,1802
2010-05-01,2009-10,Suzuki Mehran,Prod,1894
2010-05-01,2009-10,Suzuki Mehran,Sale,1801
2010-06-01,2009-10,Suzuki Mehran,Prod,2344
2010-06-01,2009-10,Suzuki Mehran,Sale,2682
2010-07-01,2010-11,Suzuki Mehran,Prod,2288
2010-07-01,2010-11,Suzuki Mehran,Sale,1306
2010-08-01,2010-11,Suzuki Mehran,Prod,1534
2010-08-01,2010-11,Suzuki Mehran,Sale,1905
2010-09-01,2010-11,Suzuki Mehran,Prod,1911
2010-09-01,2010-11,Suzuki Mehran,Sale,2145
2010-10-01,2010-11,Suzuki Mehran,Prod,2169
2010-10-01,2010-11,Suzuki Mehran,Sale,2248
2010-11-01,2010-11,Suzuki Mehran,Prod,2108
2010-11-01,2010-11,Suzuki Mehran,Sale,1992
2010-12-01,2010-11,Suzuki Mehran,Prod,1945
2010-12-01,2010-11,Suzuki Mehran,Sale,1995
2011-01-01,2010-11,Suzuki Mehran,Prod,2490
2011-01-01,2010-11,Suzuki Mehran,Sale,2226
2011-02-01,2010-11,Suzuki Mehran,Prod,2228
2011-02-01,2010-11,Suzuki Mehran,Sale,2613
2011-03-01,2010-11,Suzuki Mehran,Prod,2500
2011-03-01,2010-11,Suzuki Mehran,Sale,2654
2011-04-01,2010-11,Suzuki Mehran,Prod,2191
2011-04-01,2010-11,Suzuki Mehran,Sale,1875
2011-05-01,2010-11,Suzuki Mehran,Prod,2152
2011-05-01,2010-11,Suzuki Mehran,Sale,2343
2011-06-01,2010-11,Suzuki Mehran,Prod,2419
2011-06-01,2010-11,Suzuki Mehran,Sale,817
2011-07-01,2011-12,Suzuki Mehran,Prod,2082
2011-07-01,2011-12,Suzuki Mehran,Sale,3650
2011-08-01,2011-12,Suzuki Mehran,Prod,1773
2011-08-01,2011-12,Suzuki Mehran,Sale,1865
2011-09-01,2011-12,Suzuki Mehran,Prod,2768
2011-09-01,2011-12,Suzuki Mehran,Sale,2900
2011-10-01,2011-12,Suzuki Mehran,Prod,3761
2011-10-01,2011-12,Suzuki Mehran,Sale,2999
2011-11-01,2011-12,Suzuki Mehran,Prod,2262
2011-11-01,2011-12,Suzuki Mehran,Sale,2720
2011-12-01,2011-12,Suzuki Mehran,Prod,2697
2011-12-01,2011-12,Suzuki Mehran,Sale,2880
2012-01-01,2011-12,Suzuki Mehran,Prod,2897
2012-01-01,2011-12,Suzuki Mehran,Sale,2361
2012-02-01,2011-12,Suzuki Mehran,Prod,2947
2012-02-01,2011-12,Suzuki Mehran,Sale,3092
2012-03-01,2011-12,Suzuki Mehran,Prod,2787
2012-03-01,2011-12,Suzuki Mehran,Sale,3116
2012-04-01,2011-12,Suzuki Mehran,Prod,3328
2012-04-01,2011-12,Suzuki Mehran,Sale,3266
2012-05-01,2011-12,Suzuki Mehran,Prod,3142
2012-05-01,2011-12,Suzuki Mehran,Sale,3625
2012-06-01,2011-12,Suzuki Mehran,Prod,3395
2012-06-01,2011-12,Suzuki Mehran,Sale,2657
2012-07-01,2012-13,Suzuki Mehran,Prod,2641
2012-07-01,2012-13,Suzuki Mehran,Sale,2217
2012-08-01,2012-13,Suzuki Mehran,Prod,2674
2012-08-01,2012-13,Suzuki Mehran,Sale,2615
2012-09-01,2012-13,Suzuki Mehran,Prod,2502
2012-09-01,2012-13,Suzuki Mehran,Sale,2551
2012-10-01,2012-13,Suzuki Mehran,Prod,2225
2012-10-01,2012-13,Suzuki Mehran,Sale,2052
2012-11-01,2012-13,Suzuki Mehran,Prod,2482
2012-11-01,2012-13,Suzuki Mehran,Sale,2658
2012-12-01,2012-13,Suzuki Mehran,Prod,2464
2012-12-01,2012-13,Suzuki Mehran,Sale,2710
2013-01-01,2012-13,Suzuki Mehran,Prod,3117
2013-01-01,2012-13,Suzuki Mehran,Sale,2968
2013-02-01,2012-13,Suzuki Mehran,Prod,2510
2013-02-01,2012-13,Suzuki Mehran,Sale,2800
2013-03-01,2012-13,Suzuki Mehran,Prod,3297
2013-03-01,2012-13,Suzuki Mehran,Sale,2988
2013-04-01,2012-13,Suzuki Mehran,Prod,2755
2013-04-01,2012-13,Suzuki Mehran,Sale,3019
2013-05-01,2012-13,Suzuki Mehran,Prod,3908
2013-05-01,2012-13,Suzuki Mehran,Sale,3070
2013-06-01,2012-13,Suzuki Mehran,Prod,3703
2013-06-01,2012-13,Suzuki Mehran,Sale,2759
2013-07-01,2013-14,Suzuki Mehran,Prod,2404
2013-07-01,2013-14,Suzuki Mehran,Sale,2299
2013-08-01,2013-14,Suzuki Mehran,Prod,2010
2013-08-01,2013-14,Suzuki Mehran,Sale,2260
2013-09-01,2013-14,Suzuki Mehran,Prod,1990
2013-09-01,2013-14,Suzuki Mehran,Sale,2623
2013-10-01,2013-14,Suzuki Mehran,Prod,2116
2013-10-01,2013-14,Suzuki Mehran,Sale,1972
2013-11-01,2013-14,Suzuki Mehran,Prod,1813
2013-11-01,2013-14,Suzuki Mehran,Sale,2568
2013-12-01,2013-14,Suzuki Mehran,Prod,1818
2013-12-01,2013-14,Suzuki Mehran,Sale,1979
2014-01-01,2013-14,Suzuki Mehran,Prod,2503
2014-01-01,2013-14,Suzuki Mehran,Sale,2531
2014-02-01,2013-14,Suzuki Mehran,Prod,2734
2014-02-01,2013-14,Suzuki Mehran,Sale,2874
2014-03-01,2013-14,Suzuki Mehran,Prod,2998
2014-03-01,2013-14,Suzuki Mehran,Sale,2206
2014-04-01,2013-14,Suzuki Mehran,Prod,3083
2014-04-01,2013-14,Suzuki Mehran,Sale,2890
2014-05-01,2013-14,Suzuki Mehran,Prod,2367
2014-05-01,2013-14,Suzuki Mehran,Sale,2361
2014-06-01,2013-14,Suzuki Mehran,Prod,2649
2014-06-01,2013-14,Suzuki Mehran,Sale,2946
2014-07-01,2014-15,Suzuki Mehran,Prod,1882
2014-07-01,2014-15,Suzuki Mehran,Sale,1475
2014-08-01,2014-15,Suzuki Mehran,Prod,2488
2014-08-01,2014-15,Suzuki Mehran,Sale,2330
2014-09-01,2014-15,Suzuki Mehran,Prod,2560
2014-09-01,2014-15,Suzuki Mehran,Sale,2436
2014-10-01,2014-15,Suzuki Mehran,Prod,2191
2014-10-01,2014-15,Suzuki Mehran,Sale,2323
2014-11-01,2014-15,Suzuki Mehran,Prod,1966
2014-11-01,2014-15,Suzuki Mehran,Sale,2040
2014-12-01,2014-15,Suzuki Mehran,Prod,2730
2014-12-01,2014-15,Suzuki Mehran,Sale,2093
2015-01-01,2014-15,Suzuki Mehran,Prod,2582
2015-01-01,2014-15,Suzuki Mehran,Sale,3467
2015-02-01,2014-15,Suzuki Mehran,Prod,1858
2015-02-01,2014-15,Suzuki Mehran,Sale,2921
2015-03-01,2014-15,Suzuki Mehran,Prod,3554
2015-03-01,2014-15,Suzuki Mehran,Sale,3184
2015-04-01,2014-15,Suzuki Mehran,Prod,2876
2015-04-01,2014-15,Suzuki Mehran,Sale,2634
2015-05-01,2014-15,Suzuki Mehran,Prod,2794
2015-05-01,2014-15,Suzuki Mehran,Sale,2677
2015-06-01,2014-15,Suzuki Mehran,Prod,2900
2015-06-01,2014-15,Suzuki Mehran,Sale,2306
2015-07-01,2015-16,Suzuki Mehran,Prod,2750
2015-07-01,2015-16,Suzuki Mehran,Sale,2607
2015-08-01,2015-16,Suzuki Mehran,Prod,3377
2015-08-01,2015-16,Suzuki Mehran,Sale,3015
2015-09-01,2015-16,Suzuki Mehran,Prod,3261
2015-09-01,2015-16,Suzuki Mehran,Sale,2860
2015-10-01,2015-16,Suzuki Mehran,Prod,3099
2015-10-01,2015-16,Suzuki Mehran,Sale,3367
2015-11-01,2015-16,Suzuki Mehran,Prod,3041
2015-11-01,2015-16,Suzuki Mehran,Sale,3298
2015-12-01,2015-16,Suzuki Mehran,Prod,3574
2015-12-01,2015-16,Suzuki Mehran,Sale,2870
2016-01-01,2015-16,Suzuki Mehran,Prod,3644
2016-01-01,2015-16,Suzuki Mehran,Sale,4275
2016-02-01,2015-16,Suzuki Mehran,Prod,2101
2016-02-01,2015-16,Suzuki Mehran,Sale,3177
2016-03-01,2015-16,Suzuki Mehran,Prod,3046
2016-03-01,2015-16,Suzuki Mehran,Sale,2898
2016-04-01,2015-16,Suzuki Mehran,Prod,3492
2016-04-01,2015-16,Suzuki Mehran,Sale,3202
2016-05-01,2015-16,Suzuki Mehran,Prod,2952
2016-05-01,2015-16,Suzuki Mehran,Sale,3122
2016-06-01,2015-16,Suzuki Mehran,Prod,2532
2016-06-01,2015-16,Suzuki Mehran,Sale,2813
2016-07-01,2016-17,Suzuki Mehran,Prod,2759
2016-07-01,2016-17,Suzuki Mehran,Sale,2589
2016-08-01,2016-17,Suzuki Mehran,Prod,3609
2016-08-01,2016-17,Suzuki Mehran,Sale,3087
2016-09-01,2016-17,Suzuki Mehran,Prod,2715
2016-09-01,2016-17,Suzuki Mehran,Sale,2572
2016-10-01,2016-17,Suzuki Mehran,Prod,2975
2016-10-01,2016-17,Suzuki Mehran,Sale,3095
2016-11-01,2016-17,Suzuki Mehran,Prod,2945
2016-11-01,2016-17,Suzuki Mehran,Sale,3051
2016-12-01,2016-17,Suzuki Mehran,Prod,3267
2016-12-01,2016-17,Suzuki Mehran,Sale,2773
2017-01-01,2016-17,Suzuki Mehran,Prod,3404
2017-01-01,2016-17,Suzuki Mehran,Sale,3735
2017-02-01,2016-17,Suzuki Mehran,Prod,3403
2017-02-01,2016-17,Suzuki Mehran,Sale,3360
2017-03-01,2016-17,Suzuki Mehran,Prod,4889
2017-03-01,2016-17,Suzuki Mehran,Sale,3774
2017-04-01,2016-17,Suzuki Mehran,Prod,2963
2017-04-01,2016-17,Suzuki Mehran,Sale,3831
2017-05-01,2016-17,Suzuki Mehran,Prod,3175
2017-05-01,2016-17,Suzuki Mehran,Sale,3385
2017-06-01,2016-17,Suzuki Mehran,Prod,2207
2017-06-01,2016-17,Suzuki Mehran,Sale,2681
2017-07-01,2017-18,Suzuki Mehran,Prod,3983
2017-07-01,2017-18,Suzuki Mehran,Sale,2863
2017-08-01,2017-18,Suzuki Mehran,Prod,4000
2017-08-01,2017-18,Suzuki Mehran,Sale,3963
2017-09-01,2017-18,Suzuki Mehran,Prod,3868
2017-09-01,2017-18,Suzuki Mehran,Sale,3690
2017-10-01,2017-18,Suzuki Mehran,Prod,4105
2017-10-01,2017-18,Suzuki Mehran,Sale,4355
2017-11-01,2017-18,Suzuki Mehran,Prod,3838
2017-11-01,2017-18,Suzuki Mehran,Sale,3958
2017-12-01,2017-18,Suzuki Mehran,Prod,3695
2017-12-01,2017-18,Suzuki Mehran,Sale,3390
2018-01-01,2017-18,Suzuki Mehran,Prod,4822
2018-01-01,2017-18,Suzuki Mehran,Sale,4324
2018-02-01,2017-18,Suzuki Mehran,Prod,3833
2018-02-01,2017-18,Suzuki Mehran,Sale,4360
2018-03-01,2017-18,Suzuki Mehran,Prod,4294
2018-03-01,2017-18,Suzuki Mehran,Sale,3899
2018-04-01,2017-18,Suzuki Mehran,Prod,4235
2018-04-01,2017-18,Suzuki Mehran,Sale,4648
2018-05-01,2017-18,Suzuki Mehran,Prod,3222
2018-05-01,2017-18,Suzuki Mehran,Sale,3557
2018-06-01,2017-18,Suzuki Mehran,Prod,3304
2018-06-01,2017-18,Suzuki Mehran,Sale,3214
2018-07-01,2018-19,Suzuki Mehran,Prod,4655
2018-07-01,2018-19,Suzuki Mehran,Sale,3437
2018-08-01,2018-19,Suzuki Mehran,Prod,3977
2018-08-01,2018-19,Suzuki Mehran,Sale,2318
2018-09-01,2018-19,Suzuki Mehran,Prod,4222
2018-09-01,2018-19,Suzuki Mehran,Sale,2320
2018-10-01,2018-19,Suzuki Mehran,Prod,4041
2018-10-01,2018-19,Suzuki Mehran,Sale,3324
2018-11-01,2018-19,Suzuki Mehran,Prod,3239
2018-11-01,2018-19,Suzuki Mehran,Sale,2199
2018-12-01,2018-19,Suzuki Mehran,Prod,2164
2018-12-01,2018-19,Suzuki Mehran,Sale,3228
2019-01-01,2018-19,Suzuki Mehran,Prod,3703
2019-01-01,2018-19,Suzuki Mehran,Sale,2709
2019-02-01,2018-19,Suzuki Mehran,Prod,2943
2019-02-01,2018-19,Suzuki Mehran,Sale,2925
2019-03-01,2018-19,Suzuki Mehran,Prod,1705
2019-03-01,2018-19,Suzuki Mehran,Sale,3942
2019-04-01,2018-19,Suzuki Mehran,Prod,0
2019-04-01,2018-19,Suzuki Mehran,Sale,2738
2019-05-01,2018-19,Suzuki Mehran,Prod,0
2019-05-01,2018-19,Suzuki Mehran,Sale,1789
2019-06-01,2018-19,Suzuki Mehran,Prod,0
2019-06-01,2018-19,Suzuki Mehran,Sale,1052
2019-07-01,2019-20,Suzuki Mehran,Prod,0
2019-07-01,2019-20,Suzuki Mehran,Sale,394
2019-08-01,2019-20,Suzuki Mehran,Prod,0
2019-08-01,2019-20,Suzuki Mehran,Sale,389
2019-09-01,2019-20,Suzuki Mehran,Prod,0
2019-09-01,2019-20,Suzuki Mehran,Sale,466
2019-10-01,2019-20,Suzuki Mehran,Prod,0
2019-10-01,2019-20,Suzuki Mehran,Sale,245
2019-11-01,2019-20,Suzuki Mehran,Prod,0
2019-11-01,2019-20,Suzuki Mehran,Sale,128
2019-12-01,2019-20,Suzuki Mehran,Prod,0
2019-12-01,2019-20,Suzuki Mehran,Sale,75
2020-01-01,2019-20,Suzuki Mehran,Prod,0
2020-01-01,2019-20,Suzuki Mehran,Sale,2
2020-02-01,2019-20,Suzuki Mehran,Prod,0
2020-02-01,2019-20,Suzuki Mehran,Sale,3
2020-03-01,2019-20,Suzuki Mehran,Prod,0
2020-03-01,2019-20,Suzuki Mehran,Sale,0
2020-04-01,2019-20,Suzuki Mehran,Prod,0
2020-04-01,2019-20,Suzuki Mehran,Sale,0
2020-05-01,2019-20,Suzuki Mehran,Prod,0
2020-05-01,2019-20,Suzuki Mehran,Sale,0
2020-06-01,2019-20,Suzuki Mehran,Prod,0
2020-06-01,2019-20,Suzuki Mehran,Sale,1
2020-07-01,2020-21,Suzuki Mehran,Prod,0
2020-07-01,2020-21,Suzuki Mehran,Sale,0
2020-08-01,2020-21,Suzuki Mehran,Prod,0
2020-08-01,2020-21,Suzuki Mehran,Sale,0
2020-09-01,2020-21,Suzuki Mehran,Prod,0
2020-09-01,2020-21,Suzuki Mehran,Sale,0
2020-10-01,2020-21,Suzuki Mehran,Prod,0
2020-10-01,2020-21,Suzuki Mehran,Sale,0
2020-11-01,2020-21,Suzuki Mehran,Prod,0
2020-11-01,2020-21,Suzuki Mehran,Sale,0
2020-12-01,2020-21,Suzuki Mehran,Prod,0
2020-12-01,2020-21,Suzuki Mehran,Sale,0
2021-01-01,2020-21,Suzuki Mehran,Prod,0
2021-01-01,2020-21,Suzuki Mehran,Sale,0
2021-02-01,2020-21,Suzuki Mehran,Prod,0
2021-02-01,2020-21,Suzuki Mehran,Sale,0
2021-03-01,2020-21,Suzuki Mehran,Prod,0
2021-03-01,2020-21,Suzuki Mehran,Sale,0
2021-04-01,2020-21,Suzuki Mehran,Prod,0
2021-04-01,2020-21,Suzuki Mehran,Sale,0
2021-05-01,2020-21,Suzuki Mehran,Prod,0
2021-05-01,2020-21,Suzuki Mehran,Sale,0
2021-06-01,2020-21,Suzuki Mehran,Prod,0
2021-06-01,2020-21,Suzuki Mehran,Sale,0
2007-07-01,2007-08,Suzuki Potohar ,Prod,0
2007-07-01,2007-08,Suzuki Potohar ,Sale,7
2007-08-01,2007-08,Suzuki Potohar ,Prod,0
2007-08-01,2007-08,Suzuki Potohar ,Sale,7
2007-09-01,2007-08,Suzuki Potohar ,Prod,0
2007-09-01,2007-08,Suzuki Potohar ,Sale,1
2007-10-01,2007-08,Suzuki Potohar ,Prod,0
2007-10-01,2007-08,Suzuki Potohar ,Sale,4
2007-11-01,2007-08,Suzuki Potohar ,Prod,0
2007-11-01,2007-08,Suzuki Potohar ,Sale,3
2007-12-01,2007-08,Suzuki Potohar ,Prod,0
2007-12-01,2007-08,Suzuki Potohar ,Sale,6
2008-01-01,2007-08,Suzuki Potohar ,Prod,0
2008-01-01,2007-08,Suzuki Potohar ,Sale,5
2008-02-01,2007-08,Suzuki Potohar ,Prod,0
2008-02-01,2007-08,Suzuki Potohar ,Sale,2
2008-03-01,2007-08,Suzuki Potohar ,Prod,0
2008-03-01,2007-08,Suzuki Potohar ,Sale,0
2008-04-01,2007-08,Suzuki Potohar ,Prod,0
2008-04-01,2007-08,Suzuki Potohar ,Sale,0
2008-05-01,2007-08,Suzuki Potohar ,Prod,0
2008-05-01,2007-08,Suzuki Potohar ,Sale,0
2008-06-01,2007-08,Suzuki Potohar ,Prod,0
2008-06-01,2007-08,Suzuki Potohar ,Sale,0
2008-07-01,2008-09,Suzuki Potohar ,Prod,0
2008-07-01,2008-09,Suzuki Potohar ,Sale,0
2008-08-01,2008-09,Suzuki Potohar ,Prod,0
2008-08-01,2008-09,Suzuki Potohar ,Sale,0
2008-09-01,2008-09,Suzuki Potohar ,Prod,0
2008-09-01,2008-09,Suzuki Potohar ,Sale,0
2008-10-01,2008-09,Suzuki Potohar ,Prod,0
2008-10-01,2008-09,Suzuki Potohar ,Sale,0
2008-11-01,2008-09,Suzuki Potohar ,Prod,0
2008-11-01,2008-09,Suzuki Potohar ,Sale,0
2008-12-01,2008-09,Suzuki Potohar ,Prod,0
2008-12-01,2008-09,Suzuki Potohar ,Sale,0
2009-01-01,2008-09,Suzuki Potohar ,Prod,0
2009-01-01,2008-09,Suzuki Potohar ,Sale,0
2009-02-01,2008-09,Suzuki Potohar ,Prod,0
2009-02-01,2008-09,Suzuki Potohar ,Sale,0
2009-03-01,2008-09,Suzuki Potohar ,Prod,0
2009-03-01,2008-09,Suzuki Potohar ,Sale,0
2009-04-01,2008-09,Suzuki Potohar ,Prod,0
2009-04-01,2008-09,Suzuki Potohar ,Sale,0
2009-05-01,2008-09,Suzuki Potohar ,Prod,0
2009-05-01,2008-09,Suzuki Potohar ,Sale,0
2009-06-01,2008-09,Suzuki Potohar ,Prod,0
2009-06-01,2008-09,Suzuki Potohar ,Sale,0
2009-07-01,2009-10,Suzuki Potohar ,Prod,0
2009-07-01,2009-10,Suzuki Potohar ,Sale,0
2009-08-01,2009-10,Suzuki Potohar ,Prod,0
2009-08-01,2009-10,Suzuki Potohar ,Sale,0
2009-09-01,2009-10,Suzuki Potohar ,Prod,0
2009-09-01,2009-10,Suzuki Potohar ,Sale,0
2009-10-01,2009-10,Suzuki Potohar ,Prod,0
2009-10-01,2009-10,Suzuki Potohar ,Sale,0
2009-11-01,2009-10,Suzuki Potohar ,Prod,0
2009-11-01,2009-10,Suzuki Potohar ,Sale,0
2009-12-01,2009-10,Suzuki Potohar ,Prod,0
2009-12-01,2009-10,Suzuki Potohar ,Sale,0
2010-01-01,2009-10,Suzuki Potohar ,Prod,0
2010-01-01,2009-10,Suzuki Potohar ,Sale,0
2010-02-01,2009-10,Suzuki Potohar ,Prod,0
2010-02-01,2009-10,Suzuki Potohar ,Sale,0
2010-03-01,2009-10,Suzuki Potohar ,Prod,0
2010-03-01,2009-10,Suzuki Potohar ,Sale,0
2010-04-01,2009-10,Suzuki Potohar ,Prod,0
2010-04-01,2009-10,Suzuki Potohar ,Sale,0
2010-05-01,2009-10,Suzuki Potohar ,Prod,0
2010-05-01,2009-10,Suzuki Potohar ,Sale,0
2010-06-01,2009-10,Suzuki Potohar ,Prod,0
2010-06-01,2009-10,Suzuki Potohar ,Sale,0
2010-07-01,2010-11,Suzuki Potohar ,Prod,0
2010-07-01,2010-11,Suzuki Potohar ,Sale,0
2010-08-01,2010-11,Suzuki Potohar ,Prod,0
2010-08-01,2010-11,Suzuki Potohar ,Sale,0
2010-09-01,2010-11,Suzuki Potohar ,Prod,0
2010-09-01,2010-11,Suzuki Potohar ,Sale,0
2010-10-01,2010-11,Suzuki Potohar ,Prod,0
2010-10-01,2010-11,Suzuki Potohar ,Sale,0
2010-11-01,2010-11,Suzuki Potohar ,Prod,0
2010-11-01,2010-11,Suzuki Potohar ,Sale,0
2010-12-01,2010-11,Suzuki Potohar ,Prod,0
2010-12-01,2010-11,Suzuki Potohar ,Sale,0
2011-01-01,2010-11,Suzuki Potohar ,Prod,0
2011-01-01,2010-11,Suzuki Potohar ,Sale,0
2011-02-01,2010-11,Suzuki Potohar ,Prod,0
2011-02-01,2010-11,Suzuki Potohar ,Sale,0
2011-03-01,2010-11,Suzuki Potohar ,Prod,0
2011-03-01,2010-11,Suzuki Potohar ,Sale,0
2011-04-01,2010-11,Suzuki Potohar ,Prod,0
2011-04-01,2010-11,Suzuki Potohar ,Sale,0
2011-05-01,2010-11,Suzuki Potohar ,Prod,0
2011-05-01,2010-11,Suzuki Potohar ,Sale,0
2011-06-01,2010-11,Suzuki Potohar ,Prod,0
2011-06-01,2010-11,Suzuki Potohar ,Sale,0
2011-07-01,2011-12,Suzuki Potohar ,Prod,0
2011-07-01,2011-12,Suzuki Potohar ,Sale,0
2011-08-01,2011-12,Suzuki Potohar ,Prod,0
2011-08-01,2011-12,Suzuki Potohar ,Sale,0
2011-09-01,2011-12,Suzuki Potohar ,Prod,0
2011-09-01,2011-12,Suzuki Potohar ,Sale,0
2011-10-01,2011-12,Suzuki Potohar ,Prod,0
2011-10-01,2011-12,Suzuki Potohar ,Sale,0
2011-11-01,2011-12,Suzuki Potohar ,Prod,0
2011-11-01,2011-12,Suzuki Potohar ,Sale,0
2011-12-01,2011-12,Suzuki Potohar ,Prod,0
2011-12-01,2011-12,Suzuki Potohar ,Sale,0
2012-01-01,2011-12,Suzuki Potohar ,Prod,0
2012-01-01,2011-12,Suzuki Potohar ,Sale,0
2012-02-01,2011-12,Suzuki Potohar ,Prod,0
2012-02-01,2011-12,Suzuki Potohar ,Sale,0
2012-03-01,2011-12,Suzuki Potohar ,Prod,0
2012-03-01,2011-12,Suzuki Potohar ,Sale,0
2012-04-01,2011-12,Suzuki Potohar ,Prod,0
2012-04-01,2011-12,Suzuki Potohar ,Sale,0
2012-05-01,2011-12,Suzuki Potohar ,Prod,0
2012-05-01,2011-12,Suzuki Potohar ,Sale,0
2012-06-01,2011-12,Suzuki Potohar ,Prod,0
2012-06-01,2011-12,Suzuki Potohar ,Sale,0
2007-07-01,2007-08,Suzuki Ravi,Prod,654
2007-07-01,2007-08,Suzuki Ravi,Sale,623
2007-08-01,2007-08,Suzuki Ravi,Prod,990
2007-08-01,2007-08,Suzuki Ravi,Sale,1052
2007-09-01,2007-08,Suzuki Ravi,Prod,906
2007-09-01,2007-08,Suzuki Ravi,Sale,907
2007-10-01,2007-08,Suzuki Ravi,Prod,973
2007-10-01,2007-08,Suzuki Ravi,Sale,971
2007-11-01,2007-08,Suzuki Ravi,Prod,1110
2007-11-01,2007-08,Suzuki Ravi,Sale,1102
2007-12-01,2007-08,Suzuki Ravi,Prod,920
2007-12-01,2007-08,Suzuki Ravi,Sale,928
2008-01-01,2007-08,Suzuki Ravi,Prod,924
2008-01-01,2007-08,Suzuki Ravi,Sale,902
2008-02-01,2007-08,Suzuki Ravi,Prod,1047
2008-02-01,2007-08,Suzuki Ravi,Sale,1070
2008-03-01,2007-08,Suzuki Ravi,Prod,988
2008-03-01,2007-08,Suzuki Ravi,Sale,981
2008-04-01,2007-08,Suzuki Ravi,Prod,1216
2008-04-01,2007-08,Suzuki Ravi,Sale,1218
2008-05-01,2007-08,Suzuki Ravi,Prod,1204
2008-05-01,2007-08,Suzuki Ravi,Sale,1210
2008-06-01,2007-08,Suzuki Ravi,Prod,896
2008-06-01,2007-08,Suzuki Ravi,Sale,893
2008-07-01,2008-09,Suzuki Ravi,Prod,1243
2008-07-01,2008-09,Suzuki Ravi,Sale,1200
2008-08-01,2008-09,Suzuki Ravi,Prod,1690
2008-08-01,2008-09,Suzuki Ravi,Sale,1714
2008-09-01,2008-09,Suzuki Ravi,Prod,1261
2008-09-01,2008-09,Suzuki Ravi,Sale,964
2008-10-01,2008-09,Suzuki Ravi,Prod,1866
2008-10-01,2008-09,Suzuki Ravi,Sale,1939
2008-11-01,2008-09,Suzuki Ravi,Prod,1787
2008-11-01,2008-09,Suzuki Ravi,Sale,2011
2008-12-01,2008-09,Suzuki Ravi,Prod,1420
2008-12-01,2008-09,Suzuki Ravi,Sale,1061
2009-01-01,2008-09,Suzuki Ravi,Prod,701
2009-01-01,2008-09,Suzuki Ravi,Sale,435
2009-02-01,2008-09,Suzuki Ravi,Prod,651
2009-02-01,2008-09,Suzuki Ravi,Sale,202
2009-03-01,2008-09,Suzuki Ravi,Prod,621
2009-03-01,2008-09,Suzuki Ravi,Sale,308
2009-04-01,2008-09,Suzuki Ravi,Prod,585
2009-04-01,2008-09,Suzuki Ravi,Sale,598
2009-05-01,2008-09,Suzuki Ravi,Prod,343
2009-05-01,2008-09,Suzuki Ravi,Sale,731
2009-06-01,2008-09,Suzuki Ravi,Prod,475
2009-06-01,2008-09,Suzuki Ravi,Sale,737
2009-07-01,2009-10,Suzuki Ravi,Prod,914
2009-07-01,2009-10,Suzuki Ravi,Sale,1018
2009-08-01,2009-10,Suzuki Ravi,Prod,875
2009-08-01,2009-10,Suzuki Ravi,Sale,1239
2009-09-01,2009-10,Suzuki Ravi,Prod,773
2009-09-01,2009-10,Suzuki Ravi,Sale,813
2009-10-01,2009-10,Suzuki Ravi,Prod,1244
2009-10-01,2009-10,Suzuki Ravi,Sale,908
2009-11-01,2009-10,Suzuki Ravi,Prod,1117
2009-11-01,2009-10,Suzuki Ravi,Sale,1079
2009-12-01,2009-10,Suzuki Ravi,Prod,906
2009-12-01,2009-10,Suzuki Ravi,Sale,1103
2010-01-01,2009-10,Suzuki Ravi,Prod,1127
2010-01-01,2009-10,Suzuki Ravi,Sale,1019
2010-02-01,2009-10,Suzuki Ravi,Prod,1001
2010-02-01,2009-10,Suzuki Ravi,Sale,1110
2010-03-01,2009-10,Suzuki Ravi,Prod,1147
2010-03-01,2009-10,Suzuki Ravi,Sale,1100
2010-04-01,2009-10,Suzuki Ravi,Prod,1161
2010-04-01,2009-10,Suzuki Ravi,Sale,1139
2010-05-01,2009-10,Suzuki Ravi,Prod,1159
2010-05-01,2009-10,Suzuki Ravi,Sale,1201
2010-06-01,2009-10,Suzuki Ravi,Prod,1166
2010-06-01,2009-10,Suzuki Ravi,Sale,1482
2010-07-01,2010-11,Suzuki Ravi,Prod,1323
2010-07-01,2010-11,Suzuki Ravi,Sale,800
2010-08-01,2010-11,Suzuki Ravi,Prod,991
2010-08-01,2010-11,Suzuki Ravi,Sale,1123
2010-09-01,2010-11,Suzuki Ravi,Prod,1163
2010-09-01,2010-11,Suzuki Ravi,Sale,1206
2010-10-01,2010-11,Suzuki Ravi,Prod,1370
2010-10-01,2010-11,Suzuki Ravi,Sale,1536
2010-11-01,2010-11,Suzuki Ravi,Prod,1408
2010-11-01,2010-11,Suzuki Ravi,Sale,1271
2010-12-01,2010-11,Suzuki Ravi,Prod,1317
2010-12-01,2010-11,Suzuki Ravi,Sale,1289
2011-01-01,2010-11,Suzuki Ravi,Prod,1475
2011-01-01,2010-11,Suzuki Ravi,Sale,1331
2011-02-01,2010-11,Suzuki Ravi,Prod,882
2011-02-01,2010-11,Suzuki Ravi,Sale,1347
2011-03-01,2010-11,Suzuki Ravi,Prod,1835
2011-03-01,2010-11,Suzuki Ravi,Sale,1583
2011-04-01,2010-11,Suzuki Ravi,Prod,1291
2011-04-01,2010-11,Suzuki Ravi,Sale,1412
2011-05-01,2010-11,Suzuki Ravi,Prod,1373
2011-05-01,2010-11,Suzuki Ravi,Sale,1342
2011-06-01,2010-11,Suzuki Ravi,Prod,1432
2011-06-01,2010-11,Suzuki Ravi,Sale,361
2011-07-01,2011-12,Suzuki Ravi,Prod,1190
2011-07-01,2011-12,Suzuki Ravi,Sale,2250
2011-08-01,2011-12,Suzuki Ravi,Prod,1081
2011-08-01,2011-12,Suzuki Ravi,Sale,1107
2011-09-01,2011-12,Suzuki Ravi,Prod,1210
2011-09-01,2011-12,Suzuki Ravi,Sale,1229
2011-10-01,2011-12,Suzuki Ravi,Prod,1279
2011-10-01,2011-12,Suzuki Ravi,Sale,1136
2011-11-01,2011-12,Suzuki Ravi,Prod,859
2011-11-01,2011-12,Suzuki Ravi,Sale,1043
2011-12-01,2011-12,Suzuki Ravi,Prod,1036
2011-12-01,2011-12,Suzuki Ravi,Sale,832
2012-01-01,2011-12,Suzuki Ravi,Prod,1609
2012-01-01,2011-12,Suzuki Ravi,Sale,1672
2012-02-01,2011-12,Suzuki Ravi,Prod,1597
2012-02-01,2011-12,Suzuki Ravi,Sale,1470
2012-03-01,2011-12,Suzuki Ravi,Prod,1642
2012-03-01,2011-12,Suzuki Ravi,Sale,1899
2012-04-01,2011-12,Suzuki Ravi,Prod,1564
2012-04-01,2011-12,Suzuki Ravi,Sale,973
2012-05-01,2011-12,Suzuki Ravi,Prod,1546
2012-05-01,2011-12,Suzuki Ravi,Sale,1362
2012-06-01,2011-12,Suzuki Ravi,Prod,1340
2012-06-01,2011-12,Suzuki Ravi,Sale,2042
2012-07-01,2012-13,Suzuki Ravi,Prod,1819
2012-07-01,2012-13,Suzuki Ravi,Sale,792
2012-08-01,2012-13,Suzuki Ravi,Prod,737
2012-08-01,2012-13,Suzuki Ravi,Sale,724
2012-09-01,2012-13,Suzuki Ravi,Prod,513
2012-09-01,2012-13,Suzuki Ravi,Sale,861
2012-10-01,2012-13,Suzuki Ravi,Prod,717
2012-10-01,2012-13,Suzuki Ravi,Sale,653
2012-11-01,2012-13,Suzuki Ravi,Prod,669
2012-11-01,2012-13,Suzuki Ravi,Sale,648
2012-12-01,2012-13,Suzuki Ravi,Prod,494
2012-12-01,2012-13,Suzuki Ravi,Sale,852
2013-01-01,2012-13,Suzuki Ravi,Prod,845
2013-01-01,2012-13,Suzuki Ravi,Sale,949
2013-02-01,2012-13,Suzuki Ravi,Prod,839
2013-02-01,2012-13,Suzuki Ravi,Sale,1008
2013-03-01,2012-13,Suzuki Ravi,Prod,1016
2013-03-01,2012-13,Suzuki Ravi,Sale,1031
2013-04-01,2012-13,Suzuki Ravi,Prod,923
2013-04-01,2012-13,Suzuki Ravi,Sale,941
2013-05-01,2012-13,Suzuki Ravi,Prod,977
2013-05-01,2012-13,Suzuki Ravi,Sale,916
2013-06-01,2012-13,Suzuki Ravi,Prod,1259
2013-06-01,2012-13,Suzuki Ravi,Sale,1359
2013-07-01,2013-14,Suzuki Ravi,Prod,849
2013-07-01,2013-14,Suzuki Ravi,Sale,739
2013-08-01,2013-14,Suzuki Ravi,Prod,1140
2013-08-01,2013-14,Suzuki Ravi,Sale,1144
2013-09-01,2013-14,Suzuki Ravi,Prod,896
2013-09-01,2013-14,Suzuki Ravi,Sale,957
2013-10-01,2013-14,Suzuki Ravi,Prod,1238
2013-10-01,2013-14,Suzuki Ravi,Sale,852
2013-11-01,2013-14,Suzuki Ravi,Prod,884
2013-11-01,2013-14,Suzuki Ravi,Sale,828
2013-12-01,2013-14,Suzuki Ravi,Prod,909
2013-12-01,2013-14,Suzuki Ravi,Sale,957
2014-01-01,2013-14,Suzuki Ravi,Prod,1097
2014-01-01,2013-14,Suzuki Ravi,Sale,1363
2014-02-01,2013-14,Suzuki Ravi,Prod,1103
2014-02-01,2013-14,Suzuki Ravi,Sale,1122
2014-03-01,2013-14,Suzuki Ravi,Prod,1216
2014-03-01,2013-14,Suzuki Ravi,Sale,1074
2014-04-01,2013-14,Suzuki Ravi,Prod,1076
2014-04-01,2013-14,Suzuki Ravi,Sale,1139
2014-05-01,2013-14,Suzuki Ravi,Prod,896
2014-05-01,2013-14,Suzuki Ravi,Sale,1154
2014-06-01,2013-14,Suzuki Ravi,Prod,996
2014-06-01,2013-14,Suzuki Ravi,Sale,1090
2014-07-01,2014-15,Suzuki Ravi,Prod,876
2014-07-01,2014-15,Suzuki Ravi,Sale,588
2014-08-01,2014-15,Suzuki Ravi,Prod,1007
2014-08-01,2014-15,Suzuki Ravi,Sale,1114
2014-09-01,2014-15,Suzuki Ravi,Prod,1315
2014-09-01,2014-15,Suzuki Ravi,Sale,1157
2014-10-01,2014-15,Suzuki Ravi,Prod,1170
2014-10-01,2014-15,Suzuki Ravi,Sale,1051
2014-11-01,2014-15,Suzuki Ravi,Prod,1051
2014-11-01,2014-15,Suzuki Ravi,Sale,1114
2014-12-01,2014-15,Suzuki Ravi,Prod,1213
2014-12-01,2014-15,Suzuki Ravi,Sale,1301
2015-01-01,2014-15,Suzuki Ravi,Prod,1696
2015-01-01,2014-15,Suzuki Ravi,Sale,1304
2015-02-01,2014-15,Suzuki Ravi,Prod,2180
2015-02-01,2014-15,Suzuki Ravi,Sale,2632
2015-03-01,2014-15,Suzuki Ravi,Prod,3696
2015-03-01,2014-15,Suzuki Ravi,Sale,3738
2015-04-01,2014-15,Suzuki Ravi,Prod,3203
2015-04-01,2014-15,Suzuki Ravi,Sale,3147
2015-05-01,2014-15,Suzuki Ravi,Prod,2968
2015-05-01,2014-15,Suzuki Ravi,Sale,3079
2015-06-01,2014-15,Suzuki Ravi,Prod,2997
2015-06-01,2014-15,Suzuki Ravi,Sale,2590
2015-07-01,2015-16,Suzuki Ravi,Prod,2691
2015-07-01,2015-16,Suzuki Ravi,Sale,2502
2015-08-01,2015-16,Suzuki Ravi,Prod,3336
2015-08-01,2015-16,Suzuki Ravi,Sale,3736
2015-09-01,2015-16,Suzuki Ravi,Prod,3276
2015-09-01,2015-16,Suzuki Ravi,Sale,2859
2015-10-01,2015-16,Suzuki Ravi,Prod,3059
2015-10-01,2015-16,Suzuki Ravi,Sale,3416
2015-11-01,2015-16,Suzuki Ravi,Prod,3140
2015-11-01,2015-16,Suzuki Ravi,Sale,2749
2015-12-01,2015-16,Suzuki Ravi,Prod,3369
2015-12-01,2015-16,Suzuki Ravi,Sale,3690
2016-01-01,2015-16,Suzuki Ravi,Prod,3716
2016-01-01,2015-16,Suzuki Ravi,Sale,3183
2016-02-01,2015-16,Suzuki Ravi,Prod,1227
2016-02-01,2015-16,Suzuki Ravi,Sale,1405
2016-03-01,2015-16,Suzuki Ravi,Prod,1523
2016-03-01,2015-16,Suzuki Ravi,Sale,1808
2016-04-01,2015-16,Suzuki Ravi,Prod,1545
2016-04-01,2015-16,Suzuki Ravi,Sale,1554
2016-05-01,2015-16,Suzuki Ravi,Prod,1473
2016-05-01,2015-16,Suzuki Ravi,Sale,1437
2016-06-01,2015-16,Suzuki Ravi,Prod,1441
2016-06-01,2015-16,Suzuki Ravi,Sale,1486
2016-07-01,2016-17,Suzuki Ravi,Prod,1415
2016-07-01,2016-17,Suzuki Ravi,Sale,1285
2016-08-01,2016-17,Suzuki Ravi,Prod,1975
2016-08-01,2016-17,Suzuki Ravi,Sale,1605
2016-09-01,2016-17,Suzuki Ravi,Prod,1729
2016-09-01,2016-17,Suzuki Ravi,Sale,1620
2016-10-01,2016-17,Suzuki Ravi,Prod,1468
2016-10-01,2016-17,Suzuki Ravi,Sale,1473
2016-11-01,2016-17,Suzuki Ravi,Prod,1450
2016-11-01,2016-17,Suzuki Ravi,Sale,1476
2016-12-01,2016-17,Suzuki Ravi,Prod,1682
2016-12-01,2016-17,Suzuki Ravi,Sale,1435
2017-01-01,2016-17,Suzuki Ravi,Prod,1672
2017-01-01,2016-17,Suzuki Ravi,Sale,1962
2017-02-01,2016-17,Suzuki Ravi,Prod,1373
2017-02-01,2016-17,Suzuki Ravi,Sale,1663
2017-03-01,2016-17,Suzuki Ravi,Prod,1448
2017-03-01,2016-17,Suzuki Ravi,Sale,1469
2017-04-01,2016-17,Suzuki Ravi,Prod,1473
2017-04-01,2016-17,Suzuki Ravi,Sale,1053
2017-05-01,2016-17,Suzuki Ravi,Prod,1733
2017-05-01,2016-17,Suzuki Ravi,Sale,1657
2017-06-01,2016-17,Suzuki Ravi,Prod,1149
2017-06-01,2016-17,Suzuki Ravi,Sale,1246
2017-07-01,2017-18,Suzuki Ravi,Prod,1842
2017-07-01,2017-18,Suzuki Ravi,Sale,1806
2017-08-01,2017-18,Suzuki Ravi,Prod,1973
2017-08-01,2017-18,Suzuki Ravi,Sale,1951
2017-09-01,2017-18,Suzuki Ravi,Prod,1777
2017-09-01,2017-18,Suzuki Ravi,Sale,1679
2017-10-01,2017-18,Suzuki Ravi,Prod,1982
2017-10-01,2017-18,Suzuki Ravi,Sale,1945
2017-11-01,2017-18,Suzuki Ravi,Prod,1790
2017-11-01,2017-18,Suzuki Ravi,Sale,1797
2017-12-01,2017-18,Suzuki Ravi,Prod,1803
2017-12-01,2017-18,Suzuki Ravi,Sale,1560
2018-01-01,2017-18,Suzuki Ravi,Prod,2099
2018-01-01,2017-18,Suzuki Ravi,Sale,2000
2018-02-01,2017-18,Suzuki Ravi,Prod,1731
2018-02-01,2017-18,Suzuki Ravi,Sale,1952
2018-03-01,2017-18,Suzuki Ravi,Prod,1909
2018-03-01,2017-18,Suzuki Ravi,Sale,1551
2018-04-01,2017-18,Suzuki Ravi,Prod,1817
2018-04-01,2017-18,Suzuki Ravi,Sale,2232
2018-05-01,2017-18,Suzuki Ravi,Prod,1394
2018-05-01,2017-18,Suzuki Ravi,Sale,1854
2018-06-01,2017-18,Suzuki Ravi,Prod,1453
2018-06-01,2017-18,Suzuki Ravi,Sale,1179
2018-07-01,2018-19,Suzuki Ravi,Prod,1936
2018-07-01,2018-19,Suzuki Ravi,Sale,1195
2018-08-01,2018-19,Suzuki Ravi,Prod,1655
2018-08-01,2018-19,Suzuki Ravi,Sale,967
2018-09-01,2018-19,Suzuki Ravi,Prod,1231
2018-09-01,2018-19,Suzuki Ravi,Sale,1452
2018-10-01,2018-19,Suzuki Ravi,Prod,1564
2018-10-01,2018-19,Suzuki Ravi,Sale,2194
2018-11-01,2018-19,Suzuki Ravi,Prod,1364
2018-11-01,2018-19,Suzuki Ravi,Sale,1286
2018-12-01,2018-19,Suzuki Ravi,Prod,888
2018-12-01,2018-19,Suzuki Ravi,Sale,1759
2019-01-01,2018-19,Suzuki Ravi,Prod,2317
2019-01-01,2018-19,Suzuki Ravi,Sale,1772
2019-02-01,2018-19,Suzuki Ravi,Prod,1326
2019-02-01,2018-19,Suzuki Ravi,Sale,1675
2019-03-01,2018-19,Suzuki Ravi,Prod,1387
2019-03-01,2018-19,Suzuki Ravi,Sale,2108
2019-04-01,2018-19,Suzuki Ravi,Prod,1566
2019-04-01,2018-19,Suzuki Ravi,Sale,1279
2019-05-01,2018-19,Suzuki Ravi,Prod,1031
2019-05-01,2018-19,Suzuki Ravi,Sale,1285
2019-06-01,2018-19,Suzuki Ravi,Prod,1146
2019-06-01,2018-19,Suzuki Ravi,Sale,1309
2019-07-01,2019-20,Suzuki Ravi,Prod,1425
2019-07-01,2019-20,Suzuki Ravi,Sale,840
2019-08-01,2019-20,Suzuki Ravi,Prod,1547
2019-08-01,2019-20,Suzuki Ravi,Sale,322
2019-09-01,2019-20,Suzuki Ravi,Prod,1198
2019-09-01,2019-20,Suzuki Ravi,Sale,397
2019-10-01,2019-20,Suzuki Ravi,Prod,588
2019-10-01,2019-20,Suzuki Ravi,Sale,421
2019-11-01,2019-20,Suzuki Ravi,Prod,172
2019-11-01,2019-20,Suzuki Ravi,Sale,568
2019-12-01,2019-20,Suzuki Ravi,Prod,208
2019-12-01,2019-20,Suzuki Ravi,Sale,1714
2020-01-01,2019-20,Suzuki Ravi,Prod,238
2020-01-01,2019-20,Suzuki Ravi,Sale,783
2020-02-01,2019-20,Suzuki Ravi,Prod,523
2020-02-01,2019-20,Suzuki Ravi,Sale,615
2020-03-01,2019-20,Suzuki Ravi,Prod,594
2020-03-01,2019-20,Suzuki Ravi,Sale,293
2020-04-01,2019-20,Suzuki Ravi,Prod,0
2020-04-01,2019-20,Suzuki Ravi,Sale,0
2020-05-01,2019-20,Suzuki Ravi,Prod,0
2020-05-01,2019-20,Suzuki Ravi,Sale,524
2020-06-01,2019-20,Suzuki Ravi,Prod,295
2020-06-01,2019-20,Suzuki Ravi,Sale,441
2020-07-01,2020-21,Suzuki Ravi,Prod,585
2020-07-01,2020-21,Suzuki Ravi,Sale,489
2020-08-01,2020-21,Suzuki Ravi,Prod,481
2020-08-01,2020-21,Suzuki Ravi,Sale,670
2020-09-01,2020-21,Suzuki Ravi,Prod,481
2020-09-01,2020-21,Suzuki Ravi,Sale,564
2020-10-01,2020-21,Suzuki Ravi,Prod,82
2020-10-01,2020-21,Suzuki Ravi,Sale,287
2020-11-01,2020-21,Suzuki Ravi,Prod,1313
2020-11-01,2020-21,Suzuki Ravi,Sale,1019
2020-12-01,2020-21,Suzuki Ravi,Prod,1133
2020-12-01,2020-21,Suzuki Ravi,Sale,1111
2021-01-01,2020-21,Suzuki Ravi,Prod,998
2021-01-01,2020-21,Suzuki Ravi,Sale,1050
2021-02-01,2020-21,Suzuki Ravi,Prod,1227
2021-02-01,2020-21,Suzuki Ravi,Sale,1268
2021-03-01,2020-21,Suzuki Ravi,Prod,1280
2021-03-01,2020-21,Suzuki Ravi,Sale,1148
2021-04-01,2020-21,Suzuki Ravi,Prod,730
2021-04-01,2020-21,Suzuki Ravi,Sale,828
2021-05-01,2020-21,Suzuki Ravi,Prod,888
2021-05-01,2020-21,Suzuki Ravi,Sale,826
2021-06-01,2020-21,Suzuki Ravi,Prod,562
2021-06-01,2020-21,Suzuki Ravi,Sale,371
2009-07-01,2009-10,Suzuki Swift,Prod,0
2009-07-01,2009-10,Suzuki Swift,Sale,0
2009-08-01,2009-10,Suzuki Swift,Prod,0
2009-08-01,2009-10,Suzuki Swift,Sale,0
2009-09-01,2009-10,Suzuki Swift,Prod,0
2009-09-01,2009-10,Suzuki Swift,Sale,0
2009-10-01,2009-10,Suzuki Swift,Prod,5
2009-10-01,2009-10,Suzuki Swift,Sale,0
2009-11-01,2009-10,Suzuki Swift,Prod,92
2009-11-01,2009-10,Suzuki Swift,Sale,0
2009-12-01,2009-10,Suzuki Swift,Prod,176
2009-12-01,2009-10,Suzuki Swift,Sale,2
2010-01-01,2009-10,Suzuki Swift,Prod,502
2010-01-01,2009-10,Suzuki Swift,Sale,502
2010-02-01,2009-10,Suzuki Swift,Prod,487
2010-02-01,2009-10,Suzuki Swift,Sale,505
2010-03-01,2009-10,Suzuki Swift,Prod,508
2010-03-01,2009-10,Suzuki Swift,Sale,408
2010-04-01,2009-10,Suzuki Swift,Prod,509
2010-04-01,2009-10,Suzuki Swift,Sale,279
2010-05-01,2009-10,Suzuki Swift,Prod,5
2010-05-01,2009-10,Suzuki Swift,Sale,300
2010-06-01,2009-10,Suzuki Swift,Prod,294
2010-06-01,2009-10,Suzuki Swift,Sale,357
2010-07-01,2010-11,Suzuki Swift,Prod,351
2010-07-01,2010-11,Suzuki Swift,Sale,195
2010-08-01,2010-11,Suzuki Swift,Prod,202
2010-08-01,2010-11,Suzuki Swift,Sale,226
2010-09-01,2010-11,Suzuki Swift,Prod,191
2010-09-01,2010-11,Suzuki Swift,Sale,252
2010-10-01,2010-11,Suzuki Swift,Prod,269
2010-10-01,2010-11,Suzuki Swift,Sale,296
2010-11-01,2010-11,Suzuki Swift,Prod,270
2010-11-01,2010-11,Suzuki Swift,Sale,301
2010-12-01,2010-11,Suzuki Swift,Prod,311
2010-12-01,2010-11,Suzuki Swift,Sale,202
2011-01-01,2010-11,Suzuki Swift,Prod,499
2011-01-01,2010-11,Suzuki Swift,Sale,500
2011-02-01,2010-11,Suzuki Swift,Prod,425
2011-02-01,2010-11,Suzuki Swift,Sale,448
2011-03-01,2010-11,Suzuki Swift,Prod,408
2011-03-01,2010-11,Suzuki Swift,Sale,354
2011-04-01,2010-11,Suzuki Swift,Prod,508
2011-04-01,2010-11,Suzuki Swift,Sale,507
2011-05-01,2010-11,Suzuki Swift,Prod,472
2011-05-01,2010-11,Suzuki Swift,Sale,552
2011-06-01,2010-11,Suzuki Swift,Prod,470
2011-06-01,2010-11,Suzuki Swift,Sale,247
2011-07-01,2011-12,Suzuki Swift,Prod,493
2011-07-01,2011-12,Suzuki Swift,Sale,751
2011-08-01,2011-12,Suzuki Swift,Prod,529
2011-08-01,2011-12,Suzuki Swift,Sale,523
2011-09-01,2011-12,Suzuki Swift,Prod,544
2011-09-01,2011-12,Suzuki Swift,Sale,552
2011-10-01,2011-12,Suzuki Swift,Prod,716
2011-10-01,2011-12,Suzuki Swift,Sale,502
2011-11-01,2011-12,Suzuki Swift,Prod,456
2011-11-01,2011-12,Suzuki Swift,Sale,474
2011-12-01,2011-12,Suzuki Swift,Prod,541
2011-12-01,2011-12,Suzuki Swift,Sale,445
2012-01-01,2011-12,Suzuki Swift,Prod,659
2012-01-01,2011-12,Suzuki Swift,Sale,600
2012-02-01,2011-12,Suzuki Swift,Prod,644
2012-02-01,2011-12,Suzuki Swift,Sale,653
2012-03-01,2011-12,Suzuki Swift,Prod,640
2012-03-01,2011-12,Suzuki Swift,Sale,701
2012-04-01,2011-12,Suzuki Swift,Prod,519
2012-04-01,2011-12,Suzuki Swift,Sale,708
2012-05-01,2011-12,Suzuki Swift,Prod,523
2012-05-01,2011-12,Suzuki Swift,Sale,503
2012-06-01,2011-12,Suzuki Swift,Prod,864
2012-06-01,2011-12,Suzuki Swift,Sale,628
2012-07-01,2012-13,Suzuki Swift,Prod,743
2012-07-01,2012-13,Suzuki Swift,Sale,684
2012-08-01,2012-13,Suzuki Swift,Prod,668
2012-08-01,2012-13,Suzuki Swift,Sale,608
2012-09-01,2012-13,Suzuki Swift,Prod,630
2012-09-01,2012-13,Suzuki Swift,Sale,610
2012-10-01,2012-13,Suzuki Swift,Prod,428
2012-10-01,2012-13,Suzuki Swift,Sale,500
2012-11-01,2012-13,Suzuki Swift,Prod,396
2012-11-01,2012-13,Suzuki Swift,Sale,359
2012-12-01,2012-13,Suzuki Swift,Prod,247
2012-12-01,2012-13,Suzuki Swift,Sale,362
2013-01-01,2012-13,Suzuki Swift,Prod,604
2013-01-01,2012-13,Suzuki Swift,Sale,501
2013-02-01,2012-13,Suzuki Swift,Prod,356
2013-02-01,2012-13,Suzuki Swift,Sale,510
2013-03-01,2012-13,Suzuki Swift,Prod,515
2013-03-01,2012-13,Suzuki Swift,Sale,535
2013-04-01,2012-13,Suzuki Swift,Prod,420
2013-04-01,2012-13,Suzuki Swift,Sale,480
2013-05-01,2012-13,Suzuki Swift,Prod,386
2013-05-01,2012-13,Suzuki Swift,Sale,500
2013-06-01,2012-13,Suzuki Swift,Prod,552
2013-06-01,2012-13,Suzuki Swift,Sale,447
2013-07-01,2013-14,Suzuki Swift,Prod,535
2013-07-01,2013-14,Suzuki Swift,Sale,440
2013-08-01,2013-14,Suzuki Swift,Prod,448
2013-08-01,2013-14,Suzuki Swift,Sale,467
2013-09-01,2013-14,Suzuki Swift,Prod,441
2013-09-01,2013-14,Suzuki Swift,Sale,489
2013-10-01,2013-14,Suzuki Swift,Prod,438
2013-10-01,2013-14,Suzuki Swift,Sale,361
2013-11-01,2013-14,Suzuki Swift,Prod,233
2013-11-01,2013-14,Suzuki Swift,Sale,328
2013-12-01,2013-14,Suzuki Swift,Prod,351
2013-12-01,2013-14,Suzuki Swift,Sale,329
2014-01-01,2013-14,Suzuki Swift,Prod,495
2014-01-01,2013-14,Suzuki Swift,Sale,465
2014-02-01,2013-14,Suzuki Swift,Prod,361
2014-02-01,2013-14,Suzuki Swift,Sale,442
2014-03-01,2013-14,Suzuki Swift,Prod,398
2014-03-01,2013-14,Suzuki Swift,Sale,384
2014-04-01,2013-14,Suzuki Swift,Prod,405
2014-04-01,2013-14,Suzuki Swift,Sale,415
2014-05-01,2013-14,Suzuki Swift,Prod,386
2014-05-01,2013-14,Suzuki Swift,Sale,500
2014-06-01,2013-14,Suzuki Swift,Prod,556
2014-06-01,2013-14,Suzuki Swift,Sale,508
2014-07-01,2014-15,Suzuki Swift,Prod,315
2014-07-01,2014-15,Suzuki Swift,Sale,262
2014-08-01,2014-15,Suzuki Swift,Prod,446
2014-08-01,2014-15,Suzuki Swift,Sale,355
2014-09-01,2014-15,Suzuki Swift,Prod,501
2014-09-01,2014-15,Suzuki Swift,Sale,333
2014-10-01,2014-15,Suzuki Swift,Prod,423
2014-10-01,2014-15,Suzuki Swift,Sale,273
2014-11-01,2014-15,Suzuki Swift,Prod,382
2014-11-01,2014-15,Suzuki Swift,Sale,237
2014-12-01,2014-15,Suzuki Swift,Prod,213
2014-12-01,2014-15,Suzuki Swift,Sale,201
2015-01-01,2014-15,Suzuki Swift,Prod,131
2015-01-01,2014-15,Suzuki Swift,Sale,313
2015-02-01,2014-15,Suzuki Swift,Prod,100
2015-02-01,2014-15,Suzuki Swift,Sale,314
2015-03-01,2014-15,Suzuki Swift,Prod,116
2015-03-01,2014-15,Suzuki Swift,Sale,301
2015-04-01,2014-15,Suzuki Swift,Prod,267
2015-04-01,2014-15,Suzuki Swift,Sale,342
2015-05-01,2014-15,Suzuki Swift,Prod,240
2015-05-01,2014-15,Suzuki Swift,Sale,289
2015-06-01,2014-15,Suzuki Swift,Prod,185
2015-06-01,2014-15,Suzuki Swift,Sale,270
2015-07-01,2015-16,Suzuki Swift,Prod,240
2015-07-01,2015-16,Suzuki Swift,Sale,310
2015-08-01,2015-16,Suzuki Swift,Prod,412
2015-08-01,2015-16,Suzuki Swift,Sale,364
2015-09-01,2015-16,Suzuki Swift,Prod,297
2015-09-01,2015-16,Suzuki Swift,Sale,304
2015-10-01,2015-16,Suzuki Swift,Prod,353
2015-10-01,2015-16,Suzuki Swift,Sale,320
2015-11-01,2015-16,Suzuki Swift,Prod,793
2015-11-01,2015-16,Suzuki Swift,Sale,430
2015-12-01,2015-16,Suzuki Swift,Prod,804
2015-12-01,2015-16,Suzuki Swift,Sale,246
2016-01-01,2015-16,Suzuki Swift,Prod,9
2016-01-01,2015-16,Suzuki Swift,Sale,344
2016-02-01,2015-16,Suzuki Swift,Prod,3
2016-02-01,2015-16,Suzuki Swift,Sale,296
2016-03-01,2015-16,Suzuki Swift,Prod,374
2016-03-01,2015-16,Suzuki Swift,Sale,382
2016-04-01,2015-16,Suzuki Swift,Prod,310
2016-04-01,2015-16,Suzuki Swift,Sale,329
2016-05-01,2015-16,Suzuki Swift,Prod,262
2016-05-01,2015-16,Suzuki Swift,Sale,436
2016-06-01,2015-16,Suzuki Swift,Prod,319
2016-06-01,2015-16,Suzuki Swift,Sale,382
2016-07-01,2016-17,Suzuki Swift,Prod,294
2016-07-01,2016-17,Suzuki Swift,Sale,346
2016-08-01,2016-17,Suzuki Swift,Prod,498
2016-08-01,2016-17,Suzuki Swift,Sale,343
2016-09-01,2016-17,Suzuki Swift,Prod,379
2016-09-01,2016-17,Suzuki Swift,Sale,357
2016-10-01,2016-17,Suzuki Swift,Prod,407
2016-10-01,2016-17,Suzuki Swift,Sale,337
2016-11-01,2016-17,Suzuki Swift,Prod,352
2016-11-01,2016-17,Suzuki Swift,Sale,406
2016-12-01,2016-17,Suzuki Swift,Prod,313
2016-12-01,2016-17,Suzuki Swift,Sale,324
2017-01-01,2016-17,Suzuki Swift,Prod,377
2017-01-01,2016-17,Suzuki Swift,Sale,412
2017-02-01,2016-17,Suzuki Swift,Prod,392
2017-02-01,2016-17,Suzuki Swift,Sale,348
2017-03-01,2016-17,Suzuki Swift,Prod,389
2017-03-01,2016-17,Suzuki Swift,Sale,408
2017-04-01,2016-17,Suzuki Swift,Prod,140
2017-04-01,2016-17,Suzuki Swift,Sale,301
2017-05-01,2016-17,Suzuki Swift,Prod,402
2017-05-01,2016-17,Suzuki Swift,Sale,289
2017-06-01,2016-17,Suzuki Swift,Prod,433
2017-06-01,2016-17,Suzuki Swift,Sale,374
2017-07-01,2017-18,Suzuki Swift,Prod,319
2017-07-01,2017-18,Suzuki Swift,Sale,288
2017-08-01,2017-18,Suzuki Swift,Prod,448
2017-08-01,2017-18,Suzuki Swift,Sale,434
2017-09-01,2017-18,Suzuki Swift,Prod,404
2017-09-01,2017-18,Suzuki Swift,Sale,322
2017-10-01,2017-18,Suzuki Swift,Prod,446
2017-10-01,2017-18,Suzuki Swift,Sale,374
2017-11-01,2017-18,Suzuki Swift,Prod,348
2017-11-01,2017-18,Suzuki Swift,Sale,342
2017-12-01,2017-18,Suzuki Swift,Prod,501
2017-12-01,2017-18,Suzuki Swift,Sale,381
2018-01-01,2017-18,Suzuki Swift,Prod,532
2018-01-01,2017-18,Suzuki Swift,Sale,512
2018-02-01,2017-18,Suzuki Swift,Prod,412
2018-02-01,2017-18,Suzuki Swift,Sale,479
2018-03-01,2017-18,Suzuki Swift,Prod,481
2018-03-01,2017-18,Suzuki Swift,Sale,461
2018-04-01,2017-18,Suzuki Swift,Prod,322
2018-04-01,2017-18,Suzuki Swift,Sale,532
2018-05-01,2017-18,Suzuki Swift,Prod,366
2018-05-01,2017-18,Suzuki Swift,Sale,439
2018-06-01,2017-18,Suzuki Swift,Prod,341
2018-06-01,2017-18,Suzuki Swift,Sale,352
2018-07-01,2018-19,Suzuki Swift,Prod,517
2018-07-01,2018-19,Suzuki Swift,Sale,484
2018-08-01,2018-19,Suzuki Swift,Prod,429
2018-08-01,2018-19,Suzuki Swift,Sale,355
2018-09-01,2018-19,Suzuki Swift,Prod,416
2018-09-01,2018-19,Suzuki Swift,Sale,454
2018-10-01,2018-19,Suzuki Swift,Prod,517
2018-10-01,2018-19,Suzuki Swift,Sale,544
2018-11-01,2018-19,Suzuki Swift,Prod,444
2018-11-01,2018-19,Suzuki Swift,Sale,317
2018-12-01,2018-19,Suzuki Swift,Prod,124
2018-12-01,2018-19,Suzuki Swift,Sale,355
2019-01-01,2018-19,Suzuki Swift,Prod,792
2019-01-01,2018-19,Suzuki Swift,Sale,371
2019-02-01,2018-19,Suzuki Swift,Prod,560
2019-02-01,2018-19,Suzuki Swift,Sale,344
2019-03-01,2018-19,Suzuki Swift,Prod,493
2019-03-01,2018-19,Suzuki Swift,Sale,386
2019-04-01,2018-19,Suzuki Swift,Prod,477
2019-04-01,2018-19,Suzuki Swift,Sale,453
2019-05-01,2018-19,Suzuki Swift,Prod,301
2019-05-01,2018-19,Suzuki Swift,Sale,425
2019-06-01,2018-19,Suzuki Swift,Prod,439
2019-06-01,2018-19,Suzuki Swift,Sale,562
2019-07-01,2019-20,Suzuki Swift,Prod,384
2019-07-01,2019-20,Suzuki Swift,Sale,174
2019-08-01,2019-20,Suzuki Swift,Prod,89
2019-08-01,2019-20,Suzuki Swift,Sale,164
2019-09-01,2019-20,Suzuki Swift,Prod,73
2019-09-01,2019-20,Suzuki Swift,Sale,186
2019-10-01,2019-20,Suzuki Swift,Prod,108
2019-10-01,2019-20,Suzuki Swift,Sale,151
2019-11-01,2019-20,Suzuki Swift,Prod,105
2019-11-01,2019-20,Suzuki Swift,Sale,184
2019-12-01,2019-20,Suzuki Swift,Prod,152
2019-12-01,2019-20,Suzuki Swift,Sale,277
2020-01-01,2019-20,Suzuki Swift,Prod,86
2020-01-01,2019-20,Suzuki Swift,Sale,144
2020-02-01,2019-20,Suzuki Swift,Prod,97
2020-02-01,2019-20,Suzuki Swift,Sale,186
2020-03-01,2019-20,Suzuki Swift,Prod,198
2020-03-01,2019-20,Suzuki Swift,Sale,82
2020-04-01,2019-20,Suzuki Swift,Prod,0
2020-04-01,2019-20,Suzuki Swift,Sale,0
2020-05-01,2019-20,Suzuki Swift,Prod,0
2020-05-01,2019-20,Suzuki Swift,Sale,78
2020-06-01,2019-20,Suzuki Swift,Prod,19
2020-06-01,2019-20,Suzuki Swift,Sale,202
2020-07-01,2020-21,Suzuki Swift,Prod,61
2020-07-01,2020-21,Suzuki Swift,Sale,182
2020-08-01,2020-21,Suzuki Swift,Prod,104
2020-08-01,2020-21,Suzuki Swift,Sale,196
2020-09-01,2020-21,Suzuki Swift,Prod,421
2020-09-01,2020-21,Suzuki Swift,Sale,252
2020-10-01,2020-21,Suzuki Swift,Prod,81
2020-10-01,2020-21,Suzuki Swift,Sale,180
2020-11-01,2020-21,Suzuki Swift,Prod,45
2020-11-01,2020-21,Suzuki Swift,Sale,114
2020-12-01,2020-21,Suzuki Swift,Prod,0
2020-12-01,2020-21,Suzuki Swift,Sale,74
2021-01-01,2020-21,Suzuki Swift,Prod,503
2021-01-01,2020-21,Suzuki Swift,Sale,364
2021-02-01,2020-21,Suzuki Swift,Prod,144
2021-02-01,2020-21,Suzuki Swift,Sale,179
2021-03-01,2020-21,Suzuki Swift,Prod,456
2021-03-01,2020-21,Suzuki Swift,Sale,355
2021-04-01,2020-21,Suzuki Swift,Prod,0
2021-04-01,2020-21,Suzuki Swift,Sale,181
2021-05-01,2020-21,Suzuki Swift,Prod,0
2021-05-01,2020-21,Suzuki Swift,Sale,31
2021-06-01,2020-21,Suzuki Swift,Prod,296
2021-06-01,2020-21,Suzuki Swift,Sale,208
2021-07-01,2021-22,Suzuki Swift,Prod,191
2021-07-01,2021-22,Suzuki Swift,Sale,225
2021-08-01,2021-22,Suzuki Swift,Prod,191
2021-08-01,2021-22,Suzuki Swift,Sale,154
2021-09-01,2021-22,Suzuki Swift,Prod,3
2021-09-01,2021-22,Suzuki Swift,Sale,87
2021-10-01,2021-22,Suzuki Swift,Prod,0
2021-10-01,2021-22,Suzuki Swift,Sale,23
2021-11-01,2021-22,Suzuki Swift,Prod,0
2021-11-01,2021-22,Suzuki Swift,Sale,6
2021-12-01,2021-22,Suzuki Swift,Prod,0
2021-12-01,2021-22,Suzuki Swift,Sale,2
2022-01-01,2021-22,Suzuki Swift,Prod,0
2022-01-01,2021-22,Suzuki Swift,Sale,0
2022-02-01,2021-22,Suzuki Swift,Prod,0
2022-02-01,2021-22,Suzuki Swift,Sale,0
2022-03-01,2021-22,Suzuki Swift,Prod,0
2022-03-01,2021-22,Suzuki Swift,Sale,0
2022-04-01,2021-22,Suzuki Swift,Prod,3346
2022-04-01,2021-22,Suzuki Swift,Sale,2273
2022-05-01,2021-22,Suzuki Swift,Prod,1340
2022-05-01,2021-22,Suzuki Swift,Sale,1744
2022-06-01,2021-22,Suzuki Swift,Prod,1354
2022-06-01,2021-22,Suzuki Swift,Sale,1676
2022-07-01,2022-23,Suzuki Swift,Prod,1028
2022-07-01,2022-23,Suzuki Swift,Sale,321
2022-08-01,2022-23,Suzuki Swift,Prod,929
2022-08-01,2022-23,Suzuki Swift,Sale,532
2022-09-01,2022-23,Suzuki Swift,Prod,694
2022-09-01,2022-23,Suzuki Swift,Sale,1263
2022-10-01,2022-23,Suzuki Swift,Prod,1153
2022-10-01,2022-23,Suzuki Swift,Sale,1350
2022-11-01,2022-23,Suzuki Swift,Prod,2194
2022-11-01,2022-23,Suzuki Swift,Sale,2242
2022-12-01,2022-23,Suzuki Swift,Prod,1609
2022-12-01,2022-23,Suzuki Swift,Sale,1428
2023-01-01,2022-23,Suzuki Swift,Prod,5
2023-01-01,2022-23,Suzuki Swift,Sale,504
2023-02-01,2022-23,Suzuki Swift,Prod,230
2023-02-01,2022-23,Suzuki Swift,Sale,67
2023-03-01,2022-23,Suzuki Swift,Prod,811
2023-03-01,2022-23,Suzuki Swift,Sale,877
2023-04-01,2022-23,Suzuki Swift,Prod,220
2023-04-01,2022-23,Suzuki Swift,Sale,145
2023-05-01,2022-23,Suzuki Swift,Prod,295
2023-05-01,2022-23,Suzuki Swift,Sale,332
2023-06-01,2022-23,Suzuki Swift,Prod,458
2023-06-01,2022-23,Suzuki Swift,Sale,277
2023-07-01,2023-24,Suzuki Swift,Prod,386
2023-07-01,2023-24,Suzuki Swift,Sale,249
2023-08-01,2023-24,Suzuki Swift,Prod,670
2023-08-01,2023-24,Suzuki Swift,Sale,506
2023-09-01,2023-24,Suzuki Swift,Prod,404
2023-09-01,2023-24,Suzuki Swift,Sale,506
2023-10-01,2023-24,Suzuki Swift,Prod,243
2023-10-01,2023-24,Suzuki Swift,Sale,315
2023-11-01,2023-24,Suzuki Swift,Prod,411
2023-11-01,2023-24,Suzuki Swift,Sale,276
2023-12-01,2023-24,Suzuki Swift,Prod,460
2023-12-01,2023-24,Suzuki Swift,Sale,378
2024-01-01,2023-24,Suzuki Swift,Prod,567
2024-01-01,2023-24,Suzuki Swift,Sale,552
2024-02-01,2023-24,Suzuki Swift,Prod,585
2024-02-01,2023-24,Suzuki Swift,Sale,663
2024-03-01,2023-24,Suzuki Swift,Prod,326
2024-03-01,2023-24,Suzuki Swift,Sale,141
2024-04-01,2023-24,Suzuki Swift,Prod,295
2024-04-01,2023-24,Suzuki Swift,Sale,328
2024-05-01,2023-24,Suzuki Swift,Prod,217
2024-05-01,2023-24,Suzuki Swift,Sale,714
2024-06-01,2023-24,Suzuki Swift,Prod,644
2024-06-01,2023-24,Suzuki Swift,Sale,939
2024-07-01,2024-25,Suzuki Swift,Prod,880
2024-07-01,2024-25,Suzuki Swift,Sale,502
2024-08-01,2024-25,Suzuki Swift,Prod,365
2024-08-01,2024-25,Suzuki Swift,Sale,559
2024-09-01,2024-25,Suzuki Swift,Prod,769
2024-09-01,2024-25,Suzuki Swift,Sale,608
2024-10-01,2024-25,Suzuki Swift,Prod,588
2024-10-01,2024-25,Suzuki Swift,Sale,330
2024-11-01,2024-25,Suzuki Swift,Prod,714
2024-11-01,2024-25,Suzuki Swift,Sale,917
2024-12-01,2024-25,Suzuki Swift,Prod,682
2024-12-01,2024-25,Suzuki Swift,Sale,668
2025-01-01,2024-25,Suzuki Swift,Prod,807
2025-01-01,2024-25,Suzuki Swift,Sale,1060
2025-02-01,2024-25,Suzuki Swift,Prod,633
2025-02-01,2024-25,Suzuki Swift,Sale,651
2025-03-01,2024-25,Suzuki Swift,Prod,520
2025-03-01,2024-25,Suzuki Swift,Sale,596
2025-04-01,2024-25,Suzuki Swift,Prod,863
2025-04-01,2024-25,Suzuki Swift,Sale,671
2025-05-01,2024-25,Suzuki Swift,Prod,1106
2025-05-01,2024-25,Suzuki Swift,Sale,792
2025-06-01,2024-25,Suzuki Swift,Prod,1390
2025-06-01,2024-25,Suzuki Swift,Sale,1784
2013-07-01,2013-14,Suzuki WagonR,Prod,0
2013-07-01,2013-14,Suzuki WagonR,Sale,0
2013-08-01,2013-14,Suzuki WagonR,Prod,0
2013-08-01,2013-14,Suzuki WagonR,Sale,0
2013-09-01,2013-14,Suzuki WagonR,Prod,0
2013-09-01,2013-14,Suzuki WagonR,Sale,0
2013-10-01,2013-14,Suzuki WagonR,Prod,10
2013-10-01,2013-14,Suzuki WagonR,Sale,0
2013-11-01,2013-14,Suzuki WagonR,Prod,0
2013-11-01,2013-14,Suzuki WagonR,Sale,0
2013-12-01,2013-14,Suzuki WagonR,Prod,0
2013-12-01,2013-14,Suzuki WagonR,Sale,0
2014-01-01,2013-14,Suzuki WagonR,Prod,0
2014-01-01,2013-14,Suzuki WagonR,Sale,0
2014-02-01,2013-14,Suzuki WagonR,Prod,0
2014-02-01,2013-14,Suzuki WagonR,Sale,0
2014-03-01,2013-14,Suzuki WagonR,Prod,314
2014-03-01,2013-14,Suzuki WagonR,Sale,0
2014-04-01,2013-14,Suzuki WagonR,Prod,414
2014-04-01,2013-14,Suzuki WagonR,Sale,309
2014-05-01,2013-14,Suzuki WagonR,Prod,809
2014-05-01,2013-14,Suzuki WagonR,Sale,528
2014-06-01,2013-14,Suzuki WagonR,Prod,985
2014-06-01,2013-14,Suzuki WagonR,Sale,784
2014-07-01,2014-15,Suzuki WagonR,Prod,714
2014-07-01,2014-15,Suzuki WagonR,Sale,364
2014-08-01,2014-15,Suzuki WagonR,Prod,579
2014-08-01,2014-15,Suzuki WagonR,Sale,345
2014-09-01,2014-15,Suzuki WagonR,Prod,427
2014-09-01,2014-15,Suzuki WagonR,Sale,258
2014-10-01,2014-15,Suzuki WagonR,Prod,88
2014-10-01,2014-15,Suzuki WagonR,Sale,321
2014-11-01,2014-15,Suzuki WagonR,Prod,17
2014-11-01,2014-15,Suzuki WagonR,Sale,222
2014-12-01,2014-15,Suzuki WagonR,Prod,20
2014-12-01,2014-15,Suzuki WagonR,Sale,195
2015-01-01,2014-15,Suzuki WagonR,Prod,170
2015-01-01,2014-15,Suzuki WagonR,Sale,475
2015-02-01,2014-15,Suzuki WagonR,Prod,503
2015-02-01,2014-15,Suzuki WagonR,Sale,513
2015-03-01,2014-15,Suzuki WagonR,Prod,660
2015-03-01,2014-15,Suzuki WagonR,Sale,644
2015-04-01,2014-15,Suzuki WagonR,Prod,663
2015-04-01,2014-15,Suzuki WagonR,Sale,690
2015-05-01,2014-15,Suzuki WagonR,Prod,646
2015-05-01,2014-15,Suzuki WagonR,Sale,680
2015-06-01,2014-15,Suzuki WagonR,Prod,580
2015-06-01,2014-15,Suzuki WagonR,Sale,539
2015-07-01,2015-16,Suzuki WagonR,Prod,432
2015-07-01,2015-16,Suzuki WagonR,Sale,529
2015-08-01,2015-16,Suzuki WagonR,Prod,626
2015-08-01,2015-16,Suzuki WagonR,Sale,655
2015-09-01,2015-16,Suzuki WagonR,Prod,603
2015-09-01,2015-16,Suzuki WagonR,Sale,613
2015-10-01,2015-16,Suzuki WagonR,Prod,820
2015-10-01,2015-16,Suzuki WagonR,Sale,772
2015-11-01,2015-16,Suzuki WagonR,Prod,772
2015-11-01,2015-16,Suzuki WagonR,Sale,793
2015-12-01,2015-16,Suzuki WagonR,Prod,830
2015-12-01,2015-16,Suzuki WagonR,Sale,703
2016-01-01,2015-16,Suzuki WagonR,Prod,992
2016-01-01,2015-16,Suzuki WagonR,Sale,1100
2016-02-01,2015-16,Suzuki WagonR,Prod,569
2016-02-01,2015-16,Suzuki WagonR,Sale,855
2016-03-01,2015-16,Suzuki WagonR,Prod,911
2016-03-01,2015-16,Suzuki WagonR,Sale,837
2016-04-01,2015-16,Suzuki WagonR,Prod,847
2016-04-01,2015-16,Suzuki WagonR,Sale,925
2016-05-01,2015-16,Suzuki WagonR,Prod,1110
2016-05-01,2015-16,Suzuki WagonR,Sale,708
2016-06-01,2015-16,Suzuki WagonR,Prod,992
2016-06-01,2015-16,Suzuki WagonR,Sale,1219
2016-07-01,2016-17,Suzuki WagonR,Prod,1028
2016-07-01,2016-17,Suzuki WagonR,Sale,1093
2016-08-01,2016-17,Suzuki WagonR,Prod,1327
2016-08-01,2016-17,Suzuki WagonR,Sale,1259
2016-09-01,2016-17,Suzuki WagonR,Prod,1249
2016-09-01,2016-17,Suzuki WagonR,Sale,1033
2016-10-01,2016-17,Suzuki WagonR,Prod,1454
2016-10-01,2016-17,Suzuki WagonR,Sale,1446
2016-11-01,2016-17,Suzuki WagonR,Prod,1361
2016-11-01,2016-17,Suzuki WagonR,Sale,1352
2016-12-01,2016-17,Suzuki WagonR,Prod,1388
2016-12-01,2016-17,Suzuki WagonR,Sale,1382
2017-01-01,2016-17,Suzuki WagonR,Prod,1536
2017-01-01,2016-17,Suzuki WagonR,Sale,1602
2017-02-01,2016-17,Suzuki WagonR,Prod,1788
2017-02-01,2016-17,Suzuki WagonR,Sale,1645
2017-03-01,2016-17,Suzuki WagonR,Prod,1713
2017-03-01,2016-17,Suzuki WagonR,Sale,1783
2017-04-01,2016-17,Suzuki WagonR,Prod,1609
2017-04-01,2016-17,Suzuki WagonR,Sale,1484
2017-05-01,2016-17,Suzuki WagonR,Prod,2128
2017-05-01,2016-17,Suzuki WagonR,Sale,1927
2017-06-01,2016-17,Suzuki WagonR,Prod,935
2017-06-01,2016-17,Suzuki WagonR,Sale,1665
2017-07-01,2017-18,Suzuki WagonR,Prod,2380
2017-07-01,2017-18,Suzuki WagonR,Sale,1936
2017-08-01,2017-18,Suzuki WagonR,Prod,2547
2017-08-01,2017-18,Suzuki WagonR,Sale,2201
2017-09-01,2017-18,Suzuki WagonR,Prod,2661
2017-09-01,2017-18,Suzuki WagonR,Sale,1652
2017-10-01,2017-18,Suzuki WagonR,Prod,2980
2017-10-01,2017-18,Suzuki WagonR,Sale,3478
2017-11-01,2017-18,Suzuki WagonR,Prod,2110
2017-11-01,2017-18,Suzuki WagonR,Sale,2116
2017-12-01,2017-18,Suzuki WagonR,Prod,2992
2017-12-01,2017-18,Suzuki WagonR,Sale,2758
2018-01-01,2017-18,Suzuki WagonR,Prod,2550
2018-01-01,2017-18,Suzuki WagonR,Sale,2703
2018-02-01,2017-18,Suzuki WagonR,Prod,2191
2018-02-01,2017-18,Suzuki WagonR,Sale,2092
2018-03-01,2017-18,Suzuki WagonR,Prod,2393
2018-03-01,2017-18,Suzuki WagonR,Sale,1835
2018-04-01,2017-18,Suzuki WagonR,Prod,2510
2018-04-01,2017-18,Suzuki WagonR,Sale,3053
2018-05-01,2017-18,Suzuki WagonR,Prod,2276
2018-05-01,2017-18,Suzuki WagonR,Sale,2702
2018-06-01,2017-18,Suzuki WagonR,Prod,2364
2018-06-01,2017-18,Suzuki WagonR,Sale,2680
2018-07-01,2018-19,Suzuki WagonR,Prod,3245
2018-07-01,2018-19,Suzuki WagonR,Sale,2772
2018-08-01,2018-19,Suzuki WagonR,Prod,2718
2018-08-01,2018-19,Suzuki WagonR,Sale,2450
2018-09-01,2018-19,Suzuki WagonR,Prod,2748
2018-09-01,2018-19,Suzuki WagonR,Sale,2667
2018-10-01,2018-19,Suzuki WagonR,Prod,3513
2018-10-01,2018-19,Suzuki WagonR,Sale,3339
2018-11-01,2018-19,Suzuki WagonR,Prod,3232
2018-11-01,2018-19,Suzuki WagonR,Sale,2113
2018-12-01,2018-19,Suzuki WagonR,Prod,2104
2018-12-01,2018-19,Suzuki WagonR,Sale,2740
2019-01-01,2018-19,Suzuki WagonR,Prod,3285
2019-01-01,2018-19,Suzuki WagonR,Sale,3100
2019-02-01,2018-19,Suzuki WagonR,Prod,2827
2019-02-01,2018-19,Suzuki WagonR,Sale,2419
2019-03-01,2018-19,Suzuki WagonR,Prod,3375
2019-03-01,2018-19,Suzuki WagonR,Sale,2982
2019-04-01,2018-19,Suzuki WagonR,Prod,2586
2019-04-01,2018-19,Suzuki WagonR,Sale,2641
2019-05-01,2018-19,Suzuki WagonR,Prod,1832
2019-05-01,2018-19,Suzuki WagonR,Sale,2765
2019-06-01,2018-19,Suzuki WagonR,Prod,1711
2019-06-01,2018-19,Suzuki WagonR,Sale,2626
2019-07-01,2019-20,Suzuki WagonR,Prod,2767
2019-07-01,2019-20,Suzuki WagonR,Sale,843
2019-08-01,2019-20,Suzuki WagonR,Prod,1526
2019-08-01,2019-20,Suzuki WagonR,Sale,645
2019-09-01,2019-20,Suzuki WagonR,Prod,1229
2019-09-01,2019-20,Suzuki WagonR,Sale,680
2019-10-01,2019-20,Suzuki WagonR,Prod,543
2019-10-01,2019-20,Suzuki WagonR,Sale,530
2019-11-01,2019-20,Suzuki WagonR,Prod,291
2019-11-01,2019-20,Suzuki WagonR,Sale,641
2019-12-01,2019-20,Suzuki WagonR,Prod,388
2019-12-01,2019-20,Suzuki WagonR,Sale,1207
2020-01-01,2019-20,Suzuki WagonR,Prod,145
2020-01-01,2019-20,Suzuki WagonR,Sale,567
2020-02-01,2019-20,Suzuki WagonR,Prod,52
2020-02-01,2019-20,Suzuki WagonR,Sale,699
2020-03-01,2019-20,Suzuki WagonR,Prod,50
2020-03-01,2019-20,Suzuki WagonR,Sale,310
2020-04-01,2019-20,Suzuki WagonR,Prod,0
2020-04-01,2019-20,Suzuki WagonR,Sale,0
2020-05-01,2019-20,Suzuki WagonR,Prod,0
2020-05-01,2019-20,Suzuki WagonR,Sale,386
2020-06-01,2019-20,Suzuki WagonR,Prod,0
2020-06-01,2019-20,Suzuki WagonR,Sale,476
2020-07-01,2020-21,Suzuki WagonR,Prod,300
2020-07-01,2020-21,Suzuki WagonR,Sale,566
2020-08-01,2020-21,Suzuki WagonR,Prod,483
2020-08-01,2020-21,Suzuki WagonR,Sale,733
2020-09-01,2020-21,Suzuki WagonR,Prod,1301
2020-09-01,2020-21,Suzuki WagonR,Sale,1161
2020-10-01,2020-21,Suzuki WagonR,Prod,1351
2020-10-01,2020-21,Suzuki WagonR,Sale,1198
2020-11-01,2020-21,Suzuki WagonR,Prod,336
2020-11-01,2020-21,Suzuki WagonR,Sale,881
2020-12-01,2020-21,Suzuki WagonR,Prod,684
2020-12-01,2020-21,Suzuki WagonR,Sale,939
2021-01-01,2020-21,Suzuki WagonR,Prod,1127
2021-01-01,2020-21,Suzuki WagonR,Sale,1316
2021-02-01,2020-21,Suzuki WagonR,Prod,708
2021-02-01,2020-21,Suzuki WagonR,Sale,814
2021-03-01,2020-21,Suzuki WagonR,Prod,1246
2021-03-01,2020-21,Suzuki WagonR,Sale,1259
2021-04-01,2020-21,Suzuki WagonR,Prod,2117
2021-04-01,2020-21,Suzuki WagonR,Sale,1447
2021-05-01,2020-21,Suzuki WagonR,Prod,953
2021-05-01,2020-21,Suzuki WagonR,Sale,1491
2021-06-01,2020-21,Suzuki WagonR,Prod,1674
2021-06-01,2020-21,Suzuki WagonR,Sale,854
2021-07-01,2021-22,Suzuki WagonR,Prod,1457
2021-07-01,2021-22,Suzuki WagonR,Sale,2131
2021-08-01,2021-22,Suzuki WagonR,Prod,1690
2021-08-01,2021-22,Suzuki WagonR,Sale,1679
2021-09-01,2021-22,Suzuki WagonR,Prod,1806
2021-09-01,2021-22,Suzuki WagonR,Sale,1678
2021-10-01,2021-22,Suzuki WagonR,Prod,1183
2021-10-01,2021-22,Suzuki WagonR,Sale,1291
2021-11-01,2021-22,Suzuki WagonR,Prod,2126
2021-11-01,2021-22,Suzuki WagonR,Sale,1989
2021-12-01,2021-22,Suzuki WagonR,Prod,2156
2021-12-01,2021-22,Suzuki WagonR,Sale,2861
2022-01-01,2021-22,Suzuki WagonR,Prod,2052
2022-01-01,2021-22,Suzuki WagonR,Sale,1537
2022-02-01,2021-22,Suzuki WagonR,Prod,1701
2022-02-01,2021-22,Suzuki WagonR,Sale,1646
2022-03-01,2021-22,Suzuki WagonR,Prod,2030
2022-03-01,2021-22,Suzuki WagonR,Sale,2104
2022-04-01,2021-22,Suzuki WagonR,Prod,1791
2022-04-01,2021-22,Suzuki WagonR,Sale,1823
2022-05-01,2021-22,Suzuki WagonR,Prod,2195
2022-05-01,2021-22,Suzuki WagonR,Sale,2258
2022-06-01,2021-22,Suzuki WagonR,Prod,1762
2022-06-01,2021-22,Suzuki WagonR,Sale,2134
2022-07-01,2022-23,Suzuki WagonR,Prod,1218
2022-07-01,2022-23,Suzuki WagonR,Sale,282
2022-08-01,2022-23,Suzuki WagonR,Prod,1245
2022-08-01,2022-23,Suzuki WagonR,Sale,365
2022-09-01,2022-23,Suzuki WagonR,Prod,191
2022-09-01,2022-23,Suzuki WagonR,Sale,766
2022-10-01,2022-23,Suzuki WagonR,Prod,494
2022-10-01,2022-23,Suzuki WagonR,Sale,768
2022-11-01,2022-23,Suzuki WagonR,Prod,679
2022-11-01,2022-23,Suzuki WagonR,Sale,716
2022-12-01,2022-23,Suzuki WagonR,Prod,677
2022-12-01,2022-23,Suzuki WagonR,Sale,872
2023-01-01,2022-23,Suzuki WagonR,Prod,467
2023-01-01,2022-23,Suzuki WagonR,Sale,671
2023-02-01,2022-23,Suzuki WagonR,Prod,599
2023-02-01,2022-23,Suzuki WagonR,Sale,93
2023-03-01,2022-23,Suzuki WagonR,Prod,320
2023-03-01,2022-23,Suzuki WagonR,Sale,489
2023-04-01,2022-23,Suzuki WagonR,Prod,360
2023-04-01,2022-23,Suzuki WagonR,Sale,99
2023-05-01,2022-23,Suzuki WagonR,Prod,345
2023-05-01,2022-23,Suzuki WagonR,Sale,148
2023-06-01,2022-23,Suzuki WagonR,Prod,646
2023-06-01,2022-23,Suzuki WagonR,Sale,165
2023-07-01,2023-24,Suzuki WagonR,Prod,203
2023-07-01,2023-24,Suzuki WagonR,Sale,245
2023-08-01,2023-24,Suzuki WagonR,Prod,229
2023-08-01,2023-24,Suzuki WagonR,Sale,359
2023-09-01,2023-24,Suzuki WagonR,Prod,142
2023-09-01,2023-24,Suzuki WagonR,Sale,359
2023-10-01,2023-24,Suzuki WagonR,Prod,155
2023-10-01,2023-24,Suzuki WagonR,Sale,197
2023-11-01,2023-24,Suzuki WagonR,Prod,0
2023-11-01,2023-24,Suzuki WagonR,Sale,260
2023-12-01,2023-24,Suzuki WagonR,Prod,0
2023-12-01,2023-24,Suzuki WagonR,Sale,409
2024-01-01,2023-24,Suzuki WagonR,Prod,0
2024-01-01,2023-24,Suzuki WagonR,Sale,320
2024-02-01,2023-24,Suzuki WagonR,Prod,97
2024-02-01,2023-24,Suzuki WagonR,Sale,136
2024-03-01,2023-24,Suzuki WagonR,Prod,144
2024-03-01,2023-24,Suzuki WagonR,Sale,367
2024-04-01,2023-24,Suzuki WagonR,Prod,287
2024-04-01,2023-24,Suzuki WagonR,Sale,318
2024-05-01,2023-24,Suzuki WagonR,Prod,240
2024-05-01,2023-24,Suzuki WagonR,Sale,253
2024-06-01,2023-24,Suzuki WagonR,Prod,286
2024-06-01,2023-24,Suzuki WagonR,Sale,372
2024-07-01,2024-25,Suzuki WagonR,Prod,195
2024-07-01,2024-25,Suzuki WagonR,Sale,139
2024-08-01,2024-25,Suzuki WagonR,Prod,110
2024-08-01,2024-25,Suzuki WagonR,Sale,190
2024-09-01,2024-25,Suzuki WagonR,Prod,191
2024-09-01,2024-25,Suzuki WagonR,Sale,182
2024-10-01,2024-25,Suzuki WagonR,Prod,207
2024-10-01,2024-25,Suzuki WagonR,Sale,226
2024-11-01,2024-25,Suzuki WagonR,Prod,289
2024-11-01,2024-25,Suzuki WagonR,Sale,202
2024-12-01,2024-25,Suzuki WagonR,Prod,237
2024-12-01,2024-25,Suzuki WagonR,Sale,220
2025-01-01,2024-25,Suzuki WagonR,Prod,147
2025-01-01,2024-25,Suzuki WagonR,Sale,242
2025-02-01,2024-25,Suzuki WagonR,Prod,167
2025-02-01,2024-25,Suzuki WagonR,Sale,207
2025-03-01,2024-25,Suzuki WagonR,Prod,94
2025-03-01,2024-25,Suzuki WagonR,Sale,97
2025-04-01,2024-25,Suzuki WagonR,Prod,155
2025-04-01,2024-25,Suzuki WagonR,Sale,84
2025-05-01,2024-25,Suzuki WagonR,Prod,322
2025-05-01,2024-25,Suzuki WagonR,Sale,224
2025-06-01,2024-25,Suzuki WagonR,Prod,1
2025-06-01,2024-25,Suzuki WagonR,Sale,153
2021-07-01,2021-22,TOYOTA                                                (Fortuner & IMVs),Prod,1082
2021-07-01,2021-22,TOYOTA                                                (Fortuner & IMVs),Sale,1695
2021-08-01,2021-22,TOYOTA                                                (Fortuner & IMVs),Prod,1356
2021-08-01,2021-22,TOYOTA                                                (Fortuner & IMVs),Sale,1672
2021-09-01,2021-22,TOYOTA                                                (Fortuner & IMVs),Prod,1470
2021-09-01,2021-22,TOYOTA                                                (Fortuner & IMVs),Sale,1443
2021-10-01,2021-22,TOYOTA                                                (Fortuner & IMVs),Prod,1548
2021-10-01,2021-22,TOYOTA                                                (Fortuner & IMVs),Sale,1519
2021-11-01,2021-22,TOYOTA                                                (Fortuner & IMVs),Prod,1647
2021-11-01,2021-22,TOYOTA                                                (Fortuner & IMVs),Sale,1554
2021-12-01,2021-22,TOYOTA                                                (Fortuner & IMVs),Prod,966
2021-12-01,2021-22,TOYOTA                                                (Fortuner & IMVs),Sale,1063
2022-01-01,2021-22,TOYOTA                                                (Fortuner & IMVs),Prod,1625
2022-01-01,2021-22,TOYOTA                                                (Fortuner & IMVs),Sale,1269
2022-02-01,2021-22,TOYOTA                                                (Fortuner & IMVs),Prod,840
2022-02-01,2021-22,TOYOTA                                                (Fortuner & IMVs),Sale,984
2022-03-01,2021-22,TOYOTA                                                (Fortuner & IMVs),Prod,1870
2022-03-01,2021-22,TOYOTA                                                (Fortuner & IMVs),Sale,1673
2022-04-01,2021-22,TOYOTA                                                (Fortuner & IMVs),Prod,1434
2022-04-01,2021-22,TOYOTA                                                (Fortuner & IMVs),Sale,1658
2022-05-01,2021-22,TOYOTA                                                (Fortuner & IMVs),Prod,1577
2022-05-01,2021-22,TOYOTA                                                (Fortuner & IMVs),Sale,1619
2022-06-01,2021-22,TOYOTA                                                (Fortuner & IMVs),Prod,1640
2022-06-01,2021-22,TOYOTA                                                (Fortuner & IMVs),Sale,1856
2022-07-01,2022-23,TOYOTA                                                (Fortuner & IMVs),Prod,1016
2022-07-01,2022-23,TOYOTA                                                (Fortuner & IMVs),Sale,641
2022-08-01,2022-23,TOYOTA                                                (Fortuner & IMVs),Prod,873
2022-08-01,2022-23,TOYOTA                                                (Fortuner & IMVs),Sale,975
2022-09-01,2022-23,TOYOTA                                                (Fortuner & IMVs),Prod,800
2022-09-01,2022-23,TOYOTA                                                (Fortuner & IMVs),Sale,837
2022-10-01,2022-23,TOYOTA                                                (Fortuner & IMVs),Prod,1594
2022-10-01,2022-23,TOYOTA                                                (Fortuner & IMVs),Sale,1536
2022-11-01,2022-23,TOYOTA                                                (Fortuner & IMVs),Prod,1627
2022-11-01,2022-23,TOYOTA                                                (Fortuner & IMVs),Sale,1309
2022-12-01,2022-23,TOYOTA                                                (Fortuner & IMVs),Prod,592
2022-12-01,2022-23,TOYOTA                                                (Fortuner & IMVs),Sale,944
2023-01-01,2022-23,TOYOTA                                                (Fortuner & IMVs),Prod,2294
2023-01-01,2022-23,TOYOTA                                                (Fortuner & IMVs),Sale,1851
2023-02-01,2022-23,TOYOTA                                                (Fortuner & IMVs),Prod,623
2023-02-01,2022-23,TOYOTA                                                (Fortuner & IMVs),Sale,712
2023-03-01,2022-23,TOYOTA                                                (Fortuner & IMVs),Prod,973
2023-03-01,2022-23,TOYOTA                                                (Fortuner & IMVs),Sale,793
2023-04-01,2022-23,TOYOTA                                                (Fortuner & IMVs),Prod,765
2023-04-01,2022-23,TOYOTA                                                (Fortuner & IMVs),Sale,941
2023-05-01,2022-23,TOYOTA                                                (Fortuner & IMVs),Prod,1112
2023-05-01,2022-23,TOYOTA                                                (Fortuner & IMVs),Sale,865
2023-06-01,2022-23,TOYOTA                                                (Fortuner & IMVs),Prod,777
2023-06-01,2022-23,TOYOTA                                                (Fortuner & IMVs),Sale,862
2023-07-01,2023-24,TOYOTA                                                (Fortuner & IMVs),Prod,512
2023-07-01,2023-24,TOYOTA                                                (Fortuner & IMVs),Sale,301
2023-08-01,2023-24,TOYOTA                                                (Fortuner & IMVs),Prod,455
2023-08-01,2023-24,TOYOTA                                                (Fortuner & IMVs),Sale,429
2023-09-01,2023-24,TOYOTA                                                (Fortuner & IMVs),Prod,416
2023-09-01,2023-24,TOYOTA                                                (Fortuner & IMVs),Sale,545
2023-10-01,2023-24,TOYOTA                                                (Fortuner & IMVs),Prod,188
2023-10-01,2023-24,TOYOTA                                                (Fortuner & IMVs),Sale,251
2023-11-01,2023-24,TOYOTA                                                (Fortuner & IMVs),Prod,68
2023-11-01,2023-24,TOYOTA                                                (Fortuner & IMVs),Sale,263
2023-12-01,2023-24,TOYOTA                                                (Fortuner & IMVs),Prod,46
2023-12-01,2023-24,TOYOTA                                                (Fortuner & IMVs),Sale,130
2024-01-01,2023-24,TOYOTA                                                (Fortuner & IMVs),Prod,632
2024-01-01,2023-24,TOYOTA                                                (Fortuner & IMVs),Sale,619
2024-02-01,2023-24,TOYOTA                                                (Fortuner & IMVs),Prod,191
2024-02-01,2023-24,TOYOTA                                                (Fortuner & IMVs),Sale,277
2024-03-01,2023-24,TOYOTA                                                (Fortuner & IMVs),Prod,121
2024-03-01,2023-24,TOYOTA                                                (Fortuner & IMVs),Sale,158
2024-04-01,2023-24,TOYOTA                                                (Fortuner & IMVs),Prod,398
2024-04-01,2023-24,TOYOTA                                                (Fortuner & IMVs),Sale,343
2024-05-01,2023-24,TOYOTA                                                (Fortuner & IMVs),Prod,391
2024-05-01,2023-24,TOYOTA                                                (Fortuner & IMVs),Sale,485
2024-06-01,2023-24,TOYOTA                                                (Fortuner & IMVs),Prod,453
2024-06-01,2023-24,TOYOTA                                                (Fortuner & IMVs),Sale,664
2024-07-01,2024-25,TOYOTA                                                (Fortuner & IMVs),Prod,567
2024-07-01,2024-25,TOYOTA                                                (Fortuner & IMVs),Sale,558
2024-08-01,2024-25,TOYOTA                                                (Fortuner & IMVs),Prod,606
2024-08-01,2024-25,TOYOTA                                                (Fortuner & IMVs),Sale,564
2024-09-01,2024-25,TOYOTA                                                (Fortuner & IMVs),Prod,562
2024-09-01,2024-25,TOYOTA                                                (Fortuner & IMVs),Sale,484
2024-10-01,2024-25,TOYOTA                                                (Fortuner & IMVs),Prod,533
2024-10-01,2024-25,TOYOTA                                                (Fortuner & IMVs),Sale,431
2024-11-01,2024-25,TOYOTA                                                (Fortuner & IMVs),Prod,458
2024-11-01,2024-25,TOYOTA                                                (Fortuner & IMVs),Sale,372
2024-12-01,2024-25,TOYOTA                                                (Fortuner & IMVs),Prod,385
2024-12-01,2024-25,TOYOTA                                                (Fortuner & IMVs),Sale,499
2025-01-01,2024-25,TOYOTA                                                (Fortuner & IMVs),Prod,1184
2025-01-01,2024-25,TOYOTA                                                (Fortuner & IMVs),Sale,1186
2025-02-01,2024-25,TOYOTA                                                (Fortuner & IMVs),Prod,689
2025-02-01,2024-25,TOYOTA                                                (Fortuner & IMVs),Sale,791
2025-03-01,2024-25,TOYOTA                                                (Fortuner & IMVs),Prod,728
2025-03-01,2024-25,TOYOTA                                                (Fortuner & IMVs),Sale,753
2025-04-01,2024-25,TOYOTA                                                (Fortuner & IMVs),Prod,907
2025-04-01,2024-25,TOYOTA                                                (Fortuner & IMVs),Sale,743
2025-05-01,2024-25,TOYOTA                                                (Fortuner & IMVs),Prod,755
2025-05-01,2024-25,TOYOTA                                                (Fortuner & IMVs),Sale,1015
2025-06-01,2024-25,TOYOTA                                                (Fortuner & IMVs),Prod,757
2025-06-01,2024-25,TOYOTA                                                (Fortuner & IMVs),Sale,785
2016-07-01,2016-17,TOYOTA Fortuner,Prod,59
2016-07-01,2016-17,TOYOTA Fortuner,Sale,42
2016-08-01,2016-17,TOYOTA Fortuner,Prod,82
2016-08-01,2016-17,TOYOTA Fortuner,Sale,69
2016-09-01,2016-17,TOYOTA Fortuner,Prod,78
2016-09-01,2016-17,TOYOTA Fortuner,Sale,34
2016-10-01,2016-17,TOYOTA Fortuner,Prod,0
2016-10-01,2016-17,TOYOTA Fortuner,Sale,18
2016-11-01,2016-17,TOYOTA Fortuner,Prod,0
2016-11-01,2016-17,TOYOTA Fortuner,Sale,24
2016-12-01,2016-17,TOYOTA Fortuner,Prod,2
2016-12-01,2016-17,TOYOTA Fortuner,Sale,18
2017-01-01,2016-17,TOYOTA Fortuner,Prod,207
2017-01-01,2016-17,TOYOTA Fortuner,Sale,126
2017-02-01,2016-17,TOYOTA Fortuner,Prod,152
2017-02-01,2016-17,TOYOTA Fortuner,Sale,237
2017-03-01,2016-17,TOYOTA Fortuner,Prod,232
2017-03-01,2016-17,TOYOTA Fortuner,Sale,243
2017-04-01,2016-17,TOYOTA Fortuner,Prod,212
2017-04-01,2016-17,TOYOTA Fortuner,Sale,212
2017-05-01,2016-17,TOYOTA Fortuner,Prod,110
2017-05-01,2016-17,TOYOTA Fortuner,Sale,113
2017-06-01,2016-17,TOYOTA Fortuner,Prod,239
2017-06-01,2016-17,TOYOTA Fortuner,Sale,239
2017-07-01,2017-18,TOYOTA Fortuner,Prod,265
2017-07-01,2017-18,TOYOTA Fortuner,Sale,270
2017-08-01,2017-18,TOYOTA Fortuner,Prod,266
2017-08-01,2017-18,TOYOTA Fortuner,Sale,265
2017-09-01,2017-18,TOYOTA Fortuner,Prod,255
2017-09-01,2017-18,TOYOTA Fortuner,Sale,257
2017-10-01,2017-18,TOYOTA Fortuner,Prod,341
2017-10-01,2017-18,TOYOTA Fortuner,Sale,337
2017-11-01,2017-18,TOYOTA Fortuner,Prod,280
2017-11-01,2017-18,TOYOTA Fortuner,Sale,279
2017-12-01,2017-18,TOYOTA Fortuner,Prod,259
2017-12-01,2017-18,TOYOTA Fortuner,Sale,230
2018-01-01,2017-18,TOYOTA Fortuner,Prod,452
2018-01-01,2017-18,TOYOTA Fortuner,Sale,465
2018-02-01,2017-18,TOYOTA Fortuner,Prod,366
2018-02-01,2017-18,TOYOTA Fortuner,Sale,184
2018-03-01,2017-18,TOYOTA Fortuner,Prod,379
2018-03-01,2017-18,TOYOTA Fortuner,Sale,454
2018-04-01,2017-18,TOYOTA Fortuner,Prod,501
2018-04-01,2017-18,TOYOTA Fortuner,Sale,523
2018-05-01,2017-18,TOYOTA Fortuner,Prod,413
2018-05-01,2017-18,TOYOTA Fortuner,Sale,508
2018-06-01,2017-18,TOYOTA Fortuner,Prod,406
2018-06-01,2017-18,TOYOTA Fortuner,Sale,414
2018-07-01,2018-19,TOYOTA Fortuner,Prod,302
2018-07-01,2018-19,TOYOTA Fortuner,Sale,220
2018-08-01,2018-19,TOYOTA Fortuner,Prod,182
2018-08-01,2018-19,TOYOTA Fortuner,Sale,204
2018-09-01,2018-19,TOYOTA Fortuner,Prod,162
2018-09-01,2018-19,TOYOTA Fortuner,Sale,182
2018-10-01,2018-19,TOYOTA Fortuner,Prod,225
2018-10-01,2018-19,TOYOTA Fortuner,Sale,258
2018-11-01,2018-19,TOYOTA Fortuner,Prod,247
2018-11-01,2018-19,TOYOTA Fortuner,Sale,236
2018-12-01,2018-19,TOYOTA Fortuner,Prod,167
2018-12-01,2018-19,TOYOTA Fortuner,Sale,153
2019-01-01,2018-19,TOYOTA Fortuner,Prod,232
2019-01-01,2018-19,TOYOTA Fortuner,Sale,258
2019-02-01,2018-19,TOYOTA Fortuner,Prod,330
2019-02-01,2018-19,TOYOTA Fortuner,Sale,332
2019-03-01,2018-19,TOYOTA Fortuner,Prod,185
2019-03-01,2018-19,TOYOTA Fortuner,Sale,166
2019-04-01,2018-19,TOYOTA Fortuner,Prod,223
2019-04-01,2018-19,TOYOTA Fortuner,Sale,195
2019-05-01,2018-19,TOYOTA Fortuner,Prod,253
2019-05-01,2018-19,TOYOTA Fortuner,Sale,212
2019-06-01,2018-19,TOYOTA Fortuner,Prod,105
2019-06-01,2018-19,TOYOTA Fortuner,Sale,193
2019-07-01,2019-20,TOYOTA Fortuner,Prod,90
2019-07-01,2019-20,TOYOTA Fortuner,Sale,74
2019-08-01,2019-20,TOYOTA Fortuner,Prod,142
2019-08-01,2019-20,TOYOTA Fortuner,Sale,88
2019-09-01,2019-20,TOYOTA Fortuner,Prod,97
2019-09-01,2019-20,TOYOTA Fortuner,Sale,104
2019-10-01,2019-20,TOYOTA Fortuner,Prod,90
2019-10-01,2019-20,TOYOTA Fortuner,Sale,101
2019-11-01,2019-20,TOYOTA Fortuner,Prod,79
2019-11-01,2019-20,TOYOTA Fortuner,Sale,109
2019-12-01,2019-20,TOYOTA Fortuner,Prod,94
2019-12-01,2019-20,TOYOTA Fortuner,Sale,76
2020-01-01,2019-20,TOYOTA Fortuner,Prod,146
2020-01-01,2019-20,TOYOTA Fortuner,Sale,150
2020-02-01,2019-20,TOYOTA Fortuner,Prod,180
2020-02-01,2019-20,TOYOTA Fortuner,Sale,211
2020-03-01,2019-20,TOYOTA Fortuner,Prod,151
2020-03-01,2019-20,TOYOTA Fortuner,Sale,158
2020-04-01,2019-20,TOYOTA Fortuner,Prod,0
2020-04-01,2019-20,TOYOTA Fortuner,Sale,0
2020-05-01,2019-20,TOYOTA Fortuner,Prod,13
2020-05-01,2019-20,TOYOTA Fortuner,Sale,14
2020-06-01,2019-20,TOYOTA Fortuner,Prod,81
2020-06-01,2019-20,TOYOTA Fortuner,Sale,78
2020-07-01,2020-21,TOYOTA Fortuner,Prod,145
2020-07-01,2020-21,TOYOTA Fortuner,Sale,146
2020-08-01,2020-21,TOYOTA Fortuner,Prod,129
2020-08-01,2020-21,TOYOTA Fortuner,Sale,121
2020-09-01,2020-21,TOYOTA Fortuner,Prod,134
2020-09-01,2020-21,TOYOTA Fortuner,Sale,123
2020-10-01,2020-21,TOYOTA Fortuner,Prod,216
2020-10-01,2020-21,TOYOTA Fortuner,Sale,239
2020-11-01,2020-21,TOYOTA Fortuner,Prod,348
2020-11-01,2020-21,TOYOTA Fortuner,Sale,349
2020-12-01,2020-21,TOYOTA Fortuner,Prod,270
2020-12-01,2020-21,TOYOTA Fortuner,Sale,269
2021-01-01,2020-21,TOYOTA Fortuner,Prod,430
2021-01-01,2020-21,TOYOTA Fortuner,Sale,419
2021-02-01,2020-21,TOYOTA Fortuner,Prod,267
2021-02-01,2020-21,TOYOTA Fortuner,Sale,275
2021-03-01,2020-21,TOYOTA Fortuner,Prod,454
2021-03-01,2020-21,TOYOTA Fortuner,Sale,508
2021-04-01,2020-21,TOYOTA Fortuner,Prod,474
2021-04-01,2020-21,TOYOTA Fortuner,Sale,364
2021-05-01,2020-21,TOYOTA Fortuner,Prod,272
2021-05-01,2020-21,TOYOTA Fortuner,Sale,318
2021-06-01,2020-21,TOYOTA Fortuner,Prod,407
2021-06-01,2020-21,TOYOTA Fortuner,Sale,412
2021-07-01,2021-22,Toyota                         (Corolla & Yaris),Prod,4181
2021-07-01,2021-22,Toyota                         (Corolla & Yaris),Sale,5020
2021-08-01,2021-22,Toyota                         (Corolla & Yaris),Prod,3801
2021-08-01,2021-22,Toyota                         (Corolla & Yaris),Sale,3967
2021-09-01,2021-22,Toyota                         (Corolla & Yaris),Prod,5006
2021-09-01,2021-22,Toyota                         (Corolla & Yaris),Sale,4849
2021-10-01,2021-22,Toyota                         (Corolla & Yaris),Prod,5107
2021-10-01,2021-22,Toyota                         (Corolla & Yaris),Sale,5378
2021-11-01,2021-22,Toyota                         (Corolla & Yaris),Prod,4904
2021-11-01,2021-22,Toyota                         (Corolla & Yaris),Sale,4761
2021-12-01,2021-22,Toyota                         (Corolla & Yaris),Prod,5052
2021-12-01,2021-22,Toyota                         (Corolla & Yaris),Sale,5151
2022-01-01,2021-22,Toyota                         (Corolla & Yaris),Prod,5620
2022-01-01,2021-22,Toyota                         (Corolla & Yaris),Sale,5528
2022-02-01,2021-22,Toyota                         (Corolla & Yaris),Prod,3497
2022-02-01,2021-22,Toyota                         (Corolla & Yaris),Sale,3646
2022-03-01,2021-22,Toyota                         (Corolla & Yaris),Prod,5620
2022-03-01,2021-22,Toyota                         (Corolla & Yaris),Sale,5395
2022-04-01,2021-22,Toyota                         (Corolla & Yaris),Prod,4058
2022-04-01,2021-22,Toyota                         (Corolla & Yaris),Sale,4117
2022-05-01,2021-22,Toyota                         (Corolla & Yaris),Prod,4241
2022-05-01,2021-22,Toyota                         (Corolla & Yaris),Sale,4263
2022-06-01,2021-22,Toyota                         (Corolla & Yaris),Prod,4296
2022-06-01,2021-22,Toyota                         (Corolla & Yaris),Sale,4453
2022-07-01,2022-23,Toyota                         (Corolla & Yaris),Prod,2566
2022-07-01,2022-23,Toyota                         (Corolla & Yaris),Sale,1734
2022-08-01,2022-23,Toyota                         (Corolla & Yaris),Prod,2216
2022-08-01,2022-23,Toyota                         (Corolla & Yaris),Sale,2901
2022-09-01,2022-23,Toyota                         (Corolla & Yaris),Prod,1747
2022-09-01,2022-23,Toyota                         (Corolla & Yaris),Sale,1780
2022-10-01,2022-23,Toyota                         (Corolla & Yaris),Prod,1761
2022-10-01,2022-23,Toyota                         (Corolla & Yaris),Sale,1838
2022-11-01,2022-23,Toyota                         (Corolla & Yaris),Prod,2049
2022-11-01,2022-23,Toyota                         (Corolla & Yaris),Sale,1933
2022-12-01,2022-23,Toyota                         (Corolla & Yaris),Prod,1721
2022-12-01,2022-23,Toyota                         (Corolla & Yaris),Sale,1879
2023-01-01,2022-23,Toyota                         (Corolla & Yaris),Prod,2525
2023-01-01,2022-23,Toyota                         (Corolla & Yaris),Sale,1719
2023-02-01,2022-23,Toyota                         (Corolla & Yaris),Prod,850
2023-02-01,2022-23,Toyota                         (Corolla & Yaris),Sale,1091
2023-03-01,2022-23,Toyota                         (Corolla & Yaris),Prod,1021
2023-03-01,2022-23,Toyota                         (Corolla & Yaris),Sale,1119
2023-04-01,2022-23,Toyota                         (Corolla & Yaris),Prod,928
2023-04-01,2022-23,Toyota                         (Corolla & Yaris),Sale,1007
2023-05-01,2022-23,Toyota                         (Corolla & Yaris),Prod,1029
2023-05-01,2022-23,Toyota                         (Corolla & Yaris),Sale,853
2023-06-01,2022-23,Toyota                         (Corolla & Yaris),Prod,1237
2023-06-01,2022-23,Toyota                         (Corolla & Yaris),Sale,984
2023-07-01,2023-24,"Toyota                         (Corolla, Yaris & Corolla Cross)",Prod,1165
2023-07-01,2023-24,"Toyota                         (Corolla, Yaris & Corolla Cross)",Sale,1067
2023-08-01,2023-24,"Toyota                         (Corolla, Yaris & Corolla Cross)",Prod,932
2023-08-01,2023-24,"Toyota                         (Corolla, Yaris & Corolla Cross)",Sale,1119
2023-09-01,2023-24,"Toyota                         (Corolla, Yaris & Corolla Cross)",Prod,1134
2023-09-01,2023-24,"Toyota                         (Corolla, Yaris & Corolla Cross)",Sale,1050
2023-10-01,2023-24,"Toyota                         (Corolla, Yaris & Corolla Cross)",Prod,482
2023-10-01,2023-24,"Toyota                         (Corolla, Yaris & Corolla Cross)",Sale,796
2023-11-01,2023-24,"Toyota                         (Corolla, Yaris & Corolla Cross)",Prod,419
2023-11-01,2023-24,"Toyota                         (Corolla, Yaris & Corolla Cross)",Sale,693
2023-12-01,2023-24,"Toyota                         (Corolla, Yaris & Corolla Cross)",Prod,577
2023-12-01,2023-24,"Toyota                         (Corolla, Yaris & Corolla Cross)",Sale,554
2024-01-01,2023-24,"Toyota                         (Corolla, Yaris & Corolla Cross)",Prod,2659
2024-01-01,2023-24,"Toyota                         (Corolla, Yaris & Corolla Cross)",Sale,2143
2024-02-01,2023-24,"Toyota                         (Corolla, Yaris & Corolla Cross)",Prod,1676
2024-02-01,2023-24,"Toyota                         (Corolla, Yaris & Corolla Cross)",Sale,1761
2024-03-01,2023-24,"Toyota                         (Corolla, Yaris & Corolla Cross)",Prod,1547
2024-03-01,2023-24,"Toyota                         (Corolla, Yaris & Corolla Cross)",Sale,1547
2024-04-01,2023-24,"Toyota                         (Corolla, Yaris & Corolla Cross)",Prod,1524
2024-04-01,2023-24,"Toyota                         (Corolla, Yaris & Corolla Cross)",Sale,1722
2024-05-01,2023-24,"Toyota                         (Corolla, Yaris & Corolla Cross)",Prod,1641
2024-05-01,2023-24,"Toyota                         (Corolla, Yaris & Corolla Cross)",Sale,1562
2024-06-01,2023-24,"Toyota                         (Corolla, Yaris & Corolla Cross)",Prod,1970
2024-06-01,2023-24,"Toyota                         (Corolla, Yaris & Corolla Cross)",Sale,2293
2024-07-01,2024-25,"Toyota                         (Corolla, Yaris & Corolla Cross)",Prod,1384
2024-07-01,2024-25,"Toyota                         (Corolla, Yaris & Corolla Cross)",Sale,1106
2024-08-01,2024-25,"Toyota                         (Corolla, Yaris & Corolla Cross)",Prod,1870
2024-08-01,2024-25,"Toyota                         (Corolla, Yaris & Corolla Cross)",Sale,1565
2024-09-01,2024-25,"Toyota                         (Corolla, Yaris & Corolla Cross)",Prod,1812
2024-09-01,2024-25,"Toyota                         (Corolla, Yaris & Corolla Cross)",Sale,1883
2024-10-01,2024-25,"Toyota                         (Corolla, Yaris & Corolla Cross)",Prod,1906
2024-10-01,2024-25,"Toyota                         (Corolla, Yaris & Corolla Cross)",Sale,2101
2024-11-01,2024-25,"Toyota                         (Corolla, Yaris & Corolla Cross)",Prod,1340
2024-11-01,2024-25,"Toyota                         (Corolla, Yaris & Corolla Cross)",Sale,1822
2024-12-01,2024-25,"Toyota                         (Corolla, Yaris & Corolla Cross)",Prod,1102
2024-12-01,2024-25,"Toyota                         (Corolla, Yaris & Corolla Cross)",Sale,1156
2025-01-01,2024-25,"Toyota                         (Corolla, Yaris & Corolla Cross)",Prod,2351
2025-01-01,2024-25,"Toyota                         (Corolla, Yaris & Corolla Cross)",Sale,2149
2025-02-01,2024-25,"Toyota                         (Corolla, Yaris & Corolla Cross)",Prod,2074
2025-02-01,2024-25,"Toyota                         (Corolla, Yaris & Corolla Cross)",Sale,1820
2025-03-01,2024-25,"Toyota                         (Corolla, Yaris & Corolla Cross)",Prod,2255
2025-03-01,2024-25,"Toyota                         (Corolla, Yaris & Corolla Cross)",Sale,2378
2025-04-01,2024-25,"Toyota                         (Corolla, Yaris & Corolla Cross)",Prod,3000
2025-04-01,2024-25,"Toyota                         (Corolla, Yaris & Corolla Cross)",Sale,2516
2025-05-01,2024-25,"Toyota                         (Corolla, Yaris & Corolla Cross)",Prod,3461
2025-05-01,2024-25,"Toyota                         (Corolla, Yaris & Corolla Cross)",Sale,3814
2025-06-01,2024-25,"Toyota                         (Corolla, Yaris & Corolla Cross)",Prod,2566
2025-06-01,2024-25,"Toyota                         (Corolla, Yaris & Corolla Cross)",Sale,2902
2007-07-01,2007-08,Toyota Corolla,Prod,3745
2007-07-01,2007-08,Toyota Corolla,Sale,3414
2007-08-01,2007-08,Toyota Corolla,Prod,3404
2007-08-01,2007-08,Toyota Corolla,Sale,3711
2007-09-01,2007-08,Toyota Corolla,Prod,2826
2007-09-01,2007-08,Toyota Corolla,Sale,2546
2007-10-01,2007-08,Toyota Corolla,Prod,2543
2007-10-01,2007-08,Toyota Corolla,Sale,2531
2007-11-01,2007-08,Toyota Corolla,Prod,2702
2007-11-01,2007-08,Toyota Corolla,Sale,2637
2007-12-01,2007-08,Toyota Corolla,Prod,1690
2007-12-01,2007-08,Toyota Corolla,Sale,1141
2008-01-01,2007-08,Toyota Corolla,Prod,1888
2008-01-01,2007-08,Toyota Corolla,Sale,2485
2008-02-01,2007-08,Toyota Corolla,Prod,2654
2008-02-01,2007-08,Toyota Corolla,Sale,2704
2008-03-01,2007-08,Toyota Corolla,Prod,2944
2008-03-01,2007-08,Toyota Corolla,Sale,3054
2008-04-01,2007-08,Toyota Corolla,Prod,3091
2008-04-01,2007-08,Toyota Corolla,Sale,3054
2008-05-01,2007-08,Toyota Corolla,Prod,3034
2008-05-01,2007-08,Toyota Corolla,Sale,2923
2008-06-01,2007-08,Toyota Corolla,Prod,3151
2008-06-01,2007-08,Toyota Corolla,Sale,3440
2008-07-01,2008-09,Toyota Corolla,Prod,379
2008-07-01,2008-09,Toyota Corolla,Sale,298
2008-08-01,2008-09,Toyota Corolla,Prod,471
2008-08-01,2008-09,Toyota Corolla,Sale,341
2008-09-01,2008-09,Toyota Corolla,Prod,1697
2008-09-01,2008-09,Toyota Corolla,Sale,1280
2008-10-01,2008-09,Toyota Corolla,Prod,2902
2008-10-01,2008-09,Toyota Corolla,Sale,2905
2008-11-01,2008-09,Toyota Corolla,Prod,3053
2008-11-01,2008-09,Toyota Corolla,Sale,3030
2008-12-01,2008-09,Toyota Corolla,Prod,1628
2008-12-01,2008-09,Toyota Corolla,Sale,1253
2009-01-01,2008-09,Toyota Corolla,Prod,2581
2009-01-01,2008-09,Toyota Corolla,Sale,3103
2009-02-01,2008-09,Toyota Corolla,Prod,2406
2009-02-01,2008-09,Toyota Corolla,Sale,2444
2009-03-01,2008-09,Toyota Corolla,Prod,2706
2009-03-01,2008-09,Toyota Corolla,Sale,2606
2009-04-01,2008-09,Toyota Corolla,Prod,3201
2009-04-01,2008-09,Toyota Corolla,Sale,3366
2009-05-01,2008-09,Toyota Corolla,Prod,3008
2009-05-01,2008-09,Toyota Corolla,Sale,3095
2009-06-01,2008-09,Toyota Corolla,Prod,3022
2009-06-01,2008-09,Toyota Corolla,Sale,3039
2009-07-01,2009-10,Toyota Corolla,Prod,3241
2009-07-01,2009-10,Toyota Corolla,Sale,3124
2009-08-01,2009-10,Toyota Corolla,Prod,3155
2009-08-01,2009-10,Toyota Corolla,Sale,3172
2009-09-01,2009-10,Toyota Corolla,Prod,2661
2009-09-01,2009-10,Toyota Corolla,Sale,2655
2009-10-01,2009-10,Toyota Corolla,Prod,3933
2009-10-01,2009-10,Toyota Corolla,Sale,3951
2009-11-01,2009-10,Toyota Corolla,Prod,3157
2009-11-01,2009-10,Toyota Corolla,Sale,3183
2009-12-01,2009-10,Toyota Corolla,Prod,2033
2009-12-01,2009-10,Toyota Corolla,Sale,2044
2010-01-01,2009-10,Toyota Corolla,Prod,4385
2010-01-01,2009-10,Toyota Corolla,Sale,4207
2010-02-01,2009-10,Toyota Corolla,Prod,3432
2010-02-01,2009-10,Toyota Corolla,Sale,3481
2010-03-01,2009-10,Toyota Corolla,Prod,4157
2010-03-01,2009-10,Toyota Corolla,Sale,4147
2010-04-01,2009-10,Toyota Corolla,Prod,4309
2010-04-01,2009-10,Toyota Corolla,Sale,4558
2010-05-01,2009-10,Toyota Corolla,Prod,4304
2010-05-01,2009-10,Toyota Corolla,Sale,4235
2010-06-01,2009-10,Toyota Corolla,Prod,4615
2010-06-01,2009-10,Toyota Corolla,Sale,4753
2010-07-01,2010-11,Toyota Corolla,Prod,4521
2010-07-01,2010-11,Toyota Corolla,Sale,4400
2010-08-01,2010-11,Toyota Corolla,Prod,2876
2010-08-01,2010-11,Toyota Corolla,Sale,2901
2010-09-01,2010-11,Toyota Corolla,Prod,3141
2010-09-01,2010-11,Toyota Corolla,Sale,3070
2010-10-01,2010-11,Toyota Corolla,Prod,3973
2010-10-01,2010-11,Toyota Corolla,Sale,3891
2010-11-01,2010-11,Toyota Corolla,Prod,2862
2010-11-01,2010-11,Toyota Corolla,Sale,2887
2010-12-01,2010-11,Toyota Corolla,Prod,1877
2010-12-01,2010-11,Toyota Corolla,Sale,1568
2011-01-01,2010-11,Toyota Corolla,Prod,4724
2011-01-01,2010-11,Toyota Corolla,Sale,5023
2011-02-01,2010-11,Toyota Corolla,Prod,3765
2011-02-01,2010-11,Toyota Corolla,Sale,3683
2011-03-01,2010-11,Toyota Corolla,Prod,3867
2011-03-01,2010-11,Toyota Corolla,Sale,3397
2011-04-01,2010-11,Toyota Corolla,Prod,3618
2011-04-01,2010-11,Toyota Corolla,Sale,4122
2011-05-01,2010-11,Toyota Corolla,Prod,3301
2011-05-01,2010-11,Toyota Corolla,Sale,3331
2011-06-01,2010-11,Toyota Corolla,Prod,2894
2011-06-01,2010-11,Toyota Corolla,Sale,2838
2011-07-01,2011-12,Toyota Corolla,Prod,3859
2011-07-01,2011-12,Toyota Corolla,Sale,3681
2011-08-01,2011-12,Toyota Corolla,Prod,3214
2011-08-01,2011-12,Toyota Corolla,Sale,3681
2011-09-01,2011-12,Toyota Corolla,Prod,3272
2011-09-01,2011-12,Toyota Corolla,Sale,3320
2011-10-01,2011-12,Toyota Corolla,Prod,4557
2011-10-01,2011-12,Toyota Corolla,Sale,4493
2011-11-01,2011-12,Toyota Corolla,Prod,2818
2011-11-01,2011-12,Toyota Corolla,Sale,2692
2011-12-01,2011-12,Toyota Corolla,Prod,2324
2011-12-01,2011-12,Toyota Corolla,Sale,2153
2012-01-01,2011-12,Toyota Corolla,Prod,5159
2012-01-01,2011-12,Toyota Corolla,Sale,4865
2012-02-01,2011-12,Toyota Corolla,Prod,3915
2012-02-01,2011-12,Toyota Corolla,Sale,4155
2012-03-01,2011-12,Toyota Corolla,Prod,3823
2012-03-01,2011-12,Toyota Corolla,Sale,3774
2012-04-01,2011-12,Toyota Corolla,Prod,4406
2012-04-01,2011-12,Toyota Corolla,Sale,4431
2012-05-01,2011-12,Toyota Corolla,Prod,4571
2012-05-01,2011-12,Toyota Corolla,Sale,4475
2012-06-01,2011-12,Toyota Corolla,Prod,4434
2012-06-01,2011-12,Toyota Corolla,Sale,4487
2012-07-01,2012-13,Toyota Corolla,Prod,2914
2012-07-01,2012-13,Toyota Corolla,Sale,2464
2012-08-01,2012-13,Toyota Corolla,Prod,2627
2012-08-01,2012-13,Toyota Corolla,Sale,2800
2012-09-01,2012-13,Toyota Corolla,Prod,2614
2012-09-01,2012-13,Toyota Corolla,Sale,1768
2012-10-01,2012-13,Toyota Corolla,Prod,1956
2012-10-01,2012-13,Toyota Corolla,Sale,2155
2012-11-01,2012-13,Toyota Corolla,Prod,1686
2012-11-01,2012-13,Toyota Corolla,Sale,1860
2012-12-01,2012-13,Toyota Corolla,Prod,786
2012-12-01,2012-13,Toyota Corolla,Sale,1382
2013-01-01,2012-13,Toyota Corolla,Prod,3418
2013-01-01,2012-13,Toyota Corolla,Sale,3296
2013-02-01,2012-13,Toyota Corolla,Prod,2975
2013-02-01,2012-13,Toyota Corolla,Sale,3337
2013-03-01,2012-13,Toyota Corolla,Prod,3101
2013-03-01,2012-13,Toyota Corolla,Sale,3284
2013-04-01,2012-13,Toyota Corolla,Prod,3637
2013-04-01,2012-13,Toyota Corolla,Sale,3284
2013-05-01,2012-13,Toyota Corolla,Prod,3637
2013-05-01,2012-13,Toyota Corolla,Sale,3339
2013-06-01,2012-13,Toyota Corolla,Prod,3531
2013-06-01,2012-13,Toyota Corolla,Sale,3639
2013-07-01,2013-14,Toyota Corolla,Prod,2361
2013-07-01,2013-14,Toyota Corolla,Sale,2368
2013-08-01,2013-14,Toyota Corolla,Prod,2567
2013-08-01,2013-14,Toyota Corolla,Sale,2627
2013-09-01,2013-14,Toyota Corolla,Prod,1931
2013-09-01,2013-14,Toyota Corolla,Sale,2114
2013-10-01,2013-14,Toyota Corolla,Prod,2140
2013-10-01,2013-14,Toyota Corolla,Sale,2266
2013-11-01,2013-14,Toyota Corolla,Prod,1844
2013-11-01,2013-14,Toyota Corolla,Sale,1966
2013-12-01,2013-14,Toyota Corolla,Prod,1611
2013-12-01,2013-14,Toyota Corolla,Sale,1534
2014-01-01,2013-14,Toyota Corolla,Prod,3465
2014-01-01,2013-14,Toyota Corolla,Sale,3611
2014-02-01,2013-14,Toyota Corolla,Prod,2914
2014-02-01,2013-14,Toyota Corolla,Sale,3141
2014-03-01,2013-14,Toyota Corolla,Prod,3635
2014-03-01,2013-14,Toyota Corolla,Sale,3399
2014-04-01,2013-14,Toyota Corolla,Prod,2362
2014-04-01,2013-14,Toyota Corolla,Sale,2648
2014-05-01,2013-14,Toyota Corolla,Prod,2668
2014-05-01,2013-14,Toyota Corolla,Sale,2443
2014-06-01,2013-14,Toyota Corolla,Prod,626
2014-06-01,2013-14,Toyota Corolla,Sale,970
2014-07-01,2014-15,Toyota Corolla,Prod,1055
2014-07-01,2014-15,Toyota Corolla,Sale,673
2014-08-01,2014-15,Toyota Corolla,Prod,3141
2014-08-01,2014-15,Toyota Corolla,Sale,3515
2014-09-01,2014-15,Toyota Corolla,Prod,4463
2014-09-01,2014-15,Toyota Corolla,Sale,4358
2014-10-01,2014-15,Toyota Corolla,Prod,4152
2014-10-01,2014-15,Toyota Corolla,Sale,4099
2014-11-01,2014-15,Toyota Corolla,Prod,4311
2014-11-01,2014-15,Toyota Corolla,Sale,4202
2014-12-01,2014-15,Toyota Corolla,Prod,3620
2014-12-01,2014-15,Toyota Corolla,Sale,3882
2015-01-01,2014-15,Toyota Corolla,Prod,6016
2015-01-01,2014-15,Toyota Corolla,Sale,5864
2015-02-01,2014-15,Toyota Corolla,Prod,4685
2015-02-01,2014-15,Toyota Corolla,Sale,4449
2015-03-01,2014-15,Toyota Corolla,Prod,4860
2015-03-01,2014-15,Toyota Corolla,Sale,5196
2015-04-01,2014-15,Toyota Corolla,Prod,5461
2015-04-01,2014-15,Toyota Corolla,Sale,5412
2015-05-01,2014-15,Toyota Corolla,Prod,5002
2015-05-01,2014-15,Toyota Corolla,Sale,5030
2015-06-01,2014-15,Toyota Corolla,Prod,4626
2015-06-01,2014-15,Toyota Corolla,Sale,4718
2015-07-01,2015-16,Toyota Corolla,Prod,3906
2015-07-01,2015-16,Toyota Corolla,Sale,3868
2015-08-01,2015-16,Toyota Corolla,Prod,4993
2015-08-01,2015-16,Toyota Corolla,Sale,4972
2015-09-01,2015-16,Toyota Corolla,Prod,4680
2015-09-01,2015-16,Toyota Corolla,Sale,4672
2015-10-01,2015-16,Toyota Corolla,Prod,4885
2015-10-01,2015-16,Toyota Corolla,Sale,4912
2015-11-01,2015-16,Toyota Corolla,Prod,4965
2015-11-01,2015-16,Toyota Corolla,Sale,4960
2015-12-01,2015-16,Toyota Corolla,Prod,4230
2015-12-01,2015-16,Toyota Corolla,Sale,4297
2016-01-01,2015-16,Toyota Corolla,Prod,5628
2016-01-01,2015-16,Toyota Corolla,Sale,5544
2016-02-01,2015-16,Toyota Corolla,Prod,4915
2016-02-01,2015-16,Toyota Corolla,Sale,4844
2016-03-01,2015-16,Toyota Corolla,Prod,5238
2016-03-01,2015-16,Toyota Corolla,Sale,5275
2016-04-01,2015-16,Toyota Corolla,Prod,4881
2016-04-01,2015-16,Toyota Corolla,Sale,4859
2016-05-01,2015-16,Toyota Corolla,Prod,5234
2016-05-01,2015-16,Toyota Corolla,Sale,5207
2016-06-01,2015-16,Toyota Corolla,Prod,3919
2016-06-01,2015-16,Toyota Corolla,Sale,4042
2016-07-01,2016-17,Toyota Corolla,Prod,3769
2016-07-01,2016-17,Toyota Corolla,Sale,3678
2016-08-01,2016-17,Toyota Corolla,Prod,4609
2016-08-01,2016-17,Toyota Corolla,Sale,4572
2016-09-01,2016-17,Toyota Corolla,Prod,4355
2016-09-01,2016-17,Toyota Corolla,Sale,4405
2016-10-01,2016-17,Toyota Corolla,Prod,4095
2016-10-01,2016-17,Toyota Corolla,Sale,3954
2016-11-01,2016-17,Toyota Corolla,Prod,5113
2016-11-01,2016-17,Toyota Corolla,Sale,5019
2016-12-01,2016-17,Toyota Corolla,Prod,4005
2016-12-01,2016-17,Toyota Corolla,Sale,4140
2017-01-01,2016-17,Toyota Corolla,Prod,4967
2017-01-01,2016-17,Toyota Corolla,Sale,5108
2017-02-01,2016-17,Toyota Corolla,Prod,4648
2017-02-01,2016-17,Toyota Corolla,Sale,4625
2017-03-01,2016-17,Toyota Corolla,Prod,5213
2017-03-01,2016-17,Toyota Corolla,Sale,5193
2017-04-01,2016-17,Toyota Corolla,Prod,4760
2017-04-01,2016-17,Toyota Corolla,Sale,4753
2017-05-01,2016-17,Toyota Corolla,Prod,4267
2017-05-01,2016-17,Toyota Corolla,Sale,4220
2017-06-01,2016-17,Toyota Corolla,Prod,3073
2017-06-01,2016-17,Toyota Corolla,Sale,3009
2017-07-01,2017-18,Toyota Corolla,Prod,4171
2017-07-01,2017-18,Toyota Corolla,Sale,3875
2017-08-01,2017-18,Toyota Corolla,Prod,4291
2017-08-01,2017-18,Toyota Corolla,Sale,4782
2017-09-01,2017-18,Toyota Corolla,Prod,4137
2017-09-01,2017-18,Toyota Corolla,Sale,4108
2017-10-01,2017-18,Toyota Corolla,Prod,4170
2017-10-01,2017-18,Toyota Corolla,Sale,4216
2017-11-01,2017-18,Toyota Corolla,Prod,4543
2017-11-01,2017-18,Toyota Corolla,Sale,4537
2017-12-01,2017-18,Toyota Corolla,Prod,3790
2017-12-01,2017-18,Toyota Corolla,Sale,3807
2018-01-01,2017-18,Toyota Corolla,Prod,4325
2018-01-01,2017-18,Toyota Corolla,Sale,4243
2018-02-01,2017-18,Toyota Corolla,Prod,3955
2018-02-01,2017-18,Toyota Corolla,Sale,4034
2018-03-01,2017-18,Toyota Corolla,Prod,4728
2018-03-01,2017-18,Toyota Corolla,Sale,4642
2018-04-01,2017-18,Toyota Corolla,Prod,4882
2018-04-01,2017-18,Toyota Corolla,Sale,4946
2018-05-01,2017-18,Toyota Corolla,Prod,4665
2018-05-01,2017-18,Toyota Corolla,Sale,4676
2018-06-01,2017-18,Toyota Corolla,Prod,3561
2018-06-01,2017-18,Toyota Corolla,Sale,3546
2018-07-01,2018-19,Toyota Corolla,Prod,4652
2018-07-01,2018-19,Toyota Corolla,Sale,4566
2018-08-01,2018-19,Toyota Corolla,Prod,4152
2018-08-01,2018-19,Toyota Corolla,Sale,4204
2018-09-01,2018-19,Toyota Corolla,Prod,4476
2018-09-01,2018-19,Toyota Corolla,Sale,4426
2018-10-01,2018-19,Toyota Corolla,Prod,5514
2018-10-01,2018-19,Toyota Corolla,Sale,5618
2018-11-01,2018-19,Toyota Corolla,Prod,5325
2018-11-01,2018-19,Toyota Corolla,Sale,4957
2018-12-01,2018-19,Toyota Corolla,Prod,3838
2018-12-01,2018-19,Toyota Corolla,Sale,4179
2019-01-01,2018-19,Toyota Corolla,Prod,5433
2019-01-01,2018-19,Toyota Corolla,Sale,5353
2019-02-01,2018-19,Toyota Corolla,Prod,4878
2019-02-01,2018-19,Toyota Corolla,Sale,4945
2019-03-01,2018-19,Toyota Corolla,Prod,4871
2019-03-01,2018-19,Toyota Corolla,Sale,4741
2019-04-01,2018-19,Toyota Corolla,Prod,5130
2019-04-01,2018-19,Toyota Corolla,Sale,5256
2019-05-01,2018-19,Toyota Corolla,Prod,4114
2019-05-01,2018-19,Toyota Corolla,Sale,4069
2019-06-01,2018-19,Toyota Corolla,Prod,4301
2019-06-01,2018-19,Toyota Corolla,Sale,4406
2019-07-01,2019-20,Toyota Corolla,Prod,2827
2019-07-01,2019-20,Toyota Corolla,Sale,1981
2019-08-01,2019-20,Toyota Corolla,Prod,2481
2019-08-01,2019-20,Toyota Corolla,Sale,1727
2019-09-01,2019-20,Toyota Corolla,Prod,1376
2019-09-01,2019-20,Toyota Corolla,Sale,1795
2019-10-01,2019-20,Toyota Corolla,Prod,1600
2019-10-01,2019-20,Toyota Corolla,Sale,1982
2019-11-01,2019-20,Toyota Corolla,Prod,1806
2019-11-01,2019-20,Toyota Corolla,Sale,2172
2019-12-01,2019-20,Toyota Corolla,Prod,1715
2019-12-01,2019-20,Toyota Corolla,Sale,2085
2020-01-01,2019-20,Toyota Corolla,Prod,3451
2020-01-01,2019-20,Toyota Corolla,Sale,3445
2020-02-01,2019-20,Toyota Corolla,Prod,3764
2020-02-01,2019-20,Toyota Corolla,Sale,3715
2020-03-01,2019-20,Toyota Corolla,Prod,2220
2020-03-01,2019-20,Toyota Corolla,Sale,2089
2020-04-01,2019-20,Toyota Corolla,Prod,0
2020-04-01,2019-20,Toyota Corolla,Sale,0
2020-05-01,2019-20,Toyota Corolla,Prod,196
2020-05-01,2019-20,Toyota Corolla,Sale,294
2020-06-01,2019-20,Toyota Corolla,Prod,744
2020-06-01,2019-20,Toyota Corolla,Sale,855
2020-07-01,2020-21,Toyota Corolla,Prod,1561
2020-07-01,2020-21,Toyota Corolla,Sale,1528
2020-08-01,2020-21,Toyota Corolla,Prod,836
2020-08-01,2020-21,Toyota Corolla,Sale,867
2020-09-01,2020-21,Toyota Corolla,Prod,1203
2020-09-01,2020-21,Toyota Corolla,Sale,1219
2020-10-01,2020-21,Toyota Corolla,Prod,1307
2020-10-01,2020-21,Toyota Corolla,Sale,1314
2020-11-01,2020-21,Toyota Corolla,Prod,1704
2020-11-01,2020-21,Toyota Corolla,Sale,1704
2020-12-01,2020-21,Toyota Corolla,Prod,1829
2020-12-01,2020-21,Toyota Corolla,Sale,1795
2021-01-01,2020-21,Toyota Corolla,Prod,1510
2021-01-01,2020-21,Toyota Corolla,Sale,1525
2021-02-01,2020-21,Toyota Corolla,Prod,1159
2021-02-01,2020-21,Toyota Corolla,Sale,1177
2021-03-01,2020-21,Toyota Corolla,Prod,2150
2021-03-01,2020-21,Toyota Corolla,Sale,2126
2021-04-01,2020-21,Toyota Corolla,Prod,1687
2021-04-01,2020-21,Toyota Corolla,Sale,1724
2021-05-01,2020-21,Toyota Corolla,Prod,1527
2021-05-01,2020-21,Toyota Corolla,Sale,1514
2021-06-01,2020-21,Toyota Corolla,Prod,2079
2021-06-01,2020-21,Toyota Corolla,Sale,1862
2012-07-01,2012-13,Toyota Fortuner,Prod,0
2012-07-01,2012-13,Toyota Fortuner,Sale,0
2012-08-01,2012-13,Toyota Fortuner,Prod,0
2012-08-01,2012-13,Toyota Fortuner,Sale,0
2012-09-01,2012-13,Toyota Fortuner,Prod,0
2012-09-01,2012-13,Toyota Fortuner,Sale,0
2012-10-01,2012-13,Toyota Fortuner,Prod,0
2012-10-01,2012-13,Toyota Fortuner,Sale,0
2012-11-01,2012-13,Toyota Fortuner,Prod,0
2012-11-01,2012-13,Toyota Fortuner,Sale,0
2012-12-01,2012-13,Toyota Fortuner,Prod,0
2012-12-01,2012-13,Toyota Fortuner,Sale,0
2013-01-01,2012-13,Toyota Fortuner,Prod,0
2013-01-01,2012-13,Toyota Fortuner,Sale,0
2013-02-01,2012-13,Toyota Fortuner,Prod,101
2013-02-01,2012-13,Toyota Fortuner,Sale,3
2013-03-01,2012-13,Toyota Fortuner,Prod,168
2013-03-01,2012-13,Toyota Fortuner,Sale,228
2013-04-01,2012-13,Toyota Fortuner,Prod,227
2013-04-01,2012-13,Toyota Fortuner,Sale,240
2013-05-01,2012-13,Toyota Fortuner,Prod,182
2013-05-01,2012-13,Toyota Fortuner,Sale,155
2013-06-01,2012-13,Toyota Fortuner,Prod,169
2013-06-01,2012-13,Toyota Fortuner,Sale,186
2013-07-01,2013-14,Toyota Fortuner,Prod,70
2013-07-01,2013-14,Toyota Fortuner,Sale,45
2013-08-01,2013-14,Toyota Fortuner,Prod,31
2013-08-01,2013-14,Toyota Fortuner,Sale,46
2013-09-01,2013-14,Toyota Fortuner,Prod,15
2013-09-01,2013-14,Toyota Fortuner,Sale,29
2013-10-01,2013-14,Toyota Fortuner,Prod,48
2013-10-01,2013-14,Toyota Fortuner,Sale,30
2013-11-01,2013-14,Toyota Fortuner,Prod,57
2013-11-01,2013-14,Toyota Fortuner,Sale,25
2013-12-01,2013-14,Toyota Fortuner,Prod,5
2013-12-01,2013-14,Toyota Fortuner,Sale,52
2014-01-01,2013-14,Toyota Fortuner,Prod,53
2014-01-01,2013-14,Toyota Fortuner,Sale,40
2014-02-01,2013-14,Toyota Fortuner,Prod,11
2014-02-01,2013-14,Toyota Fortuner,Sale,31
2014-03-01,2013-14,Toyota Fortuner,Prod,33
2014-03-01,2013-14,Toyota Fortuner,Sale,31
2014-04-01,2013-14,Toyota Fortuner,Prod,29
2014-04-01,2013-14,Toyota Fortuner,Sale,29
2014-05-01,2013-14,Toyota Fortuner,Prod,31
2014-05-01,2013-14,Toyota Fortuner,Sale,28
2014-06-01,2013-14,Toyota Fortuner,Prod,37
2014-06-01,2013-14,Toyota Fortuner,Sale,4
2014-07-01,2014-15,Toyota Fortuner,Prod,26
2014-07-01,2014-15,Toyota Fortuner,Sale,70
2014-08-01,2014-15,Toyota Fortuner,Prod,67
2014-08-01,2014-15,Toyota Fortuner,Sale,75
2014-09-01,2014-15,Toyota Fortuner,Prod,79
2014-09-01,2014-15,Toyota Fortuner,Sale,56
2014-10-01,2014-15,Toyota Fortuner,Prod,70
2014-10-01,2014-15,Toyota Fortuner,Sale,79
2014-11-01,2014-15,Toyota Fortuner,Prod,87
2014-11-01,2014-15,Toyota Fortuner,Sale,60
2014-12-01,2014-15,Toyota Fortuner,Prod,29
2014-12-01,2014-15,Toyota Fortuner,Sale,21
2015-01-01,2014-15,Toyota Fortuner,Prod,26
2015-01-01,2014-15,Toyota Fortuner,Sale,71
2015-02-01,2014-15,Toyota Fortuner,Prod,63
2015-02-01,2014-15,Toyota Fortuner,Sale,52
2015-03-01,2014-15,Toyota Fortuner,Prod,78
2015-03-01,2014-15,Toyota Fortuner,Sale,73
2015-04-01,2014-15,Toyota Fortuner,Prod,87
2015-04-01,2014-15,Toyota Fortuner,Sale,67
2015-05-01,2014-15,Toyota Fortuner,Prod,47
2015-05-01,2014-15,Toyota Fortuner,Sale,44
2015-06-01,2014-15,Toyota Fortuner,Prod,26
2015-06-01,2014-15,Toyota Fortuner,Sale,54
2015-07-01,2015-16,Toyota Fortuner,Prod,47
2015-07-01,2015-16,Toyota Fortuner,Sale,56
2015-08-01,2015-16,Toyota Fortuner,Prod,69
2015-08-01,2015-16,Toyota Fortuner,Sale,48
2015-09-01,2015-16,Toyota Fortuner,Prod,52
2015-09-01,2015-16,Toyota Fortuner,Sale,54
2015-10-01,2015-16,Toyota Fortuner,Prod,32
2015-10-01,2015-16,Toyota Fortuner,Sale,46
2015-11-01,2015-16,Toyota Fortuner,Prod,41
2015-11-01,2015-16,Toyota Fortuner,Sale,37
2015-12-01,2015-16,Toyota Fortuner,Prod,22
2015-12-01,2015-16,Toyota Fortuner,Sale,41
2016-01-01,2015-16,Toyota Fortuner,Prod,73
2016-01-01,2015-16,Toyota Fortuner,Sale,50
2016-02-01,2015-16,Toyota Fortuner,Prod,53
2016-02-01,2015-16,Toyota Fortuner,Sale,36
2016-03-01,2015-16,Toyota Fortuner,Prod,41
2016-03-01,2015-16,Toyota Fortuner,Sale,60
2016-04-01,2015-16,Toyota Fortuner,Prod,50
2016-04-01,2015-16,Toyota Fortuner,Sale,60
2016-05-01,2015-16,Toyota Fortuner,Prod,26
2016-05-01,2015-16,Toyota Fortuner,Sale,30
2016-06-01,2015-16,Toyota Fortuner,Prod,76
2016-06-01,2015-16,Toyota Fortuner,Sale,84
2007-07-01,2007-08,Toyota Hilux,Prod,0
2007-07-01,2007-08,Toyota Hilux,Sale,0
2007-08-01,2007-08,Toyota Hilux,Prod,6
2007-08-01,2007-08,Toyota Hilux,Sale,1
2007-09-01,2007-08,Toyota Hilux,Prod,1
2007-09-01,2007-08,Toyota Hilux,Sale,2
2007-10-01,2007-08,Toyota Hilux,Prod,108
2007-10-01,2007-08,Toyota Hilux,Sale,2
2007-11-01,2007-08,Toyota Hilux,Prod,275
2007-11-01,2007-08,Toyota Hilux,Sale,174
2007-12-01,2007-08,Toyota Hilux,Prod,196
2007-12-01,2007-08,Toyota Hilux,Sale,276
2008-01-01,2007-08,Toyota Hilux,Prod,345
2008-01-01,2007-08,Toyota Hilux,Sale,376
2008-02-01,2007-08,Toyota Hilux,Prod,389
2008-02-01,2007-08,Toyota Hilux,Sale,295
2008-03-01,2007-08,Toyota Hilux,Prod,276
2008-03-01,2007-08,Toyota Hilux,Sale,384
2008-04-01,2007-08,Toyota Hilux,Prod,259
2008-04-01,2007-08,Toyota Hilux,Sale,106
2008-05-01,2007-08,Toyota Hilux,Prod,123
2008-05-01,2007-08,Toyota Hilux,Sale,119
2008-06-01,2007-08,Toyota Hilux,Prod,160
2008-06-01,2007-08,Toyota Hilux,Sale,266
2008-07-01,2008-09,Toyota Hilux,Prod,160
2008-07-01,2008-09,Toyota Hilux,Sale,81
2008-08-01,2008-09,Toyota Hilux,Prod,150
2008-08-01,2008-09,Toyota Hilux,Sale,123
2008-09-01,2008-09,Toyota Hilux,Prod,165
2008-09-01,2008-09,Toyota Hilux,Sale,145
2008-10-01,2008-09,Toyota Hilux,Prod,123
2008-10-01,2008-09,Toyota Hilux,Sale,180
2008-11-01,2008-09,Toyota Hilux,Prod,112
2008-11-01,2008-09,Toyota Hilux,Sale,45
2008-12-01,2008-09,Toyota Hilux,Prod,1
2008-12-01,2008-09,Toyota Hilux,Sale,46
2009-01-01,2008-09,Toyota Hilux,Prod,120
2009-01-01,2008-09,Toyota Hilux,Sale,26
2009-02-01,2008-09,Toyota Hilux,Prod,80
2009-02-01,2008-09,Toyota Hilux,Sale,48
2009-03-01,2008-09,Toyota Hilux,Prod,78
2009-03-01,2008-09,Toyota Hilux,Sale,78
2009-04-01,2008-09,Toyota Hilux,Prod,120
2009-04-01,2008-09,Toyota Hilux,Sale,140
2009-05-01,2008-09,Toyota Hilux,Prod,148
2009-05-01,2008-09,Toyota Hilux,Sale,169
2009-06-01,2008-09,Toyota Hilux,Prod,184
2009-06-01,2008-09,Toyota Hilux,Sale,453
2009-07-01,2009-10,Toyota Hilux,Prod,204
2009-07-01,2009-10,Toyota Hilux,Sale,131
2009-08-01,2009-10,Toyota Hilux,Prod,168
2009-08-01,2009-10,Toyota Hilux,Sale,152
2009-09-01,2009-10,Toyota Hilux,Prod,151
2009-09-01,2009-10,Toyota Hilux,Sale,73
2009-10-01,2009-10,Toyota Hilux,Prod,163
2009-10-01,2009-10,Toyota Hilux,Sale,108
2009-11-01,2009-10,Toyota Hilux,Prod,190
2009-11-01,2009-10,Toyota Hilux,Sale,100
2009-12-01,2009-10,Toyota Hilux,Prod,129
2009-12-01,2009-10,Toyota Hilux,Sale,174
2010-01-01,2009-10,Toyota Hilux,Prod,204
2010-01-01,2009-10,Toyota Hilux,Sale,118
2010-02-01,2009-10,Toyota Hilux,Prod,171
2010-02-01,2009-10,Toyota Hilux,Sale,116
2010-03-01,2009-10,Toyota Hilux,Prod,130
2010-03-01,2009-10,Toyota Hilux,Sale,194
2010-04-01,2009-10,Toyota Hilux,Prod,196
2010-04-01,2009-10,Toyota Hilux,Sale,320
2010-05-01,2009-10,Toyota Hilux,Prod,179
2010-05-01,2009-10,Toyota Hilux,Sale,114
2010-06-01,2009-10,Toyota Hilux,Prod,145
2010-06-01,2009-10,Toyota Hilux,Sale,412
2010-07-01,2010-11,Toyota Hilux,Prod,178
2010-07-01,2010-11,Toyota Hilux,Sale,178
2010-08-01,2010-11,Toyota Hilux,Prod,137
2010-08-01,2010-11,Toyota Hilux,Sale,67
2010-09-01,2010-11,Toyota Hilux,Prod,179
2010-09-01,2010-11,Toyota Hilux,Sale,40
2010-10-01,2010-11,Toyota Hilux,Prod,114
2010-10-01,2010-11,Toyota Hilux,Sale,182
2010-11-01,2010-11,Toyota Hilux,Prod,298
2010-11-01,2010-11,Toyota Hilux,Sale,111
2010-12-01,2010-11,Toyota Hilux,Prod,275
2010-12-01,2010-11,Toyota Hilux,Sale,154
2011-01-01,2010-11,Toyota Hilux,Prod,305
2011-01-01,2010-11,Toyota Hilux,Sale,317
2011-02-01,2010-11,Toyota Hilux,Prod,363
2011-02-01,2010-11,Toyota Hilux,Sale,325
2011-03-01,2010-11,Toyota Hilux,Prod,324
2011-03-01,2010-11,Toyota Hilux,Sale,402
2011-04-01,2010-11,Toyota Hilux,Prod,303
2011-04-01,2010-11,Toyota Hilux,Sale,247
2011-05-01,2010-11,Toyota Hilux,Prod,239
2011-05-01,2010-11,Toyota Hilux,Sale,305
2011-06-01,2010-11,Toyota Hilux,Prod,345
2011-06-01,2010-11,Toyota Hilux,Sale,569
2011-07-01,2011-12,Toyota Hilux,Prod,369
2011-07-01,2011-12,Toyota Hilux,Sale,412
2011-08-01,2011-12,Toyota Hilux,Prod,322
2011-08-01,2011-12,Toyota Hilux,Sale,215
2011-09-01,2011-12,Toyota Hilux,Prod,441
2011-09-01,2011-12,Toyota Hilux,Sale,229
2011-10-01,2011-12,Toyota Hilux,Prod,468
2011-10-01,2011-12,Toyota Hilux,Sale,243
2011-11-01,2011-12,Toyota Hilux,Prod,397
2011-11-01,2011-12,Toyota Hilux,Sale,243
2011-12-01,2011-12,Toyota Hilux,Prod,215
2011-12-01,2011-12,Toyota Hilux,Sale,820
2012-01-01,2011-12,Toyota Hilux,Prod,585
2012-01-01,2011-12,Toyota Hilux,Sale,170
2012-02-01,2011-12,Toyota Hilux,Prod,210
2012-02-01,2011-12,Toyota Hilux,Sale,229
2012-03-01,2011-12,Toyota Hilux,Prod,437
2012-03-01,2011-12,Toyota Hilux,Sale,297
2012-04-01,2011-12,Toyota Hilux,Prod,516
2012-04-01,2011-12,Toyota Hilux,Sale,459
2012-05-01,2011-12,Toyota Hilux,Prod,348
2012-05-01,2011-12,Toyota Hilux,Sale,308
2012-06-01,2011-12,Toyota Hilux,Prod,622
2012-06-01,2011-12,Toyota Hilux,Sale,788
2012-07-01,2012-13,Toyota Hilux,Prod,449
2012-07-01,2012-13,Toyota Hilux,Sale,564
2012-08-01,2012-13,Toyota Hilux,Prod,248
2012-08-01,2012-13,Toyota Hilux,Sale,282
2012-09-01,2012-13,Toyota Hilux,Prod,325
2012-09-01,2012-13,Toyota Hilux,Sale,350
2012-10-01,2012-13,Toyota Hilux,Prod,333
2012-10-01,2012-13,Toyota Hilux,Sale,549
2012-11-01,2012-13,Toyota Hilux,Prod,343
2012-11-01,2012-13,Toyota Hilux,Sale,265
2012-12-01,2012-13,Toyota Hilux,Prod,150
2012-12-01,2012-13,Toyota Hilux,Sale,189
2013-01-01,2012-13,Toyota Hilux,Prod,443
2013-01-01,2012-13,Toyota Hilux,Sale,264
2013-02-01,2012-13,Toyota Hilux,Prod,239
2013-02-01,2012-13,Toyota Hilux,Sale,248
2013-03-01,2012-13,Toyota Hilux,Prod,237
2013-03-01,2012-13,Toyota Hilux,Sale,467
2013-04-01,2012-13,Toyota Hilux,Prod,268
2013-04-01,2012-13,Toyota Hilux,Sale,412
2013-05-01,2012-13,Toyota Hilux,Prod,293
2013-05-01,2012-13,Toyota Hilux,Sale,274
2013-06-01,2012-13,Toyota Hilux,Prod,348
2013-06-01,2012-13,Toyota Hilux,Sale,418
2013-07-01,2013-14,Toyota Hilux,Prod,391
2013-07-01,2013-14,Toyota Hilux,Sale,481
2013-08-01,2013-14,Toyota Hilux,Prod,369
2013-08-01,2013-14,Toyota Hilux,Sale,250
2013-09-01,2013-14,Toyota Hilux,Prod,438
2013-09-01,2013-14,Toyota Hilux,Sale,459
2013-10-01,2013-14,Toyota Hilux,Prod,505
2013-10-01,2013-14,Toyota Hilux,Sale,299
2013-11-01,2013-14,Toyota Hilux,Prod,307
2013-11-01,2013-14,Toyota Hilux,Sale,192
2013-12-01,2013-14,Toyota Hilux,Prod,164
2013-12-01,2013-14,Toyota Hilux,Sale,396
2014-01-01,2013-14,Toyota Hilux,Prod,332
2014-01-01,2013-14,Toyota Hilux,Sale,341
2014-02-01,2013-14,Toyota Hilux,Prod,401
2014-02-01,2013-14,Toyota Hilux,Sale,333
2014-03-01,2013-14,Toyota Hilux,Prod,409
2014-03-01,2013-14,Toyota Hilux,Sale,621
2014-04-01,2013-14,Toyota Hilux,Prod,272
2014-04-01,2013-14,Toyota Hilux,Sale,177
2014-05-01,2013-14,Toyota Hilux,Prod,411
2014-05-01,2013-14,Toyota Hilux,Sale,446
2014-06-01,2013-14,Toyota Hilux,Prod,469
2014-06-01,2013-14,Toyota Hilux,Sale,525
2014-07-01,2014-15,Toyota Hilux,Prod,381
2014-07-01,2014-15,Toyota Hilux,Sale,363
2014-08-01,2014-15,Toyota Hilux,Prod,432
2014-08-01,2014-15,Toyota Hilux,Sale,475
2014-09-01,2014-15,Toyota Hilux,Prod,354
2014-09-01,2014-15,Toyota Hilux,Sale,277
2014-10-01,2014-15,Toyota Hilux,Prod,306
2014-10-01,2014-15,Toyota Hilux,Sale,247
2014-11-01,2014-15,Toyota Hilux,Prod,298
2014-11-01,2014-15,Toyota Hilux,Sale,237
2014-12-01,2014-15,Toyota Hilux,Prod,350
2014-12-01,2014-15,Toyota Hilux,Sale,194
2015-01-01,2014-15,Toyota Hilux,Prod,386
2015-01-01,2014-15,Toyota Hilux,Sale,480
2015-02-01,2014-15,Toyota Hilux,Prod,409
2015-02-01,2014-15,Toyota Hilux,Sale,576
2015-03-01,2014-15,Toyota Hilux,Prod,395
2015-03-01,2014-15,Toyota Hilux,Sale,497
2015-04-01,2014-15,Toyota Hilux,Prod,471
2015-04-01,2014-15,Toyota Hilux,Sale,358
2015-05-01,2014-15,Toyota Hilux,Prod,631
2015-05-01,2014-15,Toyota Hilux,Sale,433
2015-06-01,2014-15,Toyota Hilux,Prod,398
2015-06-01,2014-15,Toyota Hilux,Sale,686
2015-07-01,2015-16,Toyota Hilux,Prod,379
2015-07-01,2015-16,Toyota Hilux,Sale,335
2015-08-01,2015-16,Toyota Hilux,Prod,504
2015-08-01,2015-16,Toyota Hilux,Sale,504
2015-09-01,2015-16,Toyota Hilux,Prod,292
2015-09-01,2015-16,Toyota Hilux,Sale,258
2015-10-01,2015-16,Toyota Hilux,Prod,528
2015-10-01,2015-16,Toyota Hilux,Sale,502
2015-11-01,2015-16,Toyota Hilux,Prod,640
2015-11-01,2015-16,Toyota Hilux,Sale,519
2015-12-01,2015-16,Toyota Hilux,Prod,209
2015-12-01,2015-16,Toyota Hilux,Sale,400
2016-01-01,2015-16,Toyota Hilux,Prod,597
2016-01-01,2015-16,Toyota Hilux,Sale,373
2016-02-01,2015-16,Toyota Hilux,Prod,495
2016-02-01,2015-16,Toyota Hilux,Sale,395
2016-03-01,2015-16,Toyota Hilux,Prod,548
2016-03-01,2015-16,Toyota Hilux,Sale,446
2016-04-01,2015-16,Toyota Hilux,Prod,444
2016-04-01,2015-16,Toyota Hilux,Sale,564
2016-05-01,2015-16,Toyota Hilux,Prod,641
2016-05-01,2015-16,Toyota Hilux,Sale,307
2016-06-01,2015-16,Toyota Hilux,Prod,763
2016-06-01,2015-16,Toyota Hilux,Sale,1320
2016-07-01,2016-17,Toyota Hilux,Prod,575
2016-07-01,2016-17,Toyota Hilux,Sale,458
2016-08-01,2016-17,Toyota Hilux,Prod,823
2016-08-01,2016-17,Toyota Hilux,Sale,809
2016-09-01,2016-17,Toyota Hilux,Prod,501
2016-09-01,2016-17,Toyota Hilux,Sale,318
2016-10-01,2016-17,Toyota Hilux,Prod,9
2016-10-01,2016-17,Toyota Hilux,Sale,43
2016-11-01,2016-17,Toyota Hilux,Prod,413
2016-11-01,2016-17,Toyota Hilux,Sale,340
2016-12-01,2016-17,Toyota Hilux,Prod,508
2016-12-01,2016-17,Toyota Hilux,Sale,565
2017-01-01,2016-17,Toyota Hilux,Prod,417
2017-01-01,2016-17,Toyota Hilux,Sale,541
2017-02-01,2016-17,Toyota Hilux,Prod,617
2017-02-01,2016-17,Toyota Hilux,Sale,667
2017-03-01,2016-17,Toyota Hilux,Prod,562
2017-03-01,2016-17,Toyota Hilux,Sale,498
2017-04-01,2016-17,Toyota Hilux,Prod,449
2017-04-01,2016-17,Toyota Hilux,Sale,674
2017-05-01,2016-17,Toyota Hilux,Prod,635
2017-05-01,2016-17,Toyota Hilux,Sale,596
2017-06-01,2016-17,Toyota Hilux,Prod,189
2017-06-01,2016-17,Toyota Hilux,Sale,351
2017-07-01,2017-18,Toyota Hilux,Prod,467
2017-07-01,2017-18,Toyota Hilux,Sale,473
2017-08-01,2017-18,Toyota Hilux,Prod,544
2017-08-01,2017-18,Toyota Hilux,Sale,494
2017-09-01,2017-18,Toyota Hilux,Prod,575
2017-09-01,2017-18,Toyota Hilux,Sale,563
2017-10-01,2017-18,Toyota Hilux,Prod,540
2017-10-01,2017-18,Toyota Hilux,Sale,568
2017-11-01,2017-18,Toyota Hilux,Prod,857
2017-11-01,2017-18,Toyota Hilux,Sale,534
2017-12-01,2017-18,Toyota Hilux,Prod,751
2017-12-01,2017-18,Toyota Hilux,Sale,539
2018-01-01,2017-18,Toyota Hilux,Prod,586
2018-01-01,2017-18,Toyota Hilux,Sale,673
2018-02-01,2017-18,Toyota Hilux,Prod,590
2018-02-01,2017-18,Toyota Hilux,Sale,890
2018-03-01,2017-18,Toyota Hilux,Prod,789
2018-03-01,2017-18,Toyota Hilux,Sale,708
2018-04-01,2017-18,Toyota Hilux,Prod,695
2018-04-01,2017-18,Toyota Hilux,Sale,714
2018-05-01,2017-18,Toyota Hilux,Prod,667
2018-05-01,2017-18,Toyota Hilux,Sale,726
2018-06-01,2017-18,Toyota Hilux,Prod,424
2018-06-01,2017-18,Toyota Hilux,Sale,588
2018-07-01,2018-19,Toyota Hilux,Prod,733
2018-07-01,2018-19,Toyota Hilux,Sale,682
2018-08-01,2018-19,Toyota Hilux,Prod,650
2018-08-01,2018-19,Toyota Hilux,Sale,610
2018-09-01,2018-19,Toyota Hilux,Prod,668
2018-09-01,2018-19,Toyota Hilux,Sale,325
2018-10-01,2018-19,Toyota Hilux,Prod,579
2018-10-01,2018-19,Toyota Hilux,Sale,533
2018-11-01,2018-19,Toyota Hilux,Prod,396
2018-11-01,2018-19,Toyota Hilux,Sale,286
2018-12-01,2018-19,Toyota Hilux,Prod,716
2018-12-01,2018-19,Toyota Hilux,Sale,992
2019-01-01,2018-19,Toyota Hilux,Prod,612
2019-01-01,2018-19,Toyota Hilux,Sale,638
2019-02-01,2018-19,Toyota Hilux,Prod,385
2019-02-01,2018-19,Toyota Hilux,Sale,252
2019-03-01,2018-19,Toyota Hilux,Prod,331
2019-03-01,2018-19,Toyota Hilux,Sale,250
2019-04-01,2018-19,Toyota Hilux,Prod,297
2019-04-01,2018-19,Toyota Hilux,Sale,287
2019-05-01,2018-19,Toyota Hilux,Prod,225
2019-05-01,2018-19,Toyota Hilux,Sale,468
2019-06-01,2018-19,Toyota Hilux,Prod,457
2019-06-01,2018-19,Toyota Hilux,Sale,747
2019-07-01,2019-20,Toyota Hilux,Prod,369
2019-07-01,2019-20,Toyota Hilux,Sale,358
2019-08-01,2019-20,Toyota Hilux,Prod,424
2019-08-01,2019-20,Toyota Hilux,Sale,358
2019-09-01,2019-20,Toyota Hilux,Prod,214
2019-09-01,2019-20,Toyota Hilux,Sale,222
2019-10-01,2019-20,Toyota Hilux,Prod,425
2019-10-01,2019-20,Toyota Hilux,Sale,413
2019-11-01,2019-20,Toyota Hilux,Prod,421
2019-11-01,2019-20,Toyota Hilux,Sale,359
2019-12-01,2019-20,Toyota Hilux,Prod,270
2019-12-01,2019-20,Toyota Hilux,Sale,171
2020-01-01,2019-20,Toyota Hilux,Prod,441
2020-01-01,2019-20,Toyota Hilux,Sale,427
2020-02-01,2019-20,Toyota Hilux,Prod,465
2020-02-01,2019-20,Toyota Hilux,Sale,584
2020-03-01,2019-20,Toyota Hilux,Prod,304
2020-03-01,2019-20,Toyota Hilux,Sale,346
2020-04-01,2019-20,Toyota Hilux,Prod,0
2020-04-01,2019-20,Toyota Hilux,Sale,0
2020-05-01,2019-20,Toyota Hilux,Prod,27
2020-05-01,2019-20,Toyota Hilux,Sale,72
2020-06-01,2019-20,Toyota Hilux,Prod,394
2020-06-01,2019-20,Toyota Hilux,Sale,438
2020-07-01,2020-21,Toyota Hilux,Prod,523
2020-07-01,2020-21,Toyota Hilux,Sale,486
2020-08-01,2020-21,Toyota Hilux,Prod,580
2020-08-01,2020-21,Toyota Hilux,Sale,614
2020-09-01,2020-21,Toyota Hilux,Prod,592
2020-09-01,2020-21,Toyota Hilux,Sale,602
2020-10-01,2020-21,Toyota Hilux,Prod,913
2020-10-01,2020-21,Toyota Hilux,Sale,870
2020-11-01,2020-21,Toyota Hilux,Prod,540
2020-11-01,2020-21,Toyota Hilux,Sale,551
2020-12-01,2020-21,Toyota Hilux,Prod,535
2020-12-01,2020-21,Toyota Hilux,Sale,497
2021-01-01,2020-21,Toyota Hilux,Prod,553
2021-01-01,2020-21,Toyota Hilux,Sale,516
2021-02-01,2020-21,Toyota Hilux,Prod,350
2021-02-01,2020-21,Toyota Hilux,Sale,366
2021-03-01,2020-21,Toyota Hilux,Prod,858
2021-03-01,2020-21,Toyota Hilux,Sale,744
2021-04-01,2020-21,Toyota Hilux,Prod,749
2021-04-01,2020-21,Toyota Hilux,Sale,667
2021-05-01,2020-21,Toyota Hilux,Prod,943
2021-05-01,2020-21,Toyota Hilux,Sale,745
2021-06-01,2020-21,Toyota Hilux,Prod,826
2021-06-01,2020-21,Toyota Hilux,Sale,385
2019-07-01,2019-20,Toyota Yaris,Prod,0
2019-07-01,2019-20,Toyota Yaris,Sale,0
2019-08-01,2019-20,Toyota Yaris,Prod,0
2019-08-01,2019-20,Toyota Yaris,Sale,0
2019-09-01,2019-20,Toyota Yaris,Prod,0
2019-09-01,2019-20,Toyota Yaris,Sale,0
2019-10-01,2019-20,Toyota Yaris,Prod,0
2019-10-01,2019-20,Toyota Yaris,Sale,0
2019-11-01,2019-20,Toyota Yaris,Prod,0
2019-11-01,2019-20,Toyota Yaris,Sale,0
2019-12-01,2019-20,Toyota Yaris,Prod,0
2019-12-01,2019-20,Toyota Yaris,Sale,0
2020-01-01,2019-20,Toyota Yaris,Prod,0
2020-01-01,2019-20,Toyota Yaris,Sale,0
2020-02-01,2019-20,Toyota Yaris,Prod,0
2020-02-01,2019-20,Toyota Yaris,Sale,0
2020-03-01,2019-20,Toyota Yaris,Prod,0
2020-03-01,2019-20,Toyota Yaris,Sale,0
2020-04-01,2019-20,Toyota Yaris,Prod,0
2020-04-01,2019-20,Toyota Yaris,Sale,0
2020-05-01,2019-20,Toyota Yaris,Prod,389
2020-05-01,2019-20,Toyota Yaris,Sale,167
2020-06-01,2019-20,Toyota Yaris,Prod,1033
2020-06-01,2019-20,Toyota Yaris,Sale,1160
2020-07-01,2020-21,Toyota Yaris,Prod,1879
2020-07-01,2020-21,Toyota Yaris,Sale,1883
2020-08-01,2020-21,Toyota Yaris,Prod,1640
2020-08-01,2020-21,Toyota Yaris,Sale,1705
2020-09-01,2020-21,Toyota Yaris,Prod,2426
2020-09-01,2020-21,Toyota Yaris,Sale,2421
2020-10-01,2020-21,Toyota Yaris,Prod,3061
2020-10-01,2020-21,Toyota Yaris,Sale,3058
2020-11-01,2020-21,Toyota Yaris,Prod,2308
2020-11-01,2020-21,Toyota Yaris,Sale,2338
2020-12-01,2020-21,Toyota Yaris,Prod,1440
2020-12-01,2020-21,Toyota Yaris,Sale,1440
2021-01-01,2020-21,Toyota Yaris,Prod,3005
2021-01-01,2020-21,Toyota Yaris,Sale,2992
2021-02-01,2020-21,Toyota Yaris,Prod,2551
2021-02-01,2020-21,Toyota Yaris,Sale,2566
2021-03-01,2020-21,Toyota Yaris,Prod,3353
2021-03-01,2020-21,Toyota Yaris,Sale,3317
2021-04-01,2020-21,Toyota Yaris,Prod,2603
2021-04-01,2020-21,Toyota Yaris,Sale,2600
2021-05-01,2020-21,Toyota Yaris,Prod,2145
2021-05-01,2020-21,Toyota Yaris,Sale,2099
2021-06-01,2020-21,Toyota Yaris,Prod,2716
2021-06-01,2020-21,Toyota Yaris,Sale,1876
2015-07-01,2015-16,United Auto Motorcycle,Prod,21089
2015-07-01,2015-16,United Auto Motorcycle,Sale,21089
2015-08-01,2015-16,United Auto Motorcycle,Prod,24030
2015-08-01,2015-16,United Auto Motorcycle,Sale,24030
2015-09-01,2015-16,United Auto Motorcycle,Prod,21085
2015-09-01,2015-16,United Auto Motorcycle,Sale,21085
2015-10-01,2015-16,United Auto Motorcycle,Prod,21504
2015-10-01,2015-16,United Auto Motorcycle,Sale,21504
2015-11-01,2015-16,United Auto Motorcycle,Prod,21545
2015-11-01,2015-16,United Auto Motorcycle,Sale,21545
2015-12-01,2015-16,United Auto Motorcycle,Prod,20266
2015-12-01,2015-16,United Auto Motorcycle,Sale,20266
2016-01-01,2015-16,United Auto Motorcycle,Prod,22245
2016-01-01,2015-16,United Auto Motorcycle,Sale,22245
2016-02-01,2015-16,United Auto Motorcycle,Prod,20559
2016-02-01,2015-16,United Auto Motorcycle,Sale,20559
2016-03-01,2015-16,United Auto Motorcycle,Prod,19981
2016-03-01,2015-16,United Auto Motorcycle,Sale,19981
2016-04-01,2015-16,United Auto Motorcycle,Prod,21482
2016-04-01,2015-16,United Auto Motorcycle,Sale,21482
2016-05-01,2015-16,United Auto Motorcycle,Prod,22781
2016-05-01,2015-16,United Auto Motorcycle,Sale,22781
2016-06-01,2015-16,United Auto Motorcycle,Prod,26206
2016-06-01,2015-16,United Auto Motorcycle,Sale,26206
2016-07-01,2016-17,United Auto Motorcycle,Prod,22787
2016-07-01,2016-17,United Auto Motorcycle,Sale,22787
2016-08-01,2016-17,United Auto Motorcycle,Prod,26677
2016-08-01,2016-17,United Auto Motorcycle,Sale,26677
2016-09-01,2016-17,United Auto Motorcycle,Prod,23502
2016-09-01,2016-17,United Auto Motorcycle,Sale,23502
2016-10-01,2016-17,United Auto Motorcycle,Prod,29450
2016-10-01,2016-17,United Auto Motorcycle,Sale,29450
2016-11-01,2016-17,United Auto Motorcycle,Prod,32773
2016-11-01,2016-17,United Auto Motorcycle,Sale,32773
2016-12-01,2016-17,United Auto Motorcycle,Prod,26639
2016-12-01,2016-17,United Auto Motorcycle,Sale,26639
2017-01-01,2016-17,United Auto Motorcycle,Prod,28160
2017-01-01,2016-17,United Auto Motorcycle,Sale,28160
2017-02-01,2016-17,United Auto Motorcycle,Prod,24391
2017-02-01,2016-17,United Auto Motorcycle,Sale,24391
2017-03-01,2016-17,United Auto Motorcycle,Prod,26688
2017-03-01,2016-17,United Auto Motorcycle,Sale,26688
2017-04-01,2016-17,United Auto Motorcycle,Prod,25915
2017-04-01,2016-17,United Auto Motorcycle,Sale,25915
2017-05-01,2016-17,United Auto Motorcycle,Prod,31347
2017-05-01,2016-17,United Auto Motorcycle,Sale,31347
2017-06-01,2016-17,United Auto Motorcycle,Prod,28402
2017-06-01,2016-17,United Auto Motorcycle,Sale,27969
2017-07-01,2017-18,United Auto Motorcycle,Prod,31019
2017-07-01,2017-18,United Auto Motorcycle,Sale,30939
2017-08-01,2017-18,United Auto Motorcycle,Prod,35555
2017-08-01,2017-18,United Auto Motorcycle,Sale,36084
2017-09-01,2017-18,United Auto Motorcycle,Prod,30905
2017-09-01,2017-18,United Auto Motorcycle,Sale,31489
2017-10-01,2017-18,United Auto Motorcycle,Prod,38494
2017-10-01,2017-18,United Auto Motorcycle,Sale,37951
2017-11-01,2017-18,United Auto Motorcycle,Prod,29762
2017-11-01,2017-18,United Auto Motorcycle,Sale,29018
2017-12-01,2017-18,United Auto Motorcycle,Prod,32958
2017-12-01,2017-18,United Auto Motorcycle,Sale,32765
2018-01-01,2017-18,United Auto Motorcycle,Prod,37578
2018-01-01,2017-18,United Auto Motorcycle,Sale,37644
2018-02-01,2017-18,United Auto Motorcycle,Prod,31820
2018-02-01,2017-18,United Auto Motorcycle,Sale,32396
2018-03-01,2017-18,United Auto Motorcycle,Prod,34775
2018-03-01,2017-18,United Auto Motorcycle,Sale,34693
2018-04-01,2017-18,United Auto Motorcycle,Prod,35133
2018-04-01,2017-18,United Auto Motorcycle,Sale,34672
2018-05-01,2017-18,United Auto Motorcycle,Prod,35822
2018-05-01,2017-18,United Auto Motorcycle,Sale,34907
2018-06-01,2017-18,United Auto Motorcycle,Prod,31829
2018-06-01,2017-18,United Auto Motorcycle,Sale,33424
2018-07-01,2018-19,United Auto Motorcycle,Prod,35464
2018-07-01,2018-19,United Auto Motorcycle,Sale,35508
2018-08-01,2018-19,United Auto Motorcycle,Prod,32721
2018-08-01,2018-19,United Auto Motorcycle,Sale,33350
2018-09-01,2018-19,United Auto Motorcycle,Prod,40626
2018-09-01,2018-19,United Auto Motorcycle,Sale,40654
2018-10-01,2018-19,United Auto Motorcycle,Prod,40899
2018-10-01,2018-19,United Auto Motorcycle,Sale,41308
2018-11-01,2018-19,United Auto Motorcycle,Prod,27442
2018-11-01,2018-19,United Auto Motorcycle,Sale,26441
2018-12-01,2018-19,United Auto Motorcycle,Prod,26266
2018-12-01,2018-19,United Auto Motorcycle,Sale,26047
2019-01-01,2018-19,United Auto Motorcycle,Prod,29438
2019-01-01,2018-19,United Auto Motorcycle,Sale,29437
2019-02-01,2018-19,United Auto Motorcycle,Prod,21930
2019-02-01,2018-19,United Auto Motorcycle,Sale,22293
2019-03-01,2018-19,United Auto Motorcycle,Prod,26261
2019-03-01,2018-19,United Auto Motorcycle,Sale,26738
2019-04-01,2018-19,United Auto Motorcycle,Prod,26736
2019-04-01,2018-19,United Auto Motorcycle,Sale,26656
2019-05-01,2018-19,United Auto Motorcycle,Prod,30373
2019-05-01,2018-19,United Auto Motorcycle,Sale,30879
2019-06-01,2018-19,United Auto Motorcycle,Prod,25415
2019-06-01,2018-19,United Auto Motorcycle,Sale,25303
2019-07-01,2019-20,United Auto Motorcycle,Prod,23282
2019-07-01,2019-20,United Auto Motorcycle,Sale,22288
2019-08-01,2019-20,United Auto Motorcycle,Prod,30470
2019-08-01,2019-20,United Auto Motorcycle,Sale,30091
2019-09-01,2019-20,United Auto Motorcycle,Prod,30456
2019-09-01,2019-20,United Auto Motorcycle,Sale,28633
2019-10-01,2019-20,United Auto Motorcycle,Prod,35426
2019-10-01,2019-20,United Auto Motorcycle,Sale,32875
2019-11-01,2019-20,United Auto Motorcycle,Prod,29017
2019-11-01,2019-20,United Auto Motorcycle,Sale,30407
2019-12-01,2019-20,United Auto Motorcycle,Prod,25852
2019-12-01,2019-20,United Auto Motorcycle,Sale,25284
2020-01-01,2019-20,United Auto Motorcycle,Prod,25677
2020-01-01,2019-20,United Auto Motorcycle,Sale,25331
2020-02-01,2019-20,United Auto Motorcycle,Prod,29010
2020-02-01,2019-20,United Auto Motorcycle,Sale,30652
2020-03-01,2019-20,United Auto Motorcycle,Prod,17805
2020-03-01,2019-20,United Auto Motorcycle,Sale,16826
2020-04-01,2019-20,United Auto Motorcycle,Prod,0
2020-04-01,2019-20,United Auto Motorcycle,Sale,0
2020-05-01,2019-20,United Auto Motorcycle,Prod,14847
2020-05-01,2019-20,United Auto Motorcycle,Sale,17441
2020-06-01,2019-20,United Auto Motorcycle,Prod,36483
2020-06-01,2019-20,United Auto Motorcycle,Sale,35631
2020-07-01,2020-21,United Auto Motorcycle,Prod,35419
2020-07-01,2020-21,United Auto Motorcycle,Sale,36050
2020-08-01,2020-21,United Auto Motorcycle,Prod,34268
2020-08-01,2020-21,United Auto Motorcycle,Sale,34369
2020-09-01,2020-21,United Auto Motorcycle,Prod,29876
2020-09-01,2020-21,United Auto Motorcycle,Sale,27944
2020-10-01,2020-21,United Auto Motorcycle,Prod,31494
2020-10-01,2020-21,United Auto Motorcycle,Sale,35757
2020-11-01,2020-21,United Auto Motorcycle,Prod,36465
2020-11-01,2020-21,United Auto Motorcycle,Sale,36429
2020-12-01,2020-21,United Auto Motorcycle,Prod,32304
2020-12-01,2020-21,United Auto Motorcycle,Sale,31735
2021-01-01,2020-21,United Auto Motorcycle,Prod,28564
2021-01-01,2020-21,United Auto Motorcycle,Sale,28086
2021-02-01,2020-21,United Auto Motorcycle,Prod,29607
2021-02-01,2020-21,United Auto Motorcycle,Sale,29846
2021-03-01,2020-21,United Auto Motorcycle,Prod,28754
2021-03-01,2020-21,United Auto Motorcycle,Sale,26683
2021-04-01,2020-21,United Auto Motorcycle,Prod,25261
2021-04-01,2020-21,United Auto Motorcycle,Sale,27494
2021-05-01,2020-21,United Auto Motorcycle,Prod,26740
2021-05-01,2020-21,United Auto Motorcycle,Sale,26758
2021-06-01,2020-21,United Auto Motorcycle,Prod,27893
2021-06-01,2020-21,United Auto Motorcycle,Sale,27492
2021-07-01,2021-22,United Auto Motorcycle,Prod,29626
2021-07-01,2021-22,United Auto Motorcycle,Sale,27727
2021-08-01,2021-22,United Auto Motorcycle,Prod,28671
2021-08-01,2021-22,United Auto Motorcycle,Sale,30558
2021-09-01,2021-22,United Auto Motorcycle,Prod,25595
2021-09-01,2021-22,United Auto Motorcycle,Sale,25696
2021-10-01,2021-22,United Auto Motorcycle,Prod,31552
2021-10-01,2021-22,United Auto Motorcycle,Sale,31393
2021-11-01,2021-22,United Auto Motorcycle,Prod,21276
2021-11-01,2021-22,United Auto Motorcycle,Sale,21438
2021-12-01,2021-22,United Auto Motorcycle,Prod,13923
2021-12-01,2021-22,United Auto Motorcycle,Sale,13455
2022-01-01,2021-22,United Auto Motorcycle,Prod,18148
2022-01-01,2021-22,United Auto Motorcycle,Sale,18279
2022-02-01,2021-22,United Auto Motorcycle,Prod,16301
2022-02-01,2021-22,United Auto Motorcycle,Sale,17082
2022-03-01,2021-22,United Auto Motorcycle,Prod,22045
2022-03-01,2021-22,United Auto Motorcycle,Sale,21587
2022-04-01,2021-22,United Auto Motorcycle,Prod,21646
2022-04-01,2021-22,United Auto Motorcycle,Sale,21684
2022-05-01,2021-22,United Auto Motorcycle,Prod,19697
2022-05-01,2021-22,United Auto Motorcycle,Sale,19771
2022-06-01,2021-22,United Auto Motorcycle,Prod,18143
2022-06-01,2021-22,United Auto Motorcycle,Sale,17007
2022-07-01,2022-23,United Auto Motorcycle,Prod,7072
2022-07-01,2022-23,United Auto Motorcycle,Sale,7666
2022-08-01,2022-23,United Auto Motorcycle,Prod,7378
2022-08-01,2022-23,United Auto Motorcycle,Sale,7598
2022-09-01,2022-23,United Auto Motorcycle,Prod,4030
2022-09-01,2022-23,United Auto Motorcycle,Sale,5105
2022-10-01,2022-23,United Auto Motorcycle,Prod,10479
2022-10-01,2022-23,United Auto Motorcycle,Sale,9968
2022-11-01,2022-23,United Auto Motorcycle,Prod,9998
2022-11-01,2022-23,United Auto Motorcycle,Sale,10167
2022-12-01,2022-23,United Auto Motorcycle,Prod,10590
2022-12-01,2022-23,United Auto Motorcycle,Sale,9880
2023-01-01,2022-23,United Auto Motorcycle,Prod,10236
2023-01-01,2022-23,United Auto Motorcycle,Sale,10876
2023-02-01,2022-23,United Auto Motorcycle,Prod,10454
2023-02-01,2022-23,United Auto Motorcycle,Sale,9953
2023-03-01,2022-23,United Auto Motorcycle,Prod,6226
2023-03-01,2022-23,United Auto Motorcycle,Sale,6084
2023-04-01,2022-23,United Auto Motorcycle,Prod,4645
2023-04-01,2022-23,United Auto Motorcycle,Sale,4772
2023-05-01,2022-23,United Auto Motorcycle,Prod,5007
2023-05-01,2022-23,United Auto Motorcycle,Sale,5036
2023-06-01,2022-23,United Auto Motorcycle,Prod,4046
2023-06-01,2022-23,United Auto Motorcycle,Sale,4242
2023-07-01,2023-24,United Auto Motorcycle,Prod,7106
2023-07-01,2023-24,United Auto Motorcycle,Sale,7657
2023-08-01,2023-24,United Auto Motorcycle,Prod,6893
2023-08-01,2023-24,United Auto Motorcycle,Sale,7175
2023-09-01,2023-24,United Auto Motorcycle,Prod,7222
2023-09-01,2023-24,United Auto Motorcycle,Sale,6971
2023-10-01,2023-24,United Auto Motorcycle,Prod,6798
2023-10-01,2023-24,United Auto Motorcycle,Sale,6830
2023-11-01,2023-24,United Auto Motorcycle,Prod,8675
2023-11-01,2023-24,United Auto Motorcycle,Sale,8174
2023-12-01,2023-24,United Auto Motorcycle,Prod,5471
2023-12-01,2023-24,United Auto Motorcycle,Sale,5389
2024-01-01,2023-24,United Auto Motorcycle,Prod,5769
2024-01-01,2023-24,United Auto Motorcycle,Sale,5788
2024-02-01,2023-24,United Auto Motorcycle,Prod,6174
2024-02-01,2023-24,United Auto Motorcycle,Sale,6321
2024-03-01,2023-24,United Auto Motorcycle,Prod,8421
2024-03-01,2023-24,United Auto Motorcycle,Sale,7990
2024-04-01,2023-24,United Auto Motorcycle,Prod,7301
2024-04-01,2023-24,United Auto Motorcycle,Sale,7185
2024-05-01,2023-24,United Auto Motorcycle,Prod,8845
2024-05-01,2023-24,United Auto Motorcycle,Sale,9131
2024-06-01,2023-24,United Auto Motorcycle,Prod,4584
2024-06-01,2023-24,United Auto Motorcycle,Sale,4072
2024-07-01,2024-25,United Auto Motorcycle,Prod,8937
2024-07-01,2024-25,United Auto Motorcycle,Sale,9202
2024-08-01,2024-25,United Auto Motorcycle,Prod,8260
2024-08-01,2024-25,United Auto Motorcycle,Sale,7447
2024-09-01,2024-25,United Auto Motorcycle,Prod,13102
2024-09-01,2024-25,United Auto Motorcycle,Sale,13302
2024-10-01,2024-25,United Auto Motorcycle,Prod,13739
2024-10-01,2024-25,United Auto Motorcycle,Sale,14343
2024-11-01,2024-25,United Auto Motorcycle,Prod,12812
2024-11-01,2024-25,United Auto Motorcycle,Sale,12085
2024-12-01,2024-25,United Auto Motorcycle,Prod,11468
2024-12-01,2024-25,United Auto Motorcycle,Sale,11724
2025-01-01,2024-25,United Auto Motorcycle,Prod,13656
2025-01-01,2024-25,United Auto Motorcycle,Sale,12267
2025-02-01,2024-25,United Auto Motorcycle,Prod,11344
2025-02-01,2024-25,United Auto Motorcycle,Sale,11937
2025-03-01,2024-25,United Auto Motorcycle,Prod,12853
2025-03-01,2024-25,United Auto Motorcycle,Sale,13284
2025-04-01,2024-25,United Auto Motorcycle,Prod,12888
2025-04-01,2024-25,United Auto Motorcycle,Sale,13294
2025-05-01,2024-25,United Auto Motorcycle,Prod,14038
2025-05-01,2024-25,United Auto Motorcycle,Sale,13525
2025-06-01,2024-25,United Auto Motorcycle,Prod,12718
2025-06-01,2024-25,United Auto Motorcycle,Sale,13608
2015-07-01,2015-16,United Auto Three Wheeler,Prod,62
2015-07-01,2015-16,United Auto Three Wheeler,Sale,62
2015-08-01,2015-16,United Auto Three Wheeler,Prod,58
2015-08-01,2015-16,United Auto Three Wheeler,Sale,58
2015-09-01,2015-16,United Auto Three Wheeler,Prod,71
2015-09-01,2015-16,United Auto Three Wheeler,Sale,71
2015-10-01,2015-16,United Auto Three Wheeler,Prod,90
2015-10-01,2015-16,United Auto Three Wheeler,Sale,90
2015-11-01,2015-16,United Auto Three Wheeler,Prod,62
2015-11-01,2015-16,United Auto Three Wheeler,Sale,62
2015-12-01,2015-16,United Auto Three Wheeler,Prod,5
2015-12-01,2015-16,United Auto Three Wheeler,Sale,5
2016-01-01,2015-16,United Auto Three Wheeler,Prod,148
2016-01-01,2015-16,United Auto Three Wheeler,Sale,148
2016-02-01,2015-16,United Auto Three Wheeler,Prod,138
2016-02-01,2015-16,United Auto Three Wheeler,Sale,138
2016-03-01,2015-16,United Auto Three Wheeler,Prod,131
2016-03-01,2015-16,United Auto Three Wheeler,Sale,131
2016-04-01,2015-16,United Auto Three Wheeler,Prod,252
2016-04-01,2015-16,United Auto Three Wheeler,Sale,252
2016-05-01,2015-16,United Auto Three Wheeler,Prod,267
2016-05-01,2015-16,United Auto Three Wheeler,Sale,267
2016-06-01,2015-16,United Auto Three Wheeler,Prod,292
2016-06-01,2015-16,United Auto Three Wheeler,Sale,292
2016-07-01,2016-17,United Auto Three Wheeler,Prod,213
2016-07-01,2016-17,United Auto Three Wheeler,Sale,213
2016-08-01,2016-17,United Auto Three Wheeler,Prod,338
2016-08-01,2016-17,United Auto Three Wheeler,Sale,338
2016-09-01,2016-17,United Auto Three Wheeler,Prod,354
2016-09-01,2016-17,United Auto Three Wheeler,Sale,354
2016-10-01,2016-17,United Auto Three Wheeler,Prod,427
2016-10-01,2016-17,United Auto Three Wheeler,Sale,427
2016-11-01,2016-17,United Auto Three Wheeler,Prod,256
2016-11-01,2016-17,United Auto Three Wheeler,Sale,256
2016-12-01,2016-17,United Auto Three Wheeler,Prod,361
2016-12-01,2016-17,United Auto Three Wheeler,Sale,361
2017-01-01,2016-17,United Auto Three Wheeler,Prod,698
2017-01-01,2016-17,United Auto Three Wheeler,Sale,698
2017-02-01,2016-17,United Auto Three Wheeler,Prod,609
2017-02-01,2016-17,United Auto Three Wheeler,Sale,609
2017-03-01,2016-17,United Auto Three Wheeler,Prod,714
2017-03-01,2016-17,United Auto Three Wheeler,Sale,714
2017-04-01,2016-17,United Auto Three Wheeler,Prod,664
2017-04-01,2016-17,United Auto Three Wheeler,Sale,664
2017-05-01,2016-17,United Auto Three Wheeler,Prod,891
2017-05-01,2016-17,United Auto Three Wheeler,Sale,891
2017-06-01,2016-17,United Auto Three Wheeler,Prod,554
2017-06-01,2016-17,United Auto Three Wheeler,Sale,518
2017-07-01,2017-18,United Auto Three Wheeler,Prod,763
2017-07-01,2017-18,United Auto Three Wheeler,Sale,788
2017-08-01,2017-18,United Auto Three Wheeler,Prod,774
2017-08-01,2017-18,United Auto Three Wheeler,Sale,754
2017-09-01,2017-18,United Auto Three Wheeler,Prod,688
2017-09-01,2017-18,United Auto Three Wheeler,Sale,740
2017-10-01,2017-18,United Auto Three Wheeler,Prod,1147
2017-10-01,2017-18,United Auto Three Wheeler,Sale,1049
2017-11-01,2017-18,United Auto Three Wheeler,Prod,947
2017-11-01,2017-18,United Auto Three Wheeler,Sale,958
2017-12-01,2017-18,United Auto Three Wheeler,Prod,933
2017-12-01,2017-18,United Auto Three Wheeler,Sale,1016
2018-01-01,2017-18,United Auto Three Wheeler,Prod,1641
2018-01-01,2017-18,United Auto Three Wheeler,Sale,1592
2018-02-01,2017-18,United Auto Three Wheeler,Prod,1204
2018-02-01,2017-18,United Auto Three Wheeler,Sale,1203
2018-03-01,2017-18,United Auto Three Wheeler,Prod,1176
2018-03-01,2017-18,United Auto Three Wheeler,Sale,1191
2018-04-01,2017-18,United Auto Three Wheeler,Prod,1124
2018-04-01,2017-18,United Auto Three Wheeler,Sale,1158
2018-05-01,2017-18,United Auto Three Wheeler,Prod,1355
2018-05-01,2017-18,United Auto Three Wheeler,Sale,1295
2018-06-01,2017-18,United Auto Three Wheeler,Prod,957
2018-06-01,2017-18,United Auto Three Wheeler,Sale,898
2018-07-01,2018-19,United Auto Three Wheeler,Prod,1068
2018-07-01,2018-19,United Auto Three Wheeler,Sale,1073
2018-08-01,2018-19,United Auto Three Wheeler,Prod,796
2018-08-01,2018-19,United Auto Three Wheeler,Sale,825
2018-09-01,2018-19,United Auto Three Wheeler,Prod,1288
2018-09-01,2018-19,United Auto Three Wheeler,Sale,1278
2018-10-01,2018-19,United Auto Three Wheeler,Prod,1263
2018-10-01,2018-19,United Auto Three Wheeler,Sale,1291
2018-11-01,2018-19,United Auto Three Wheeler,Prod,934
2018-11-01,2018-19,United Auto Three Wheeler,Sale,935
2018-12-01,2018-19,United Auto Three Wheeler,Prod,901
2018-12-01,2018-19,United Auto Three Wheeler,Sale,875
2019-01-01,2018-19,United Auto Three Wheeler,Prod,1031
2019-01-01,2018-19,United Auto Three Wheeler,Sale,957
2019-02-01,2018-19,United Auto Three Wheeler,Prod,924
2019-02-01,2018-19,United Auto Three Wheeler,Sale,932
2019-03-01,2018-19,United Auto Three Wheeler,Prod,994
2019-03-01,2018-19,United Auto Three Wheeler,Sale,1010
2019-04-01,2018-19,United Auto Three Wheeler,Prod,999
2019-04-01,2018-19,United Auto Three Wheeler,Sale,989
2019-05-01,2018-19,United Auto Three Wheeler,Prod,875
2019-05-01,2018-19,United Auto Three Wheeler,Sale,939
2019-06-01,2018-19,United Auto Three Wheeler,Prod,564
2019-06-01,2018-19,United Auto Three Wheeler,Sale,562
2019-07-01,2019-20,United Auto Three Wheeler,Prod,925
2019-07-01,2019-20,United Auto Three Wheeler,Sale,815
2019-08-01,2019-20,United Auto Three Wheeler,Prod,506
2019-08-01,2019-20,United Auto Three Wheeler,Sale,161
2019-09-01,2019-20,United Auto Three Wheeler,Prod,443
2019-09-01,2019-20,United Auto Three Wheeler,Sale,425
2019-10-01,2019-20,United Auto Three Wheeler,Prod,674
2019-10-01,2019-20,United Auto Three Wheeler,Sale,717
2019-11-01,2019-20,United Auto Three Wheeler,Prod,404
2019-11-01,2019-20,United Auto Three Wheeler,Sale,457
2019-12-01,2019-20,United Auto Three Wheeler,Prod,571
2019-12-01,2019-20,United Auto Three Wheeler,Sale,509
2020-01-01,2019-20,United Auto Three Wheeler,Prod,565
2020-01-01,2019-20,United Auto Three Wheeler,Sale,626
2020-02-01,2019-20,United Auto Three Wheeler,Prod,568
2020-02-01,2019-20,United Auto Three Wheeler,Sale,660
2020-03-01,2019-20,United Auto Three Wheeler,Prod,422
2020-03-01,2019-20,United Auto Three Wheeler,Sale,381
2020-04-01,2019-20,United Auto Three Wheeler,Prod,0
2020-04-01,2019-20,United Auto Three Wheeler,Sale,0
2020-05-01,2019-20,United Auto Three Wheeler,Prod,307
2020-05-01,2019-20,United Auto Three Wheeler,Sale,605
2020-06-01,2019-20,United Auto Three Wheeler,Prod,663
2020-06-01,2019-20,United Auto Three Wheeler,Sale,742
2020-07-01,2020-21,United Auto Three Wheeler,Prod,616
2020-07-01,2020-21,United Auto Three Wheeler,Sale,603
2020-08-01,2020-21,United Auto Three Wheeler,Prod,817
2020-08-01,2020-21,United Auto Three Wheeler,Sale,791
2020-09-01,2020-21,United Auto Three Wheeler,Prod,885
2020-09-01,2020-21,United Auto Three Wheeler,Sale,788
2020-10-01,2020-21,United Auto Three Wheeler,Prod,634
2020-10-01,2020-21,United Auto Three Wheeler,Sale,639
2020-11-01,2020-21,United Auto Three Wheeler,Prod,387
2020-11-01,2020-21,United Auto Three Wheeler,Sale,475
2020-12-01,2020-21,United Auto Three Wheeler,Prod,537
2020-12-01,2020-21,United Auto Three Wheeler,Sale,514
2021-01-01,2020-21,United Auto Three Wheeler,Prod,693
2021-01-01,2020-21,United Auto Three Wheeler,Sale,655
2021-02-01,2020-21,United Auto Three Wheeler,Prod,510
2021-02-01,2020-21,United Auto Three Wheeler,Sale,554
2021-03-01,2020-21,United Auto Three Wheeler,Prod,511
2021-03-01,2020-21,United Auto Three Wheeler,Sale,537
2021-04-01,2020-21,United Auto Three Wheeler,Prod,423
2021-04-01,2020-21,United Auto Three Wheeler,Sale,307
2021-05-01,2020-21,United Auto Three Wheeler,Prod,236
2021-05-01,2020-21,United Auto Three Wheeler,Sale,331
2021-06-01,2020-21,United Auto Three Wheeler,Prod,452
2021-06-01,2020-21,United Auto Three Wheeler,Sale,459
2021-07-01,2021-22,United Auto Three Wheeler,Prod,231
2021-07-01,2021-22,United Auto Three Wheeler,Sale,254
2021-08-01,2021-22,United Auto Three Wheeler,Prod,78
2021-08-01,2021-22,United Auto Three Wheeler,Sale,83
2021-09-01,2021-22,United Auto Three Wheeler,Prod,508
2021-09-01,2021-22,United Auto Three Wheeler,Sale,495
2021-10-01,2021-22,United Auto Three Wheeler,Prod,382
2021-10-01,2021-22,United Auto Three Wheeler,Sale,365
2021-11-01,2021-22,United Auto Three Wheeler,Prod,269
2021-11-01,2021-22,United Auto Three Wheeler,Sale,258
2021-12-01,2021-22,United Auto Three Wheeler,Prod,191
2021-12-01,2021-22,United Auto Three Wheeler,Sale,169
2022-01-01,2021-22,United Auto Three Wheeler,Prod,251
2022-01-01,2021-22,United Auto Three Wheeler,Sale,279
2022-02-01,2021-22,United Auto Three Wheeler,Prod,220
2022-02-01,2021-22,United Auto Three Wheeler,Sale,209
2022-03-01,2021-22,United Auto Three Wheeler,Prod,161
2022-03-01,2021-22,United Auto Three Wheeler,Sale,210
2022-04-01,2021-22,United Auto Three Wheeler,Prod,266
2022-04-01,2021-22,United Auto Three Wheeler,Sale,251
2022-05-01,2021-22,United Auto Three Wheeler,Prod,277
2022-05-01,2021-22,United Auto Three Wheeler,Sale,280
2022-06-01,2021-22,United Auto Three Wheeler,Prod,351
2022-06-01,2021-22,United Auto Three Wheeler,Sale,303
2022-07-01,2022-23,United Auto Three Wheeler,Prod,93
2022-07-01,2022-23,United Auto Three Wheeler,Sale,103
2022-08-01,2022-23,United Auto Three Wheeler,Prod,179
2022-08-01,2022-23,United Auto Three Wheeler,Sale,188
2022-09-01,2022-23,United Auto Three Wheeler,Prod,123
2022-09-01,2022-23,United Auto Three Wheeler,Sale,121
2022-10-01,2022-23,United Auto Three Wheeler,Prod,112
2022-10-01,2022-23,United Auto Three Wheeler,Sale,109
2022-11-01,2022-23,United Auto Three Wheeler,Prod,81
2022-11-01,2022-23,United Auto Three Wheeler,Sale,121
2022-12-01,2022-23,United Auto Three Wheeler,Prod,121
2022-12-01,2022-23,United Auto Three Wheeler,Sale,128
2023-01-01,2022-23,United Auto Three Wheeler,Prod,161
2023-01-01,2022-23,United Auto Three Wheeler,Sale,167
2023-02-01,2022-23,United Auto Three Wheeler,Prod,151
2023-02-01,2022-23,United Auto Three Wheeler,Sale,163
2023-03-01,2022-23,United Auto Three Wheeler,Prod,120
2023-03-01,2022-23,United Auto Three Wheeler,Sale,111
2023-04-01,2022-23,United Auto Three Wheeler,Prod,17
2023-04-01,2022-23,United Auto Three Wheeler,Sale,29
2023-05-01,2022-23,United Auto Three Wheeler,Prod,261
2023-05-01,2022-23,United Auto Three Wheeler,Sale,158
2023-06-01,2022-23,United Auto Three Wheeler,Prod,270
2023-06-01,2022-23,United Auto Three Wheeler,Sale,310
2023-07-01,2023-24,United Auto Three Wheeler,Prod,39
2023-07-01,2023-24,United Auto Three Wheeler,Sale,43
2023-08-01,2023-24,United Auto Three Wheeler,Prod,91
2023-08-01,2023-24,United Auto Three Wheeler,Sale,82
2023-09-01,2023-24,United Auto Three Wheeler,Prod,127
2023-09-01,2023-24,United Auto Three Wheeler,Sale,93
2023-10-01,2023-24,United Auto Three Wheeler,Prod,104
2023-10-01,2023-24,United Auto Three Wheeler,Sale,106
2023-11-01,2023-24,United Auto Three Wheeler,Prod,44
2023-11-01,2023-24,United Auto Three Wheeler,Sale,55
2023-12-01,2023-24,United Auto Three Wheeler,Prod,970
2023-12-01,2023-24,United Auto Three Wheeler,Sale,718
2024-01-01,2023-24,United Auto Three Wheeler,Prod,373
2024-01-01,2023-24,United Auto Three Wheeler,Sale,618
2024-02-01,2023-24,United Auto Three Wheeler,Prod,68
2024-02-01,2023-24,United Auto Three Wheeler,Sale,90
2024-03-01,2023-24,United Auto Three Wheeler,Prod,59
2024-03-01,2023-24,United Auto Three Wheeler,Sale,55
2024-04-01,2023-24,United Auto Three Wheeler,Prod,111
2024-04-01,2023-24,United Auto Three Wheeler,Sale,88
2024-05-01,2023-24,United Auto Three Wheeler,Prod,81
2024-05-01,2023-24,United Auto Three Wheeler,Sale,74
2024-06-01,2023-24,United Auto Three Wheeler,Prod,46
2024-06-01,2023-24,United Auto Three Wheeler,Sale,73
2024-07-01,2024-25,United Auto Three Wheeler,Prod,118
2024-07-01,2024-25,United Auto Three Wheeler,Sale,80
2024-08-01,2024-25,United Auto Three Wheeler,Prod,72
2024-08-01,2024-25,United Auto Three Wheeler,Sale,81
2024-09-01,2024-25,United Auto Three Wheeler,Prod,69
2024-09-01,2024-25,United Auto Three Wheeler,Sale,43
2024-10-01,2024-25,United Auto Three Wheeler,Prod,66
2024-10-01,2024-25,United Auto Three Wheeler,Sale,59
2024-11-01,2024-25,United Auto Three Wheeler,Prod,57
2024-11-01,2024-25,United Auto Three Wheeler,Sale,59
2024-12-01,2024-25,United Auto Three Wheeler,Prod,84
2024-12-01,2024-25,United Auto Three Wheeler,Sale,127
2025-01-01,2024-25,United Auto Three Wheeler,Prod,145
2025-01-01,2024-25,United Auto Three Wheeler,Sale,132
2025-02-01,2024-25,United Auto Three Wheeler,Prod,153
2025-02-01,2024-25,United Auto Three Wheeler,Sale,130
2025-03-01,2024-25,United Auto Three Wheeler,Prod,94
2025-03-01,2024-25,United Auto Three Wheeler,Sale,145
2025-04-01,2024-25,United Auto Three Wheeler,Prod,67
2025-04-01,2024-25,United Auto Three Wheeler,Sale,68
2025-05-01,2024-25,United Auto Three Wheeler,Prod,111
2025-05-01,2024-25,United Auto Three Wheeler,Sale,118
2025-06-01,2024-25,United Auto Three Wheeler,Prod,101
2025-06-01,2024-25,United Auto Three Wheeler,Sale,122
2007-07-01,2007-08,Volvo,Prod,0
2007-07-01,2007-08,Volvo,Sale,0
2007-08-01,2007-08,Volvo,Prod,0
2007-08-01,2007-08,Volvo,Sale,0
2007-09-01,2007-08,Volvo,Prod,0
2007-09-01,2007-08,Volvo,Sale,0
2007-10-01,2007-08,Volvo,Prod,0
2007-10-01,2007-08,Volvo,Sale,0
2007-11-01,2007-08,Volvo,Prod,0
2007-11-01,2007-08,Volvo,Sale,0
2007-12-01,2007-08,Volvo,Prod,0
2007-12-01,2007-08,Volvo,Sale,0
2008-01-01,2007-08,Volvo,Prod,0
2008-01-01,2007-08,Volvo,Sale,0
2008-02-01,2007-08,Volvo,Prod,0
2008-02-01,2007-08,Volvo,Sale,0
2008-03-01,2007-08,Volvo,Prod,0
2008-03-01,2007-08,Volvo,Sale,0
2008-04-01,2007-08,Volvo,Prod,0
2008-04-01,2007-08,Volvo,Sale,0
2008-05-01,2007-08,Volvo,Prod,0
2008-05-01,2007-08,Volvo,Sale,0
2008-06-01,2007-08,Volvo,Prod,0
2008-06-01,2007-08,Volvo,Sale,0
2008-07-01,2008-09,Volvo,Prod,0
2008-07-01,2008-09,Volvo,Sale,0
2008-08-01,2008-09,Volvo,Prod,0
2008-08-01,2008-09,Volvo,Sale,0
2008-09-01,2008-09,Volvo,Prod,0
2008-09-01,2008-09,Volvo,Sale,0
2008-10-01,2008-09,Volvo,Prod,0
2008-10-01,2008-09,Volvo,Sale,0
2008-11-01,2008-09,Volvo,Prod,0
2008-11-01,2008-09,Volvo,Sale,0
2008-12-01,2008-09,Volvo,Prod,0
2008-12-01,2008-09,Volvo,Sale,0
2009-01-01,2008-09,Volvo,Prod,0
2009-01-01,2008-09,Volvo,Sale,0
2009-02-01,2008-09,Volvo,Prod,0
2009-02-01,2008-09,Volvo,Sale,0
2009-03-01,2008-09,Volvo,Prod,0
2009-03-01,2008-09,Volvo,Sale,0
2009-04-01,2008-09,Volvo,Prod,0
2009-04-01,2008-09,Volvo,Sale,0
2009-05-01,2008-09,Volvo,Prod,0
2009-05-01,2008-09,Volvo,Sale,0
2009-06-01,2008-09,Volvo,Prod,0
2009-06-01,2008-09,Volvo,Sale,0
2009-07-01,2009-10,Volvo,Prod,0
2009-07-01,2009-10,Volvo,Sale,0
2009-08-01,2009-10,Volvo,Prod,0
2009-08-01,2009-10,Volvo,Sale,0
2009-09-01,2009-10,Volvo,Prod,0
2009-09-01,2009-10,Volvo,Sale,0
2009-10-01,2009-10,Volvo,Prod,0
2009-10-01,2009-10,Volvo,Sale,0
2009-11-01,2009-10,Volvo,Prod,0
2009-11-01,2009-10,Volvo,Sale,0
2009-12-01,2009-10,Volvo,Prod,0
2009-12-01,2009-10,Volvo,Sale,0
2010-01-01,2009-10,Volvo,Prod,0
2010-01-01,2009-10,Volvo,Sale,0
2010-02-01,2009-10,Volvo,Prod,0
2010-02-01,2009-10,Volvo,Sale,0
2010-03-01,2009-10,Volvo,Prod,0
2010-03-01,2009-10,Volvo,Sale,0
2010-04-01,2009-10,Volvo,Prod,0
2010-04-01,2009-10,Volvo,Sale,0
2010-05-01,2009-10,Volvo,Prod,0
2010-05-01,2009-10,Volvo,Sale,0
2010-06-01,2009-10,Volvo,Prod,0
2010-06-01,2009-10,Volvo,Sale,0
2010-07-01,2010-11,Volvo,Prod,0
2010-07-01,2010-11,Volvo,Sale,0
2010-08-01,2010-11,Volvo,Prod,0
2010-08-01,2010-11,Volvo,Sale,0
2010-09-01,2010-11,Volvo,Prod,0
2010-09-01,2010-11,Volvo,Sale,0
2010-10-01,2010-11,Volvo,Prod,0
2010-10-01,2010-11,Volvo,Sale,0
2010-11-01,2010-11,Volvo,Prod,0
2010-11-01,2010-11,Volvo,Sale,0
2010-12-01,2010-11,Volvo,Prod,0
2010-12-01,2010-11,Volvo,Sale,0
2011-01-01,2010-11,Volvo,Prod,0
2011-01-01,2010-11,Volvo,Sale,0
2011-02-01,2010-11,Volvo,Prod,0
2011-02-01,2010-11,Volvo,Sale,0
2011-03-01,2010-11,Volvo,Prod,0
2011-03-01,2010-11,Volvo,Sale,0
2011-04-01,2010-11,Volvo,Prod,0
2011-04-01,2010-11,Volvo,Sale,0
2011-05-01,2010-11,Volvo,Prod,0
2011-05-01,2010-11,Volvo,Sale,0
2011-06-01,2010-11,Volvo,Prod,0
2011-06-01,2010-11,Volvo,Sale,0
2015-07-01,2015-16,YAMAHA,Prod,2300
2015-07-01,2015-16,YAMAHA,Sale,1845
2015-08-01,2015-16,YAMAHA,Prod,3659
2015-08-01,2015-16,YAMAHA,Sale,1605
2015-09-01,2015-16,YAMAHA,Prod,2541
2015-09-01,2015-16,YAMAHA,Sale,1385
2015-10-01,2015-16,YAMAHA,Prod,1300
2015-10-01,2015-16,YAMAHA,Sale,1482
2015-11-01,2015-16,YAMAHA,Prod,1550
2015-11-01,2015-16,YAMAHA,Sale,1284
2015-12-01,2015-16,YAMAHA,Prod,1350
2015-12-01,2015-16,YAMAHA,Sale,923
2016-01-01,2015-16,YAMAHA,Prod,1400
2016-01-01,2015-16,YAMAHA,Sale,1513
2016-02-01,2015-16,YAMAHA,Prod,700
2016-02-01,2015-16,YAMAHA,Sale,1161
2016-03-01,2015-16,YAMAHA,Prod,1000
2016-03-01,2015-16,YAMAHA,Sale,1182
2016-04-01,2015-16,YAMAHA,Prod,1695
2016-04-01,2015-16,YAMAHA,Sale,1852
2016-05-01,2015-16,YAMAHA,Prod,1605
2016-05-01,2015-16,YAMAHA,Sale,1007
2016-06-01,2015-16,YAMAHA,Prod,1000
2016-06-01,2015-16,YAMAHA,Sale,870
2016-07-01,2016-17,YAMAHA,Prod,400
2016-07-01,2016-17,YAMAHA,Sale,939
2016-08-01,2016-17,YAMAHA,Prod,934
2016-08-01,2016-17,YAMAHA,Sale,1105
2016-09-01,2016-17,YAMAHA,Prod,1266
2016-09-01,2016-17,YAMAHA,Sale,1008
2016-10-01,2016-17,YAMAHA,Prod,800
2016-10-01,2016-17,YAMAHA,Sale,1106
2016-11-01,2016-17,YAMAHA,Prod,600
2016-11-01,2016-17,YAMAHA,Sale,1020
2016-12-01,2016-17,YAMAHA,Prod,1000
2016-12-01,2016-17,YAMAHA,Sale,870
2017-01-01,2016-17,YAMAHA,Prod,1275
2017-01-01,2016-17,YAMAHA,Sale,800
2017-02-01,2016-17,YAMAHA,Prod,1125
2017-02-01,2016-17,YAMAHA,Sale,890
2017-03-01,2016-17,YAMAHA,Prod,1000
2017-03-01,2016-17,YAMAHA,Sale,910
2017-04-01,2016-17,YAMAHA,Prod,1500
2017-04-01,2016-17,YAMAHA,Sale,1589
2017-05-01,2016-17,YAMAHA,Prod,1941
2017-05-01,2016-17,YAMAHA,Sale,2025
2017-06-01,2016-17,YAMAHA,Prod,1079
2017-06-01,2016-17,YAMAHA,Sale,1020
2017-07-01,2017-18,YAMAHA,Prod,1187
2017-07-01,2017-18,YAMAHA,Sale,1731
2017-08-01,2017-18,YAMAHA,Prod,1881
2017-08-01,2017-18,YAMAHA,Sale,1666
2017-09-01,2017-18,YAMAHA,Prod,686
2017-09-01,2017-18,YAMAHA,Sale,1610
2017-10-01,2017-18,YAMAHA,Prod,1676
2017-10-01,2017-18,YAMAHA,Sale,1764
2017-11-01,2017-18,YAMAHA,Prod,1605
2017-11-01,2017-18,YAMAHA,Sale,1840
2017-12-01,2017-18,YAMAHA,Prod,1345
2017-12-01,2017-18,YAMAHA,Sale,1743
2018-01-01,2017-18,YAMAHA,Prod,1600
2018-01-01,2017-18,YAMAHA,Sale,1409
2018-02-01,2017-18,YAMAHA,Prod,1587
2018-02-01,2017-18,YAMAHA,Sale,1503
2018-03-01,2017-18,YAMAHA,Prod,1732
2018-03-01,2017-18,YAMAHA,Sale,1817
2018-04-01,2017-18,YAMAHA,Prod,2300
2018-04-01,2017-18,YAMAHA,Sale,2314
2018-05-01,2017-18,YAMAHA,Prod,1770
2018-05-01,2017-18,YAMAHA,Sale,2435
2018-06-01,2017-18,YAMAHA,Prod,1531
2018-06-01,2017-18,YAMAHA,Sale,1978
2018-07-01,2018-19,YAMAHA,Prod,2797
2018-07-01,2018-19,YAMAHA,Sale,2159
2018-08-01,2018-19,YAMAHA,Prod,2093
2018-08-01,2018-19,YAMAHA,Sale,2123
2018-09-01,2018-19,YAMAHA,Prod,2417
2018-09-01,2018-19,YAMAHA,Sale,2003
2018-10-01,2018-19,YAMAHA,Prod,2213
2018-10-01,2018-19,YAMAHA,Sale,2121
2018-11-01,2018-19,YAMAHA,Prod,2590
2018-11-01,2018-19,YAMAHA,Sale,2019
2018-12-01,2018-19,YAMAHA,Prod,2401
2018-12-01,2018-19,YAMAHA,Sale,2522
2019-01-01,2018-19,YAMAHA,Prod,2400
2019-01-01,2018-19,YAMAHA,Sale,1675
2019-02-01,2018-19,YAMAHA,Prod,2089
2019-02-01,2018-19,YAMAHA,Sale,2271
2019-03-01,2018-19,YAMAHA,Prod,1911
2019-03-01,2018-19,YAMAHA,Sale,1300
2019-04-01,2018-19,YAMAHA,Prod,1999
2019-04-01,2018-19,YAMAHA,Sale,1806
2019-05-01,2018-19,YAMAHA,Prod,1501
2019-05-01,2018-19,YAMAHA,Sale,1974
2019-06-01,2018-19,YAMAHA,Prod,400
2019-06-01,2018-19,YAMAHA,Sale,1637
2019-07-01,2019-20,YAMAHA,Prod,1748
2019-07-01,2019-20,YAMAHA,Sale,1817
2019-08-01,2019-20,YAMAHA,Prod,1799
2019-08-01,2019-20,YAMAHA,Sale,1988
2019-09-01,2019-20,YAMAHA,Prod,1833
2019-09-01,2019-20,YAMAHA,Sale,2407
2019-10-01,2019-20,YAMAHA,Prod,2077
2019-10-01,2019-20,YAMAHA,Sale,2495
2019-11-01,2019-20,YAMAHA,Prod,2061
2019-11-01,2019-20,YAMAHA,Sale,2004
2019-12-01,2019-20,YAMAHA,Prod,1977
2019-12-01,2019-20,YAMAHA,Sale,2202
2020-01-01,2019-20,YAMAHA,Prod,2600
2020-01-01,2019-20,YAMAHA,Sale,2009
2020-02-01,2019-20,YAMAHA,Prod,1638
2020-02-01,2019-20,YAMAHA,Sale,1820
2020-03-01,2019-20,YAMAHA,Prod,1369
2020-03-01,2019-20,YAMAHA,Sale,1400
2020-04-01,2019-20,YAMAHA,Prod,0
2020-04-01,2019-20,YAMAHA,Sale,0
2020-05-01,2019-20,YAMAHA,Prod,0
2020-05-01,2019-20,YAMAHA,Sale,49
2020-06-01,2019-20,YAMAHA,Prod,910
2020-06-01,2019-20,YAMAHA,Sale,1180
2020-07-01,2020-21,YAMAHA,Prod,1330
2020-07-01,2020-21,YAMAHA,Sale,1311
2020-08-01,2020-21,YAMAHA,Prod,1240
2020-08-01,2020-21,YAMAHA,Sale,1285
2020-09-01,2020-21,YAMAHA,Prod,2040
2020-09-01,2020-21,YAMAHA,Sale,2047
2020-10-01,2020-21,YAMAHA,Prod,2240
2020-10-01,2020-21,YAMAHA,Sale,2180
2020-11-01,2020-21,YAMAHA,Prod,1850
2020-11-01,2020-21,YAMAHA,Sale,1910
2020-12-01,2020-21,YAMAHA,Prod,1800
2020-12-01,2020-21,YAMAHA,Sale,1791
2021-01-01,2020-21,YAMAHA,Prod,2240
2021-01-01,2020-21,YAMAHA,Sale,2130
2021-02-01,2020-21,YAMAHA,Prod,2075
2021-02-01,2020-21,YAMAHA,Sale,1872
2021-03-01,2020-21,YAMAHA,Prod,1930
2021-03-01,2020-21,YAMAHA,Sale,2071
2021-04-01,2020-21,YAMAHA,Prod,1655
2021-04-01,2020-21,YAMAHA,Sale,1778
2021-05-01,2020-21,YAMAHA,Prod,900
2021-05-01,2020-21,YAMAHA,Sale,949
2021-06-01,2020-21,YAMAHA,Prod,600
2021-06-01,2020-21,YAMAHA,Sale,600
2021-07-01,2021-22,YAMAHA,Prod,1607
2021-07-01,2021-22,YAMAHA,Sale,1607
2021-08-01,2021-22,YAMAHA,Prod,2378
2021-08-01,2021-22,YAMAHA,Sale,2378
2021-09-01,2021-22,YAMAHA,Prod,2015
2021-09-01,2021-22,YAMAHA,Sale,1962
2021-10-01,2021-22,YAMAHA,Prod,2130
2021-10-01,2021-22,YAMAHA,Sale,2151
2021-11-01,2021-22,YAMAHA,Prod,1850
2021-11-01,2021-22,YAMAHA,Sale,1864
2021-12-01,2021-22,YAMAHA,Prod,2227
2021-12-01,2021-22,YAMAHA,Sale,2231
2022-01-01,2021-22,YAMAHA,Prod,1987
2022-01-01,2021-22,YAMAHA,Sale,1845
2022-02-01,2021-22,YAMAHA,Prod,2012
2022-02-01,2021-22,YAMAHA,Sale,2075
2022-03-01,2021-22,YAMAHA,Prod,2001
2022-03-01,2021-22,YAMAHA,Sale,2080
2022-04-01,2021-22,YAMAHA,Prod,1830
2022-04-01,2021-22,YAMAHA,Sale,1828
2022-05-01,2021-22,YAMAHA,Prod,1526
2022-05-01,2021-22,YAMAHA,Sale,1475
2022-06-01,2021-22,YAMAHA,Prod,1744
2022-06-01,2021-22,YAMAHA,Sale,1793
2022-07-01,2022-23,YAMAHA,Prod,1339
2022-07-01,2022-23,YAMAHA,Sale,1261
2022-08-01,2022-23,YAMAHA,Prod,2160
2022-08-01,2022-23,YAMAHA,Sale,1242
2022-09-01,2022-23,YAMAHA,Prod,1501
2022-09-01,2022-23,YAMAHA,Sale,1223
2022-10-01,2022-23,YAMAHA,Prod,1098
2022-10-01,2022-23,YAMAHA,Sale,1130
2022-11-01,2022-23,YAMAHA,Prod,1101
2022-11-01,2022-23,YAMAHA,Sale,940
2022-12-01,2022-23,YAMAHA,Prod,1300
2022-12-01,2022-23,YAMAHA,Sale,1027
2023-01-01,2022-23,YAMAHA,Prod,700
2023-01-01,2022-23,YAMAHA,Sale,754
2023-02-01,2022-23,YAMAHA,Prod,500
2023-02-01,2022-23,YAMAHA,Sale,1046
2023-03-01,2022-23,YAMAHA,Prod,900
2023-03-01,2022-23,YAMAHA,Sale,1697
2023-04-01,2022-23,YAMAHA,Prod,825
2023-04-01,2022-23,YAMAHA,Sale,841
2023-05-01,2022-23,YAMAHA,Prod,1575
2023-05-01,2022-23,YAMAHA,Sale,1114
2023-06-01,2022-23,YAMAHA,Prod,1200
2023-06-01,2022-23,YAMAHA,Sale,942
2023-07-01,2023-24,YAMAHA,Prod,1100
2023-07-01,2023-24,YAMAHA,Sale,675
2023-08-01,2023-24,YAMAHA,Prod,700
2023-08-01,2023-24,YAMAHA,Sale,950
2023-09-01,2023-24,YAMAHA,Prod,700
2023-09-01,2023-24,YAMAHA,Sale,930
2023-10-01,2023-24,YAMAHA,Prod,300
2023-10-01,2023-24,YAMAHA,Sale,682
2023-11-01,2023-24,YAMAHA,Prod,1700
2023-11-01,2023-24,YAMAHA,Sale,659
2023-12-01,2023-24,YAMAHA,Prod,900
2023-12-01,2023-24,YAMAHA,Sale,687
2024-01-01,2023-24,YAMAHA,Prod,400
2024-01-01,2023-24,YAMAHA,Sale,331
2024-02-01,2023-24,YAMAHA,Prod,400
2024-02-01,2023-24,YAMAHA,Sale,304
2024-03-01,2023-24,YAMAHA,Prod,300
2024-03-01,2023-24,YAMAHA,Sale,285
2024-04-01,2023-24,YAMAHA,Prod,300
2024-04-01,2023-24,YAMAHA,Sale,321
2024-05-01,2023-24,YAMAHA,Prod,300
2024-05-01,2023-24,YAMAHA,Sale,400
2024-06-01,2023-24,YAMAHA,Prod,300
2024-06-01,2023-24,YAMAHA,Sale,338
2024-07-01,2024-25,YAMAHA,Prod,100
2024-07-01,2024-25,YAMAHA,Sale,302
2024-08-01,2024-25,YAMAHA,Prod,100
2024-08-01,2024-25,YAMAHA,Sale,343
2024-09-01,2024-25,YAMAHA,Prod,100
2024-09-01,2024-25,YAMAHA,Sale,450
2024-10-01,2024-25,YAMAHA,Prod,200
2024-10-01,2024-25,YAMAHA,Sale,507
2024-11-01,2024-25,YAMAHA,Prod,300
2024-11-01,2024-25,YAMAHA,Sale,539
2024-12-01,2024-25,YAMAHA,Prod,400
2024-12-01,2024-25,YAMAHA,Sale,529
2025-01-01,2024-25,YAMAHA,Prod,500
2025-01-01,2024-25,YAMAHA,Sale,462
2025-02-01,2024-25,YAMAHA,Prod,600
2025-02-01,2024-25,YAMAHA,Sale,455
2025-03-01,2024-25,YAMAHA,Prod,400
2025-03-01,2024-25,YAMAHA,Sale,472
2025-04-01,2024-25,YAMAHA,Prod,500
2025-04-01,2024-25,YAMAHA,Sale,499
2025-05-01,2024-25,YAMAHA,Prod,540
2025-05-01,2024-25,YAMAHA,Sale,597
2025-06-01,2024-25,YAMAHA,Prod,560
2025-06-01,2024-25,YAMAHA,Sale,554
2007-07-01,2007-08,Yamaha,Prod,5855
2007-07-01,2007-08,Yamaha,Sale,5945
2007-08-01,2007-08,Yamaha,Prod,5325
2007-08-01,2007-08,Yamaha,Sale,5167
2007-09-01,2007-08,Yamaha,Prod,5334
2007-09-01,2007-08,Yamaha,Sale,5107
2007-10-01,2007-08,Yamaha,Prod,4054
2007-10-01,2007-08,Yamaha,Sale,4526
2007-11-01,2007-08,Yamaha,Prod,6018
2007-11-01,2007-08,Yamaha,Sale,5731
2007-12-01,2007-08,Yamaha,Prod,4853
2007-12-01,2007-08,Yamaha,Sale,4991
2008-01-01,2007-08,Yamaha,Prod,6005
2008-01-01,2007-08,Yamaha,Sale,5580
2008-02-01,2007-08,Yamaha,Prod,5508
2008-02-01,2007-08,Yamaha,Sale,5281
2008-03-01,2007-08,Yamaha,Prod,5681
2008-03-01,2007-08,Yamaha,Sale,5369
2008-04-01,2007-08,Yamaha,Prod,5574
2008-04-01,2007-08,Yamaha,Sale,5820
2008-05-01,2007-08,Yamaha,Prod,6047
2008-05-01,2007-08,Yamaha,Sale,5736
2008-06-01,2007-08,Yamaha,Prod,4000
2008-06-01,2007-08,Yamaha,Sale,3992
2008-07-01,2008-09,Yamaha,Prod,3000
2008-07-01,2008-09,Yamaha,Sale,3463
2008-08-01,2008-09,Yamaha,Prod,2034
2008-08-01,2008-09,Yamaha,Sale,2448
2008-09-01,2008-09,Yamaha,Prod,2429
2008-09-01,2008-09,Yamaha,Sale,2386
2008-10-01,2008-09,Yamaha,Prod,2760
2008-10-01,2008-09,Yamaha,Sale,2762
2008-11-01,2008-09,Yamaha,Prod,1301
2008-11-01,2008-09,Yamaha,Sale,1545
2008-12-01,2008-09,Yamaha,Prod,6042
2008-12-01,2008-09,Yamaha,Sale,5835
2009-01-01,2008-09,Yamaha,Prod,6462
2009-01-01,2008-09,Yamaha,Sale,6044
2009-02-01,2008-09,Yamaha,Prod,6388
2009-02-01,2008-09,Yamaha,Sale,6246
2009-03-01,2008-09,Yamaha,Prod,6650
2009-03-01,2008-09,Yamaha,Sale,6620
2009-04-01,2008-09,Yamaha,Prod,9022
2009-04-01,2008-09,Yamaha,Sale,9041
2009-05-01,2008-09,Yamaha,Prod,10100
2009-05-01,2008-09,Yamaha,Sale,10033
2009-06-01,2008-09,Yamaha,Prod,10002
2009-06-01,2008-09,Yamaha,Sale,10061
2009-07-01,2009-10,Yamaha,Prod,11005
2009-07-01,2009-10,Yamaha,Sale,10606
2009-08-01,2009-10,Yamaha,Prod,9000
2009-08-01,2009-10,Yamaha,Sale,9515
2009-09-01,2009-10,Yamaha,Prod,9030
2009-09-01,2009-10,Yamaha,Sale,8367
2009-10-01,2009-10,Yamaha,Prod,12012
2009-10-01,2009-10,Yamaha,Sale,11758
2009-11-01,2009-10,Yamaha,Prod,10029
2009-11-01,2009-10,Yamaha,Sale,10080
2009-12-01,2009-10,Yamaha,Prod,10100
2009-12-01,2009-10,Yamaha,Sale,10549
2010-01-01,2009-10,Yamaha,Prod,11115
2010-01-01,2009-10,Yamaha,Sale,10294
2010-02-01,2009-10,Yamaha,Prod,9371
2010-02-01,2009-10,Yamaha,Sale,10053
2010-03-01,2009-10,Yamaha,Prod,11546
2010-03-01,2009-10,Yamaha,Sale,11400
2010-04-01,2009-10,Yamaha,Prod,8052
2010-04-01,2009-10,Yamaha,Sale,9176
2010-05-01,2009-10,Yamaha,Prod,12028
2010-05-01,2009-10,Yamaha,Sale,10868
2010-06-01,2009-10,Yamaha,Prod,7500
2010-06-01,2009-10,Yamaha,Sale,8287
2010-07-01,2010-11,Yamaha,Prod,12030
2010-07-01,2010-11,Yamaha,Sale,10659
2010-08-01,2010-11,Yamaha,Prod,8237
2010-08-01,2010-11,Yamaha,Sale,9588
2010-09-01,2010-11,Yamaha,Prod,8051
2010-09-01,2010-11,Yamaha,Sale,8380
2010-10-01,2010-11,Yamaha,Prod,10000
2010-10-01,2010-11,Yamaha,Sale,9020
2010-11-01,2010-11,Yamaha,Prod,7127
2010-11-01,2010-11,Yamaha,Sale,7670
2010-12-01,2010-11,Yamaha,Prod,10922
2010-12-01,2010-11,Yamaha,Sale,10589
2011-01-01,2010-11,Yamaha,Prod,9500
2011-01-01,2010-11,Yamaha,Sale,10018
2011-02-01,2010-11,Yamaha,Prod,8050
2011-02-01,2010-11,Yamaha,Sale,8002
2011-03-01,2010-11,Yamaha,Prod,11025
2011-03-01,2010-11,Yamaha,Sale,10897
2011-04-01,2010-11,Yamaha,Prod,10010
2011-04-01,2010-11,Yamaha,Sale,10084
2011-05-01,2010-11,Yamaha,Prod,10000
2011-05-01,2010-11,Yamaha,Sale,9345
2011-06-01,2010-11,Yamaha,Prod,9893
2011-06-01,2010-11,Yamaha,Sale,9651
2011-07-01,2011-12,Yamaha,Prod,7876
2011-07-01,2011-12,Yamaha,Sale,9101
2011-08-01,2011-12,Yamaha,Prod,7560
2011-08-01,2011-12,Yamaha,Sale,7484
2011-09-01,2011-12,Yamaha,Prod,9590
2011-09-01,2011-12,Yamaha,Sale,8819
2011-10-01,2011-12,Yamaha,Prod,6867
2011-10-01,2011-12,Yamaha,Sale,7489
2011-11-01,2011-12,Yamaha,Prod,7383
2011-11-01,2011-12,Yamaha,Sale,7716
2011-12-01,2011-12,Yamaha,Prod,7643
2011-12-01,2011-12,Yamaha,Sale,7190
2012-01-01,2011-12,Yamaha,Prod,6148
2012-01-01,2011-12,Yamaha,Sale,6646
2012-02-01,2011-12,Yamaha,Prod,6431
2012-02-01,2011-12,Yamaha,Sale,6254
2012-03-01,2011-12,Yamaha,Prod,7051
2012-03-01,2011-12,Yamaha,Sale,6576
2012-04-01,2011-12,Yamaha,Prod,6319
2012-04-01,2011-12,Yamaha,Sale,5976
2012-05-01,2011-12,Yamaha,Prod,7025
2012-05-01,2011-12,Yamaha,Sale,6654
2012-06-01,2011-12,Yamaha,Prod,6020
2012-06-01,2011-12,Yamaha,Sale,6095
2007-07-01,2007-08,     CYCLES:,Sale,48164
2007-08-01,2007-08,     CYCLES:,Sale,48549
2007-09-01,2007-08,     CYCLES:,Sale,50900
2007-10-01,2007-08,     CYCLES:,Sale,51664
2007-11-01,2007-08,     CYCLES:,Sale,56185
2007-12-01,2007-08,     CYCLES:,Sale,47429
2008-01-01,2007-08,     CYCLES:,Sale,56556
2008-02-01,2007-08,     CYCLES:,Sale,56782
2008-03-01,2007-08,     CYCLES:,Sale,58062
2008-04-01,2007-08,     CYCLES:,Sale,58014
2008-05-01,2007-08,     CYCLES:,Sale,61769
2008-06-01,2007-08,     CYCLES:,Sale,49243
2008-07-01,2008-09,     CYCLES:,Sale,46105
2008-08-01,2008-09,     CYCLES:,Sale,41357
2008-09-01,2008-09,     CYCLES:,Sale,38958
2008-10-01,2008-09,     CYCLES:,Sale,42623
2008-11-01,2008-09,     CYCLES:,Sale,38387
2008-12-01,2008-09,     CYCLES:,Sale,32748
2009-01-01,2008-09,     CYCLES:,Sale,36562
2009-02-01,2008-09,     CYCLES:,Sale,35129
2009-03-01,2008-09,     CYCLES:,Sale,36275
2009-04-01,2008-09,     CYCLES:,Sale,45740
2009-05-01,2008-09,     CYCLES:,Sale,49891
2009-06-01,2008-09,     CYCLES:,Sale,50120
